frameId,frameName,owner,text,property,actual,referenceOptions,status,browser,design
x4dva,1A. Brand light · Start,session 06,What should the agent work on?,line-height,27.5px,29px,candidate difference: exact text match; inspect per-node context before changing,/home/agent/projects/cezar/.ai/cezar/worktrees/9ae05dcc-cc09-405c-9934-ab364076aa21/.ai/design-reference/iteration-3/runtime-verified/pairs/x4dva-browser.png,/home/agent/projects/cezar/.ai/cezar/worktrees/9ae05dcc-cc09-405c-9934-ab364076aa21/.ai/design-reference/iteration-3/design/x4dva.png
x4dva,1A. Brand light · Start,session 06,Template,font-weight,500,400,candidate difference: exact text match; inspect per-node context before changing,/home/agent/projects/cezar/.ai/cezar/worktrees/9ae05dcc-cc09-405c-9934-ab364076aa21/.ai/design-reference/iteration-3/runtime-verified/pairs/x4dva-browser.png,/home/agent/projects/cezar/.ai/cezar/worktrees/9ae05dcc-cc09-405c-9934-ab364076aa21/.ai/design-reference/iteration-3/design/x4dva.png
x4dva,1A. Brand light · Start,session 06,Skill,font-size,11.5px,12px,candidate difference: exact text match; inspect per-node context before changing,/home/agent/projects/cezar/.ai/cezar/worktrees/9ae05dcc-cc09-405c-9934-ab364076aa21/.ai/design-reference/iteration-3/runtime-verified/pairs/x4dva-browser.png,/home/agent/projects/cezar/.ai/cezar/worktrees/9ae05dcc-cc09-405c-9934-ab364076aa21/.ai/design-reference/iteration-3/design/x4dva.png
x4dva,1A. Brand light · Start,session 06,Start,font-size,12px,13px,candidate difference: exact text match; inspect per-node context before changing,/home/agent/projects/cezar/.ai/cezar/worktrees/9ae05dcc-cc09-405c-9934-ab364076aa21/.ai/design-reference/iteration-3/runtime-verified/pairs/x4dva-browser.png,/home/agent/projects/cezar/.ai/cezar/worktrees/9ae05dcc-cc09-405c-9934-ab364076aa21/.ai/design-reference/iteration-3/design/x4dva.png
x4dva,1A. Brand light · Start,session 06,Plan first,font-size,12px,13px,candidate difference: exact text match; inspect per-node context before changing,/home/agent/projects/cezar/.ai/cezar/worktrees/9ae05dcc-cc09-405c-9934-ab364076aa21/.ai/design-reference/iteration-3/runtime-verified/pairs/x4dva-browser.png,/home/agent/projects/cezar/.ai/cezar/worktrees/9ae05dcc-cc09-405c-9934-ab364076aa21/.ai/design-reference/iteration-3/design/x4dva.png
x4dva,1A. Brand light · Start,session 06,Start task,font-size,16px,14px,candidate difference: exact text match; inspect per-node context before changing,/home/agent/projects/cezar/.ai/cezar/worktrees/9ae05dcc-cc09-405c-9934-ab364076aa21/.ai/design-reference/iteration-3/runtime-verified/pairs/x4dva-browser.png,/home/agent/projects/cezar/.ai/cezar/worktrees/9ae05dcc-cc09-405c-9934-ab364076aa21/.ai/design-reference/iteration-3/design/x4dva.png
yhesD,1B. Brand dark · Start,session 06,What should the agent work on?,line-height,27.5px,29px,candidate difference: exact text match; inspect per-node context before changing,/home/agent/projects/cezar/.ai/cezar/worktrees/9ae05dcc-cc09-405c-9934-ab364076aa21/.ai/design-reference/iteration-3/runtime-verified/pairs/yhesD-browser.png,/home/agent/projects/cezar/.ai/cezar/worktrees/9ae05dcc-cc09-405c-9934-ab364076aa21/.ai/design-reference/iteration-3/design/yhesD.png
yhesD,1B. Brand dark · Start,session 06,Template,font-weight,500,400,candidate difference: exact text match; inspect per-node context before changing,/home/agent/projects/cezar/.ai/cezar/worktrees/9ae05dcc-cc09-405c-9934-ab364076aa21/.ai/design-reference/iteration-3/runtime-verified/pairs/yhesD-browser.png,/home/agent/projects/cezar/.ai/cezar/worktrees/9ae05dcc-cc09-405c-9934-ab364076aa21/.ai/design-reference/iteration-3/design/yhesD.png
yhesD,1B. Brand dark · Start,session 06,Skill,font-size,11.5px,12px,candidate difference: exact text match; inspect per-node context before changing,/home/agent/projects/cezar/.ai/cezar/worktrees/9ae05dcc-cc09-405c-9934-ab364076aa21/.ai/design-reference/iteration-3/runtime-verified/pairs/yhesD-browser.png,/home/agent/projects/cezar/.ai/cezar/worktrees/9ae05dcc-cc09-405c-9934-ab364076aa21/.ai/design-reference/iteration-3/design/yhesD.png
yhesD,1B. Brand dark · Start,session 06,Start,font-size,12px,13px,candidate difference: exact text match; inspect per-node context before changing,/home/agent/projects/cezar/.ai/cezar/worktrees/9ae05dcc-cc09-405c-9934-ab364076aa21/.ai/design-reference/iteration-3/runtime-verified/pairs/yhesD-browser.png,/home/agent/projects/cezar/.ai/cezar/worktrees/9ae05dcc-cc09-405c-9934-ab364076aa21/.ai/design-reference/iteration-3/design/yhesD.png
yhesD,1B. Brand dark · Start,session 06,Plan first,font-size,12px,13px,candidate difference: exact text match; inspect per-node context before changing,/home/agent/projects/cezar/.ai/cezar/worktrees/9ae05dcc-cc09-405c-9934-ab364076aa21/.ai/design-reference/iteration-3/runtime-verified/pairs/yhesD-browser.png,/home/agent/projects/cezar/.ai/cezar/worktrees/9ae05dcc-cc09-405c-9934-ab364076aa21/.ai/design-reference/iteration-3/design/yhesD.png
yhesD,1B. Brand dark · Start,session 06,Start task,font-size,16px,14px,candidate difference: exact text match; inspect per-node context before changing,/home/agent/projects/cezar/.ai/cezar/worktrees/9ae05dcc-cc09-405c-9934-ab364076aa21/.ai/design-reference/iteration-3/runtime-verified/pairs/yhesD-browser.png,/home/agent/projects/cezar/.ai/cezar/worktrees/9ae05dcc-cc09-405c-9934-ab364076aa21/.ai/design-reference/iteration-3/design/yhesD.png
mZMB8,1C. Desktop light · Start,session 06,New task,font-size,11px,13px,candidate difference: exact text match; inspect per-node context before changing,/home/agent/projects/cezar/.ai/cezar/worktrees/9ae05dcc-cc09-405c-9934-ab364076aa21/.ai/design-reference/iteration-3/runtime-verified/pairs/mZMB8-browser.png,/home/agent/projects/cezar/.ai/cezar/worktrees/9ae05dcc-cc09-405c-9934-ab364076aa21/.ai/design-reference/iteration-3/design/mZMB8.png
mZMB8,1C. Desktop light · Start,session 06,New task,font-weight,600,400|500,candidate difference: exact text match; inspect per-node context before changing,/home/agent/projects/cezar/.ai/cezar/worktrees/9ae05dcc-cc09-405c-9934-ab364076aa21/.ai/design-reference/iteration-3/runtime-verified/pairs/mZMB8-browser.png,/home/agent/projects/cezar/.ai/cezar/worktrees/9ae05dcc-cc09-405c-9934-ab364076aa21/.ai/design-reference/iteration-3/design/mZMB8.png
mZMB8,1C. Desktop light · Start,session 06,What should the agent work on?,font-size,28px,30px,candidate difference: exact text match; inspect per-node context before changing,/home/agent/projects/cezar/.ai/cezar/worktrees/9ae05dcc-cc09-405c-9934-ab364076aa21/.ai/design-reference/iteration-3/runtime-verified/pairs/mZMB8-browser.png,/home/agent/projects/cezar/.ai/cezar/worktrees/9ae05dcc-cc09-405c-9934-ab364076aa21/.ai/design-reference/iteration-3/design/mZMB8.png
mZMB8,1C. Desktop light · Start,session 06,Template,font-weight,500,400,candidate difference: exact text match; inspect per-node context before changing,/home/agent/projects/cezar/.ai/cezar/worktrees/9ae05dcc-cc09-405c-9934-ab364076aa21/.ai/design-reference/iteration-3/runtime-verified/pairs/mZMB8-browser.png,/home/agent/projects/cezar/.ai/cezar/worktrees/9ae05dcc-cc09-405c-9934-ab364076aa21/.ai/design-reference/iteration-3/design/mZMB8.png
mZMB8,1C. Desktop light · Start,session 06,Skill,font-size,11.5px,12px,candidate difference: exact text match; inspect per-node context before changing,/home/agent/projects/cezar/.ai/cezar/worktrees/9ae05dcc-cc09-405c-9934-ab364076aa21/.ai/design-reference/iteration-3/runtime-verified/pairs/mZMB8-browser.png,/home/agent/projects/cezar/.ai/cezar/worktrees/9ae05dcc-cc09-405c-9934-ab364076aa21/.ai/design-reference/iteration-3/design/mZMB8.png
mZMB8,1C. Desktop light · Start,session 06,Control where and how this task runs.,line-height,16.5px,18px,candidate difference: exact text match; inspect per-node context before changing,/home/agent/projects/cezar/.ai/cezar/worktrees/9ae05dcc-cc09-405c-9934-ab364076aa21/.ai/design-reference/iteration-3/runtime-verified/pairs/mZMB8-browser.png,/home/agent/projects/cezar/.ai/cezar/worktrees/9ae05dcc-cc09-405c-9934-ab364076aa21/.ai/design-reference/iteration-3/design/mZMB8.png
mZMB8,1C. Desktop light · Start,session 06,"Changes stay in their own worktree, separate from your working directory.",line-height,20px,19px,candidate difference: exact text match; inspect per-node context before changing,/home/agent/projects/cezar/.ai/cezar/worktrees/9ae05dcc-cc09-405c-9934-ab364076aa21/.ai/design-reference/iteration-3/runtime-verified/pairs/mZMB8-browser.png,/home/agent/projects/cezar/.ai/cezar/worktrees/9ae05dcc-cc09-405c-9934-ab364076aa21/.ai/design-reference/iteration-3/design/mZMB8.png
mZMB8,1C. Desktop light · Start,session 06,Start,font-size,12px,13px,candidate difference: exact text match; inspect per-node context before changing,/home/agent/projects/cezar/.ai/cezar/worktrees/9ae05dcc-cc09-405c-9934-ab364076aa21/.ai/design-reference/iteration-3/runtime-verified/pairs/mZMB8-browser.png,/home/agent/projects/cezar/.ai/cezar/worktrees/9ae05dcc-cc09-405c-9934-ab364076aa21/.ai/design-reference/iteration-3/design/mZMB8.png
mZMB8,1C. Desktop light · Start,session 06,Plan first,font-size,12px,13px,candidate difference: exact text match; inspect per-node context before changing,/home/agent/projects/cezar/.ai/cezar/worktrees/9ae05dcc-cc09-405c-9934-ab364076aa21/.ai/design-reference/iteration-3/runtime-verified/pairs/mZMB8-browser.png,/home/agent/projects/cezar/.ai/cezar/worktrees/9ae05dcc-cc09-405c-9934-ab364076aa21/.ai/design-reference/iteration-3/design/mZMB8.png
mZMB8,1C. Desktop light · Start,session 06,Start task,font-size,16px,14px,candidate difference: exact text match; inspect per-node context before changing,/home/agent/projects/cezar/.ai/cezar/worktrees/9ae05dcc-cc09-405c-9934-ab364076aa21/.ai/design-reference/iteration-3/runtime-verified/pairs/mZMB8-browser.png,/home/agent/projects/cezar/.ai/cezar/worktrees/9ae05dcc-cc09-405c-9934-ab364076aa21/.ai/design-reference/iteration-3/design/mZMB8.png
Pusy6,1D. Desktop dark · Start,session 06,New task,font-size,11px,13px,candidate difference: exact text match; inspect per-node context before changing,/home/agent/projects/cezar/.ai/cezar/worktrees/9ae05dcc-cc09-405c-9934-ab364076aa21/.ai/design-reference/iteration-3/runtime-verified/pairs/Pusy6-browser.png,/home/agent/projects/cezar/.ai/cezar/worktrees/9ae05dcc-cc09-405c-9934-ab364076aa21/.ai/design-reference/iteration-3/design/Pusy6.png
Pusy6,1D. Desktop dark · Start,session 06,New task,font-weight,600,400|500,candidate difference: exact text match; inspect per-node context before changing,/home/agent/projects/cezar/.ai/cezar/worktrees/9ae05dcc-cc09-405c-9934-ab364076aa21/.ai/design-reference/iteration-3/runtime-verified/pairs/Pusy6-browser.png,/home/agent/projects/cezar/.ai/cezar/worktrees/9ae05dcc-cc09-405c-9934-ab364076aa21/.ai/design-reference/iteration-3/design/Pusy6.png
Pusy6,1D. Desktop dark · Start,session 06,What should the agent work on?,font-size,28px,30px,candidate difference: exact text match; inspect per-node context before changing,/home/agent/projects/cezar/.ai/cezar/worktrees/9ae05dcc-cc09-405c-9934-ab364076aa21/.ai/design-reference/iteration-3/runtime-verified/pairs/Pusy6-browser.png,/home/agent/projects/cezar/.ai/cezar/worktrees/9ae05dcc-cc09-405c-9934-ab364076aa21/.ai/design-reference/iteration-3/design/Pusy6.png
Pusy6,1D. Desktop dark · Start,session 06,Template,font-weight,500,400,candidate difference: exact text match; inspect per-node context before changing,/home/agent/projects/cezar/.ai/cezar/worktrees/9ae05dcc-cc09-405c-9934-ab364076aa21/.ai/design-reference/iteration-3/runtime-verified/pairs/Pusy6-browser.png,/home/agent/projects/cezar/.ai/cezar/worktrees/9ae05dcc-cc09-405c-9934-ab364076aa21/.ai/design-reference/iteration-3/design/Pusy6.png
Pusy6,1D. Desktop dark · Start,session 06,Skill,font-size,11.5px,12px,candidate difference: exact text match; inspect per-node context before changing,/home/agent/projects/cezar/.ai/cezar/worktrees/9ae05dcc-cc09-405c-9934-ab364076aa21/.ai/design-reference/iteration-3/runtime-verified/pairs/Pusy6-browser.png,/home/agent/projects/cezar/.ai/cezar/worktrees/9ae05dcc-cc09-405c-9934-ab364076aa21/.ai/design-reference/iteration-3/design/Pusy6.png
Pusy6,1D. Desktop dark · Start,session 06,Control where and how this task runs.,line-height,16.5px,18px,candidate difference: exact text match; inspect per-node context before changing,/home/agent/projects/cezar/.ai/cezar/worktrees/9ae05dcc-cc09-405c-9934-ab364076aa21/.ai/design-reference/iteration-3/runtime-verified/pairs/Pusy6-browser.png,/home/agent/projects/cezar/.ai/cezar/worktrees/9ae05dcc-cc09-405c-9934-ab364076aa21/.ai/design-reference/iteration-3/design/Pusy6.png
Pusy6,1D. Desktop dark · Start,session 06,"Changes stay in their own worktree, separate from your working directory.",line-height,20px,19px,candidate difference: exact text match; inspect per-node context before changing,/home/agent/projects/cezar/.ai/cezar/worktrees/9ae05dcc-cc09-405c-9934-ab364076aa21/.ai/design-reference/iteration-3/runtime-verified/pairs/Pusy6-browser.png,/home/agent/projects/cezar/.ai/cezar/worktrees/9ae05dcc-cc09-405c-9934-ab364076aa21/.ai/design-reference/iteration-3/design/Pusy6.png
Pusy6,1D. Desktop dark · Start,session 06,Start,font-size,12px,13px,candidate difference: exact text match; inspect per-node context before changing,/home/agent/projects/cezar/.ai/cezar/worktrees/9ae05dcc-cc09-405c-9934-ab364076aa21/.ai/design-reference/iteration-3/runtime-verified/pairs/Pusy6-browser.png,/home/agent/projects/cezar/.ai/cezar/worktrees/9ae05dcc-cc09-405c-9934-ab364076aa21/.ai/design-reference/iteration-3/design/Pusy6.png
Pusy6,1D. Desktop dark · Start,session 06,Plan first,font-size,12px,13px,candidate difference: exact text match; inspect per-node context before changing,/home/agent/projects/cezar/.ai/cezar/worktrees/9ae05dcc-cc09-405c-9934-ab364076aa21/.ai/design-reference/iteration-3/runtime-verified/pairs/Pusy6-browser.png,/home/agent/projects/cezar/.ai/cezar/worktrees/9ae05dcc-cc09-405c-9934-ab364076aa21/.ai/design-reference/iteration-3/design/Pusy6.png
Pusy6,1D. Desktop dark · Start,session 06,Start task,font-size,16px,14px,candidate difference: exact text match; inspect per-node context before changing,/home/agent/projects/cezar/.ai/cezar/worktrees/9ae05dcc-cc09-405c-9934-ab364076aa21/.ai/design-reference/iteration-3/runtime-verified/pairs/Pusy6-browser.png,/home/agent/projects/cezar/.ai/cezar/worktrees/9ae05dcc-cc09-405c-9934-ab364076aa21/.ai/design-reference/iteration-3/design/Pusy6.png
cgGWE,2A. Task session · Desktop light,session 06,Audit done. No code changes.,font-size,17.25px,20px,candidate difference: exact text match; inspect per-node context before changing,/home/agent/projects/cezar/.ai/cezar/worktrees/9ae05dcc-cc09-405c-9934-ab364076aa21/.ai/design-reference/iteration-3/runtime-verified/pairs/cgGWE-browser.png,/home/agent/projects/cezar/.ai/cezar/worktrees/9ae05dcc-cc09-405c-9934-ab364076aa21/.ai/design-reference/iteration-3/design/cgGWE.png
cgGWE,2A. Task session · Desktop light,session 06,Continue,font-size,16px,14px,candidate difference: exact text match; inspect per-node context before changing,/home/agent/projects/cezar/.ai/cezar/worktrees/9ae05dcc-cc09-405c-9934-ab364076aa21/.ai/design-reference/iteration-3/runtime-verified/pairs/cgGWE-browser.png,/home/agent/projects/cezar/.ai/cezar/worktrees/9ae05dcc-cc09-405c-9934-ab364076aa21/.ai/design-reference/iteration-3/design/cgGWE.png
igwKt,2B. Task session · Desktop dark,session 06,Audit done. No code changes.,font-size,17.25px,20px,candidate difference: exact text match; inspect per-node context before changing,/home/agent/projects/cezar/.ai/cezar/worktrees/9ae05dcc-cc09-405c-9934-ab364076aa21/.ai/design-reference/iteration-3/runtime-verified/pairs/igwKt-browser.png,/home/agent/projects/cezar/.ai/cezar/worktrees/9ae05dcc-cc09-405c-9934-ab364076aa21/.ai/design-reference/iteration-3/design/igwKt.png
igwKt,2B. Task session · Desktop dark,session 06,Continue,font-size,16px,14px,candidate difference: exact text match; inspect per-node context before changing,/home/agent/projects/cezar/.ai/cezar/worktrees/9ae05dcc-cc09-405c-9934-ab364076aa21/.ai/design-reference/iteration-3/runtime-verified/pairs/igwKt-browser.png,/home/agent/projects/cezar/.ai/cezar/worktrees/9ae05dcc-cc09-405c-9934-ab364076aa21/.ai/design-reference/iteration-3/design/igwKt.png
gVXYn,2C. Task session · Mobile light,session 06,Audit done. No code changes.,font-size,17.25px,18px,candidate difference: exact text match; inspect per-node context before changing,/home/agent/projects/cezar/.ai/cezar/worktrees/9ae05dcc-cc09-405c-9934-ab364076aa21/.ai/design-reference/iteration-3/runtime-verified/pairs/gVXYn-browser.png,/home/agent/projects/cezar/.ai/cezar/worktrees/9ae05dcc-cc09-405c-9934-ab364076aa21/.ai/design-reference/iteration-3/design/gVXYn.png
gVXYn,2C. Task session · Mobile light,session 06,Audit done. No code changes.,line-height,23px,25px,candidate difference: exact text match; inspect per-node context before changing,/home/agent/projects/cezar/.ai/cezar/worktrees/9ae05dcc-cc09-405c-9934-ab364076aa21/.ai/design-reference/iteration-3/runtime-verified/pairs/gVXYn-browser.png,/home/agent/projects/cezar/.ai/cezar/worktrees/9ae05dcc-cc09-405c-9934-ab364076aa21/.ai/design-reference/iteration-3/design/gVXYn.png
gVXYn,2C. Task session · Mobile light,session 06,Continue,font-size,16px,14px,candidate difference: exact text match; inspect per-node context before changing,/home/agent/projects/cezar/.ai/cezar/worktrees/9ae05dcc-cc09-405c-9934-ab364076aa21/.ai/design-reference/iteration-3/runtime-verified/pairs/gVXYn-browser.png,/home/agent/projects/cezar/.ai/cezar/worktrees/9ae05dcc-cc09-405c-9934-ab364076aa21/.ai/design-reference/iteration-3/design/gVXYn.png
nu4S5,2D. Task session · Mobile dark,session 06,Audit done. No code changes.,font-size,17.25px,18px,candidate difference: exact text match; inspect per-node context before changing,/home/agent/projects/cezar/.ai/cezar/worktrees/9ae05dcc-cc09-405c-9934-ab364076aa21/.ai/design-reference/iteration-3/runtime-verified/pairs/nu4S5-browser.png,/home/agent/projects/cezar/.ai/cezar/worktrees/9ae05dcc-cc09-405c-9934-ab364076aa21/.ai/design-reference/iteration-3/design/nu4S5.png
nu4S5,2D. Task session · Mobile dark,session 06,Audit done. No code changes.,line-height,23px,25px,candidate difference: exact text match; inspect per-node context before changing,/home/agent/projects/cezar/.ai/cezar/worktrees/9ae05dcc-cc09-405c-9934-ab364076aa21/.ai/design-reference/iteration-3/runtime-verified/pairs/nu4S5-browser.png,/home/agent/projects/cezar/.ai/cezar/worktrees/9ae05dcc-cc09-405c-9934-ab364076aa21/.ai/design-reference/iteration-3/design/nu4S5.png
nu4S5,2D. Task session · Mobile dark,session 06,Continue,font-size,16px,14px,candidate difference: exact text match; inspect per-node context before changing,/home/agent/projects/cezar/.ai/cezar/worktrees/9ae05dcc-cc09-405c-9934-ab364076aa21/.ai/design-reference/iteration-3/runtime-verified/pairs/nu4S5-browser.png,/home/agent/projects/cezar/.ai/cezar/worktrees/9ae05dcc-cc09-405c-9934-ab364076aa21/.ai/design-reference/iteration-3/design/nu4S5.png
HcGEf,4A. Project tasks · Desktop light,tasks 445,Project tasks,font-size,28px,13px|30px,candidate difference: exact text match; inspect per-node context before changing,/home/agent/projects/cezar/.ai/cezar/worktrees/9ae05dcc-cc09-405c-9934-ab364076aa21/.ai/design-reference/iteration-3/runtime-verified/pairs/HcGEf-browser.png,/home/agent/projects/cezar/.ai/cezar/worktrees/9ae05dcc-cc09-405c-9934-ab364076aa21/.ai/design-reference/iteration-3/design/HcGEf.png
HcGEf,4A. Project tasks · Desktop light,tasks 445,Archive finished,font-size,12.5px,12px,candidate difference: exact text match; inspect per-node context before changing,/home/agent/projects/cezar/.ai/cezar/worktrees/9ae05dcc-cc09-405c-9934-ab364076aa21/.ai/design-reference/iteration-3/runtime-verified/pairs/HcGEf-browser.png,/home/agent/projects/cezar/.ai/cezar/worktrees/9ae05dcc-cc09-405c-9934-ab364076aa21/.ai/design-reference/iteration-3/design/HcGEf.png
HcGEf,4A. Project tasks · Desktop light,tasks 445,Archive finished,font-weight,600,500,candidate difference: exact text match; inspect per-node context before changing,/home/agent/projects/cezar/.ai/cezar/worktrees/9ae05dcc-cc09-405c-9934-ab364076aa21/.ai/design-reference/iteration-3/runtime-verified/pairs/HcGEf-browser.png,/home/agent/projects/cezar/.ai/cezar/worktrees/9ae05dcc-cc09-405c-9934-ab364076aa21/.ai/design-reference/iteration-3/design/HcGEf.png
rstLr,4C. Project tasks · Mobile light,tasks 445,Project tasks,font-size,24px,25px,candidate difference: exact text match; inspect per-node context before changing,/home/agent/projects/cezar/.ai/cezar/worktrees/9ae05dcc-cc09-405c-9934-ab364076aa21/.ai/design-reference/iteration-3/runtime-verified/pairs/rstLr-browser.png,/home/agent/projects/cezar/.ai/cezar/worktrees/9ae05dcc-cc09-405c-9934-ab364076aa21/.ai/design-reference/iteration-3/design/rstLr.png
rstLr,4C. Project tasks · Mobile light,tasks 445,Project tasks,line-height,36px,30px,candidate difference: exact text match; inspect per-node context before changing,/home/agent/projects/cezar/.ai/cezar/worktrees/9ae05dcc-cc09-405c-9934-ab364076aa21/.ai/design-reference/iteration-3/runtime-verified/pairs/rstLr-browser.png,/home/agent/projects/cezar/.ai/cezar/worktrees/9ae05dcc-cc09-405c-9934-ab364076aa21/.ai/design-reference/iteration-3/design/rstLr.png
rstLr,4C. Project tasks · Mobile light,tasks 445,Archive finished,font-size,12.5px,12px,candidate difference: exact text match; inspect per-node context before changing,/home/agent/projects/cezar/.ai/cezar/worktrees/9ae05dcc-cc09-405c-9934-ab364076aa21/.ai/design-reference/iteration-3/runtime-verified/pairs/rstLr-browser.png,/home/agent/projects/cezar/.ai/cezar/worktrees/9ae05dcc-cc09-405c-9934-ab364076aa21/.ai/design-reference/iteration-3/design/rstLr.png
rstLr,4C. Project tasks · Mobile light,tasks 445,Archive finished,font-weight,600,500,candidate difference: exact text match; inspect per-node context before changing,/home/agent/projects/cezar/.ai/cezar/worktrees/9ae05dcc-cc09-405c-9934-ab364076aa21/.ai/design-reference/iteration-3/runtime-verified/pairs/rstLr-browser.png,/home/agent/projects/cezar/.ai/cezar/worktrees/9ae05dcc-cc09-405c-9934-ab364076aa21/.ai/design-reference/iteration-3/design/rstLr.png
FsD5O,4B. Project tasks · Desktop dark,tasks 445,Project tasks,font-size,28px,13px|30px,candidate difference: exact text match; inspect per-node context before changing,/home/agent/projects/cezar/.ai/cezar/worktrees/9ae05dcc-cc09-405c-9934-ab364076aa21/.ai/design-reference/iteration-3/runtime-verified/pairs/FsD5O-browser.png,/home/agent/projects/cezar/.ai/cezar/worktrees/9ae05dcc-cc09-405c-9934-ab364076aa21/.ai/design-reference/iteration-3/design/FsD5O.png
FsD5O,4B. Project tasks · Desktop dark,tasks 445,Archive finished,font-size,12.5px,12px,candidate difference: exact text match; inspect per-node context before changing,/home/agent/projects/cezar/.ai/cezar/worktrees/9ae05dcc-cc09-405c-9934-ab364076aa21/.ai/design-reference/iteration-3/runtime-verified/pairs/FsD5O-browser.png,/home/agent/projects/cezar/.ai/cezar/worktrees/9ae05dcc-cc09-405c-9934-ab364076aa21/.ai/design-reference/iteration-3/design/FsD5O.png
FsD5O,4B. Project tasks · Desktop dark,tasks 445,Archive finished,font-weight,600,500,candidate difference: exact text match; inspect per-node context before changing,/home/agent/projects/cezar/.ai/cezar/worktrees/9ae05dcc-cc09-405c-9934-ab364076aa21/.ai/design-reference/iteration-3/runtime-verified/pairs/FsD5O-browser.png,/home/agent/projects/cezar/.ai/cezar/worktrees/9ae05dcc-cc09-405c-9934-ab364076aa21/.ai/design-reference/iteration-3/design/FsD5O.png
x3GLa,4D. Project tasks · Mobile dark,tasks 445,Project tasks,font-size,24px,25px,candidate difference: exact text match; inspect per-node context before changing,/home/agent/projects/cezar/.ai/cezar/worktrees/9ae05dcc-cc09-405c-9934-ab364076aa21/.ai/design-reference/iteration-3/runtime-verified/pairs/x3GLa-browser.png,/home/agent/projects/cezar/.ai/cezar/worktrees/9ae05dcc-cc09-405c-9934-ab364076aa21/.ai/design-reference/iteration-3/design/x3GLa.png
x3GLa,4D. Project tasks · Mobile dark,tasks 445,Project tasks,line-height,36px,30px,candidate difference: exact text match; inspect per-node context before changing,/home/agent/projects/cezar/.ai/cezar/worktrees/9ae05dcc-cc09-405c-9934-ab364076aa21/.ai/design-reference/iteration-3/runtime-verified/pairs/x3GLa-browser.png,/home/agent/projects/cezar/.ai/cezar/worktrees/9ae05dcc-cc09-405c-9934-ab364076aa21/.ai/design-reference/iteration-3/design/x3GLa.png
x3GLa,4D. Project tasks · Mobile dark,tasks 445,Archive finished,font-size,12.5px,12px,candidate difference: exact text match; inspect per-node context before changing,/home/agent/projects/cezar/.ai/cezar/worktrees/9ae05dcc-cc09-405c-9934-ab364076aa21/.ai/design-reference/iteration-3/runtime-verified/pairs/x3GLa-browser.png,/home/agent/projects/cezar/.ai/cezar/worktrees/9ae05dcc-cc09-405c-9934-ab364076aa21/.ai/design-reference/iteration-3/design/x3GLa.png
x3GLa,4D. Project tasks · Mobile dark,tasks 445,Archive finished,font-weight,600,500,candidate difference: exact text match; inspect per-node context before changing,/home/agent/projects/cezar/.ai/cezar/worktrees/9ae05dcc-cc09-405c-9934-ab364076aa21/.ai/design-reference/iteration-3/runtime-verified/pairs/x3GLa-browser.png,/home/agent/projects/cezar/.ai/cezar/worktrees/9ae05dcc-cc09-405c-9934-ab364076aa21/.ai/design-reference/iteration-3/design/x3GLa.png
c1EQa,5A. All tasks · Desktop light,tasks 445,All tasks,font-size,28px,13px|30px,candidate difference: exact text match; inspect per-node context before changing,/home/agent/projects/cezar/.ai/cezar/worktrees/9ae05dcc-cc09-405c-9934-ab364076aa21/.ai/design-reference/iteration-3/runtime-verified/pairs/c1EQa-browser.png,/home/agent/projects/cezar/.ai/cezar/worktrees/9ae05dcc-cc09-405c-9934-ab364076aa21/.ai/design-reference/iteration-3/design/c1EQa.png
dVuKR,5C. All tasks · Mobile light,tasks 445,All tasks,font-size,24px,25px,candidate difference: exact text match; inspect per-node context before changing,/home/agent/projects/cezar/.ai/cezar/worktrees/9ae05dcc-cc09-405c-9934-ab364076aa21/.ai/design-reference/iteration-3/runtime-verified/pairs/dVuKR-browser.png,/home/agent/projects/cezar/.ai/cezar/worktrees/9ae05dcc-cc09-405c-9934-ab364076aa21/.ai/design-reference/iteration-3/design/dVuKR.png
dVuKR,5C. All tasks · Mobile light,tasks 445,All tasks,line-height,36px,30px,candidate difference: exact text match; inspect per-node context before changing,/home/agent/projects/cezar/.ai/cezar/worktrees/9ae05dcc-cc09-405c-9934-ab364076aa21/.ai/design-reference/iteration-3/runtime-verified/pairs/dVuKR-browser.png,/home/agent/projects/cezar/.ai/cezar/worktrees/9ae05dcc-cc09-405c-9934-ab364076aa21/.ai/design-reference/iteration-3/design/dVuKR.png
T5Xpa,5B. All tasks · Desktop dark,tasks 445,All tasks,font-size,28px,13px|30px,candidate difference: exact text match; inspect per-node context before changing,/home/agent/projects/cezar/.ai/cezar/worktrees/9ae05dcc-cc09-405c-9934-ab364076aa21/.ai/design-reference/iteration-3/runtime-verified/pairs/T5Xpa-browser.png,/home/agent/projects/cezar/.ai/cezar/worktrees/9ae05dcc-cc09-405c-9934-ab364076aa21/.ai/design-reference/iteration-3/design/T5Xpa.png
tQmNd,5D. All tasks · Mobile dark,tasks 445,All tasks,font-size,24px,25px,candidate difference: exact text match; inspect per-node context before changing,/home/agent/projects/cezar/.ai/cezar/worktrees/9ae05dcc-cc09-405c-9934-ab364076aa21/.ai/design-reference/iteration-3/runtime-verified/pairs/tQmNd-browser.png,/home/agent/projects/cezar/.ai/cezar/worktrees/9ae05dcc-cc09-405c-9934-ab364076aa21/.ai/design-reference/iteration-3/design/tQmNd.png
tQmNd,5D. All tasks · Mobile dark,tasks 445,All tasks,line-height,36px,30px,candidate difference: exact text match; inspect per-node context before changing,/home/agent/projects/cezar/.ai/cezar/worktrees/9ae05dcc-cc09-405c-9934-ab364076aa21/.ai/design-reference/iteration-3/runtime-verified/pairs/tQmNd-browser.png,/home/agent/projects/cezar/.ai/cezar/worktrees/9ae05dcc-cc09-405c-9934-ab364076aa21/.ai/design-reference/iteration-3/design/tQmNd.png
rUusA,6A. Git · Changes · Desktop light,git 565,Pull,font-size,13px,12px,candidate difference: exact text match; inspect per-node context before changing,/home/agent/projects/cezar/.ai/cezar/worktrees/9ae05dcc-cc09-405c-9934-ab364076aa21/.ai/design-reference/iteration-3/runtime-verified/pairs/rUusA-browser.png,/home/agent/projects/cezar/.ai/cezar/worktrees/9ae05dcc-cc09-405c-9934-ab364076aa21/.ai/design-reference/iteration-3/design/rUusA.png
rUusA,6A. Git · Changes · Desktop light,git 565,Pull,font-weight,600,500,candidate difference: exact text match; inspect per-node context before changing,/home/agent/projects/cezar/.ai/cezar/worktrees/9ae05dcc-cc09-405c-9934-ab364076aa21/.ai/design-reference/iteration-3/runtime-verified/pairs/rUusA-browser.png,/home/agent/projects/cezar/.ai/cezar/worktrees/9ae05dcc-cc09-405c-9934-ab364076aa21/.ai/design-reference/iteration-3/design/rUusA.png
p8bEI,6C. Git · Changes · Mobile light,git 565,Git · Changes,font-size,24px,25px,candidate difference: exact text match; inspect per-node context before changing,/home/agent/projects/cezar/.ai/cezar/worktrees/9ae05dcc-cc09-405c-9934-ab364076aa21/.ai/design-reference/iteration-3/runtime-verified/pairs/p8bEI-browser.png,/home/agent/projects/cezar/.ai/cezar/worktrees/9ae05dcc-cc09-405c-9934-ab364076aa21/.ai/design-reference/iteration-3/design/p8bEI.png
p8bEI,6C. Git · Changes · Mobile light,git 565,Git · Changes,line-height,32px,30px,candidate difference: exact text match; inspect per-node context before changing,/home/agent/projects/cezar/.ai/cezar/worktrees/9ae05dcc-cc09-405c-9934-ab364076aa21/.ai/design-reference/iteration-3/runtime-verified/pairs/p8bEI-browser.png,/home/agent/projects/cezar/.ai/cezar/worktrees/9ae05dcc-cc09-405c-9934-ab364076aa21/.ai/design-reference/iteration-3/design/p8bEI.png
p8bEI,6C. Git · Changes · Mobile light,git 565,Pull,font-size,13px,12px,candidate difference: exact text match; inspect per-node context before changing,/home/agent/projects/cezar/.ai/cezar/worktrees/9ae05dcc-cc09-405c-9934-ab364076aa21/.ai/design-reference/iteration-3/runtime-verified/pairs/p8bEI-browser.png,/home/agent/projects/cezar/.ai/cezar/worktrees/9ae05dcc-cc09-405c-9934-ab364076aa21/.ai/design-reference/iteration-3/design/p8bEI.png
p8bEI,6C. Git · Changes · Mobile light,git 565,Pull,font-weight,600,500,candidate difference: exact text match; inspect per-node context before changing,/home/agent/projects/cezar/.ai/cezar/worktrees/9ae05dcc-cc09-405c-9934-ab364076aa21/.ai/design-reference/iteration-3/runtime-verified/pairs/p8bEI-browser.png,/home/agent/projects/cezar/.ai/cezar/worktrees/9ae05dcc-cc09-405c-9934-ab364076aa21/.ai/design-reference/iteration-3/design/p8bEI.png
qxKBh,6B. Git · Changes · Desktop dark,git 565,Pull,font-size,13px,12px,candidate difference: exact text match; inspect per-node context before changing,/home/agent/projects/cezar/.ai/cezar/worktrees/9ae05dcc-cc09-405c-9934-ab364076aa21/.ai/design-reference/iteration-3/runtime-verified/pairs/qxKBh-browser.png,/home/agent/projects/cezar/.ai/cezar/worktrees/9ae05dcc-cc09-405c-9934-ab364076aa21/.ai/design-reference/iteration-3/design/qxKBh.png
qxKBh,6B. Git · Changes · Desktop dark,git 565,Pull,font-weight,600,500,candidate difference: exact text match; inspect per-node context before changing,/home/agent/projects/cezar/.ai/cezar/worktrees/9ae05dcc-cc09-405c-9934-ab364076aa21/.ai/design-reference/iteration-3/runtime-verified/pairs/qxKBh-browser.png,/home/agent/projects/cezar/.ai/cezar/worktrees/9ae05dcc-cc09-405c-9934-ab364076aa21/.ai/design-reference/iteration-3/design/qxKBh.png
CvQao,6D. Git · Changes · Mobile dark,git 565,Git · Changes,font-size,24px,25px,candidate difference: exact text match; inspect per-node context before changing,/home/agent/projects/cezar/.ai/cezar/worktrees/9ae05dcc-cc09-405c-9934-ab364076aa21/.ai/design-reference/iteration-3/runtime-verified/pairs/CvQao-browser.png,/home/agent/projects/cezar/.ai/cezar/worktrees/9ae05dcc-cc09-405c-9934-ab364076aa21/.ai/design-reference/iteration-3/design/CvQao.png
CvQao,6D. Git · Changes · Mobile dark,git 565,Git · Changes,line-height,32px,30px,candidate difference: exact text match; inspect per-node context before changing,/home/agent/projects/cezar/.ai/cezar/worktrees/9ae05dcc-cc09-405c-9934-ab364076aa21/.ai/design-reference/iteration-3/runtime-verified/pairs/CvQao-browser.png,/home/agent/projects/cezar/.ai/cezar/worktrees/9ae05dcc-cc09-405c-9934-ab364076aa21/.ai/design-reference/iteration-3/design/CvQao.png
CvQao,6D. Git · Changes · Mobile dark,git 565,Pull,font-size,13px,12px,candidate difference: exact text match; inspect per-node context before changing,/home/agent/projects/cezar/.ai/cezar/worktrees/9ae05dcc-cc09-405c-9934-ab364076aa21/.ai/design-reference/iteration-3/runtime-verified/pairs/CvQao-browser.png,/home/agent/projects/cezar/.ai/cezar/worktrees/9ae05dcc-cc09-405c-9934-ab364076aa21/.ai/design-reference/iteration-3/design/CvQao.png
CvQao,6D. Git · Changes · Mobile dark,git 565,Pull,font-weight,600,500,candidate difference: exact text match; inspect per-node context before changing,/home/agent/projects/cezar/.ai/cezar/worktrees/9ae05dcc-cc09-405c-9934-ab364076aa21/.ai/design-reference/iteration-3/runtime-verified/pairs/CvQao-browser.png,/home/agent/projects/cezar/.ai/cezar/worktrees/9ae05dcc-cc09-405c-9934-ab364076aa21/.ai/design-reference/iteration-3/design/CvQao.png
FZ2Hk,7A. Git · Commits · Desktop light,git 565,Pull,font-size,13px,12px,candidate difference: exact text match; inspect per-node context before changing,/home/agent/projects/cezar/.ai/cezar/worktrees/9ae05dcc-cc09-405c-9934-ab364076aa21/.ai/design-reference/iteration-3/runtime-verified/pairs/FZ2Hk-browser.png,/home/agent/projects/cezar/.ai/cezar/worktrees/9ae05dcc-cc09-405c-9934-ab364076aa21/.ai/design-reference/iteration-3/design/FZ2Hk.png
FZ2Hk,7A. Git · Commits · Desktop light,git 565,Pull,font-weight,600,500,candidate difference: exact text match; inspect per-node context before changing,/home/agent/projects/cezar/.ai/cezar/worktrees/9ae05dcc-cc09-405c-9934-ab364076aa21/.ai/design-reference/iteration-3/runtime-verified/pairs/FZ2Hk-browser.png,/home/agent/projects/cezar/.ai/cezar/worktrees/9ae05dcc-cc09-405c-9934-ab364076aa21/.ai/design-reference/iteration-3/design/FZ2Hk.png
LqDjB,7C. Git · Commits · Mobile light,git 565,Git · Commits,font-size,24px,25px,candidate difference: exact text match; inspect per-node context before changing,/home/agent/projects/cezar/.ai/cezar/worktrees/9ae05dcc-cc09-405c-9934-ab364076aa21/.ai/design-reference/iteration-3/runtime-verified/pairs/LqDjB-browser.png,/home/agent/projects/cezar/.ai/cezar/worktrees/9ae05dcc-cc09-405c-9934-ab364076aa21/.ai/design-reference/iteration-3/design/LqDjB.png
LqDjB,7C. Git · Commits · Mobile light,git 565,Git · Commits,line-height,32px,30px,candidate difference: exact text match; inspect per-node context before changing,/home/agent/projects/cezar/.ai/cezar/worktrees/9ae05dcc-cc09-405c-9934-ab364076aa21/.ai/design-reference/iteration-3/runtime-verified/pairs/LqDjB-browser.png,/home/agent/projects/cezar/.ai/cezar/worktrees/9ae05dcc-cc09-405c-9934-ab364076aa21/.ai/design-reference/iteration-3/design/LqDjB.png
LqDjB,7C. Git · Commits · Mobile light,git 565,Pull,font-size,13px,12px,candidate difference: exact text match; inspect per-node context before changing,/home/agent/projects/cezar/.ai/cezar/worktrees/9ae05dcc-cc09-405c-9934-ab364076aa21/.ai/design-reference/iteration-3/runtime-verified/pairs/LqDjB-browser.png,/home/agent/projects/cezar/.ai/cezar/worktrees/9ae05dcc-cc09-405c-9934-ab364076aa21/.ai/design-reference/iteration-3/design/LqDjB.png
LqDjB,7C. Git · Commits · Mobile light,git 565,Pull,font-weight,600,500,candidate difference: exact text match; inspect per-node context before changing,/home/agent/projects/cezar/.ai/cezar/worktrees/9ae05dcc-cc09-405c-9934-ab364076aa21/.ai/design-reference/iteration-3/runtime-verified/pairs/LqDjB-browser.png,/home/agent/projects/cezar/.ai/cezar/worktrees/9ae05dcc-cc09-405c-9934-ab364076aa21/.ai/design-reference/iteration-3/design/LqDjB.png
g2Jzw,7B. Git · Commits · Desktop dark,git 565,Pull,font-size,13px,12px,candidate difference: exact text match; inspect per-node context before changing,/home/agent/projects/cezar/.ai/cezar/worktrees/9ae05dcc-cc09-405c-9934-ab364076aa21/.ai/design-reference/iteration-3/runtime-verified/pairs/g2Jzw-browser.png,/home/agent/projects/cezar/.ai/cezar/worktrees/9ae05dcc-cc09-405c-9934-ab364076aa21/.ai/design-reference/iteration-3/design/g2Jzw.png
g2Jzw,7B. Git · Commits · Desktop dark,git 565,Pull,font-weight,600,500,candidate difference: exact text match; inspect per-node context before changing,/home/agent/projects/cezar/.ai/cezar/worktrees/9ae05dcc-cc09-405c-9934-ab364076aa21/.ai/design-reference/iteration-3/runtime-verified/pairs/g2Jzw-browser.png,/home/agent/projects/cezar/.ai/cezar/worktrees/9ae05dcc-cc09-405c-9934-ab364076aa21/.ai/design-reference/iteration-3/design/g2Jzw.png
D53pMS,7D. Git · Commits · Mobile dark,git 565,Git · Commits,font-size,24px,25px,candidate difference: exact text match; inspect per-node context before changing,/home/agent/projects/cezar/.ai/cezar/worktrees/9ae05dcc-cc09-405c-9934-ab364076aa21/.ai/design-reference/iteration-3/runtime-verified/pairs/D53pMS-browser.png,/home/agent/projects/cezar/.ai/cezar/worktrees/9ae05dcc-cc09-405c-9934-ab364076aa21/.ai/design-reference/iteration-3/design/D53pMS.png
D53pMS,7D. Git · Commits · Mobile dark,git 565,Git · Commits,line-height,32px,30px,candidate difference: exact text match; inspect per-node context before changing,/home/agent/projects/cezar/.ai/cezar/worktrees/9ae05dcc-cc09-405c-9934-ab364076aa21/.ai/design-reference/iteration-3/runtime-verified/pairs/D53pMS-browser.png,/home/agent/projects/cezar/.ai/cezar/worktrees/9ae05dcc-cc09-405c-9934-ab364076aa21/.ai/design-reference/iteration-3/design/D53pMS.png
D53pMS,7D. Git · Commits · Mobile dark,git 565,Pull,font-size,13px,12px,candidate difference: exact text match; inspect per-node context before changing,/home/agent/projects/cezar/.ai/cezar/worktrees/9ae05dcc-cc09-405c-9934-ab364076aa21/.ai/design-reference/iteration-3/runtime-verified/pairs/D53pMS-browser.png,/home/agent/projects/cezar/.ai/cezar/worktrees/9ae05dcc-cc09-405c-9934-ab364076aa21/.ai/design-reference/iteration-3/design/D53pMS.png
D53pMS,7D. Git · Commits · Mobile dark,git 565,Pull,font-weight,600,500,candidate difference: exact text match; inspect per-node context before changing,/home/agent/projects/cezar/.ai/cezar/worktrees/9ae05dcc-cc09-405c-9934-ab364076aa21/.ai/design-reference/iteration-3/runtime-verified/pairs/D53pMS-browser.png,/home/agent/projects/cezar/.ai/cezar/worktrees/9ae05dcc-cc09-405c-9934-ab364076aa21/.ai/design-reference/iteration-3/design/D53pMS.png
bI71R,8A. Git · Branches · Desktop light,git 565,Pull,font-size,13px,12px,candidate difference: exact text match; inspect per-node context before changing,/home/agent/projects/cezar/.ai/cezar/worktrees/9ae05dcc-cc09-405c-9934-ab364076aa21/.ai/design-reference/iteration-3/runtime-verified/pairs/bI71R-browser.png,/home/agent/projects/cezar/.ai/cezar/worktrees/9ae05dcc-cc09-405c-9934-ab364076aa21/.ai/design-reference/iteration-3/design/bI71R.png
bI71R,8A. Git · Branches · Desktop light,git 565,Pull,font-weight,600,500,candidate difference: exact text match; inspect per-node context before changing,/home/agent/projects/cezar/.ai/cezar/worktrees/9ae05dcc-cc09-405c-9934-ab364076aa21/.ai/design-reference/iteration-3/runtime-verified/pairs/bI71R-browser.png,/home/agent/projects/cezar/.ai/cezar/worktrees/9ae05dcc-cc09-405c-9934-ab364076aa21/.ai/design-reference/iteration-3/design/bI71R.png
bI71R,8A. Git · Branches · Desktop light,git 565,Switch,font-size,12.5px,12px,candidate difference: exact text match; inspect per-node context before changing,/home/agent/projects/cezar/.ai/cezar/worktrees/9ae05dcc-cc09-405c-9934-ab364076aa21/.ai/design-reference/iteration-3/runtime-verified/pairs/bI71R-browser.png,/home/agent/projects/cezar/.ai/cezar/worktrees/9ae05dcc-cc09-405c-9934-ab364076aa21/.ai/design-reference/iteration-3/design/bI71R.png
bI71R,8A. Git · Branches · Desktop light,git 565,Switch,font-weight,600,500,candidate difference: exact text match; inspect per-node context before changing,/home/agent/projects/cezar/.ai/cezar/worktrees/9ae05dcc-cc09-405c-9934-ab364076aa21/.ai/design-reference/iteration-3/runtime-verified/pairs/bI71R-browser.png,/home/agent/projects/cezar/.ai/cezar/worktrees/9ae05dcc-cc09-405c-9934-ab364076aa21/.ai/design-reference/iteration-3/design/bI71R.png
bI71R,8A. Git · Branches · Desktop light,git 565,Switch,font-size,12.5px,12px,candidate difference: exact text match; inspect per-node context before changing,/home/agent/projects/cezar/.ai/cezar/worktrees/9ae05dcc-cc09-405c-9934-ab364076aa21/.ai/design-reference/iteration-3/runtime-verified/pairs/bI71R-browser.png,/home/agent/projects/cezar/.ai/cezar/worktrees/9ae05dcc-cc09-405c-9934-ab364076aa21/.ai/design-reference/iteration-3/design/bI71R.png
bI71R,8A. Git · Branches · Desktop light,git 565,Switch,font-weight,600,500,candidate difference: exact text match; inspect per-node context before changing,/home/agent/projects/cezar/.ai/cezar/worktrees/9ae05dcc-cc09-405c-9934-ab364076aa21/.ai/design-reference/iteration-3/runtime-verified/pairs/bI71R-browser.png,/home/agent/projects/cezar/.ai/cezar/worktrees/9ae05dcc-cc09-405c-9934-ab364076aa21/.ai/design-reference/iteration-3/design/bI71R.png
bI71R,8A. Git · Branches · Desktop light,git 565,Create a branch,font-size,14px,16px,candidate difference: exact text match; inspect per-node context before changing,/home/agent/projects/cezar/.ai/cezar/worktrees/9ae05dcc-cc09-405c-9934-ab364076aa21/.ai/design-reference/iteration-3/runtime-verified/pairs/bI71R-browser.png,/home/agent/projects/cezar/.ai/cezar/worktrees/9ae05dcc-cc09-405c-9934-ab364076aa21/.ai/design-reference/iteration-3/design/bI71R.png
bI71R,8A. Git · Branches · Desktop light,git 565,New task worktrees branch from this.,line-height,16.5px,17px,candidate difference: exact text match; inspect per-node context before changing,/home/agent/projects/cezar/.ai/cezar/worktrees/9ae05dcc-cc09-405c-9934-ab364076aa21/.ai/design-reference/iteration-3/runtime-verified/pairs/bI71R-browser.png,/home/agent/projects/cezar/.ai/cezar/worktrees/9ae05dcc-cc09-405c-9934-ab364076aa21/.ai/design-reference/iteration-3/design/bI71R.png
bI71R,8A. Git · Branches · Desktop light,git 565,Switching branches changes your working tree. Review uncommitted changes first.,font-size,12px,11px,candidate difference: exact text match; inspect per-node context before changing,/home/agent/projects/cezar/.ai/cezar/worktrees/9ae05dcc-cc09-405c-9934-ab364076aa21/.ai/design-reference/iteration-3/runtime-verified/pairs/bI71R-browser.png,/home/agent/projects/cezar/.ai/cezar/worktrees/9ae05dcc-cc09-405c-9934-ab364076aa21/.ai/design-reference/iteration-3/design/bI71R.png
bI71R,8A. Git · Branches · Desktop light,git 565,Switching branches changes your working tree. Review uncommitted changes first.,line-height,19.5px,18px,candidate difference: exact text match; inspect per-node context before changing,/home/agent/projects/cezar/.ai/cezar/worktrees/9ae05dcc-cc09-405c-9934-ab364076aa21/.ai/design-reference/iteration-3/runtime-verified/pairs/bI71R-browser.png,/home/agent/projects/cezar/.ai/cezar/worktrees/9ae05dcc-cc09-405c-9934-ab364076aa21/.ai/design-reference/iteration-3/design/bI71R.png
o67XB,8C. Git · Branches · Mobile light,git 565,Git · Branches,font-size,24px,25px,candidate difference: exact text match; inspect per-node context before changing,/home/agent/projects/cezar/.ai/cezar/worktrees/9ae05dcc-cc09-405c-9934-ab364076aa21/.ai/design-reference/iteration-3/runtime-verified/pairs/o67XB-browser.png,/home/agent/projects/cezar/.ai/cezar/worktrees/9ae05dcc-cc09-405c-9934-ab364076aa21/.ai/design-reference/iteration-3/design/o67XB.png
o67XB,8C. Git · Branches · Mobile light,git 565,Git · Branches,line-height,32px,30px,candidate difference: exact text match; inspect per-node context before changing,/home/agent/projects/cezar/.ai/cezar/worktrees/9ae05dcc-cc09-405c-9934-ab364076aa21/.ai/design-reference/iteration-3/runtime-verified/pairs/o67XB-browser.png,/home/agent/projects/cezar/.ai/cezar/worktrees/9ae05dcc-cc09-405c-9934-ab364076aa21/.ai/design-reference/iteration-3/design/o67XB.png
o67XB,8C. Git · Branches · Mobile light,git 565,Pull,font-size,13px,12px,candidate difference: exact text match; inspect per-node context before changing,/home/agent/projects/cezar/.ai/cezar/worktrees/9ae05dcc-cc09-405c-9934-ab364076aa21/.ai/design-reference/iteration-3/runtime-verified/pairs/o67XB-browser.png,/home/agent/projects/cezar/.ai/cezar/worktrees/9ae05dcc-cc09-405c-9934-ab364076aa21/.ai/design-reference/iteration-3/design/o67XB.png
o67XB,8C. Git · Branches · Mobile light,git 565,Pull,font-weight,600,500,candidate difference: exact text match; inspect per-node context before changing,/home/agent/projects/cezar/.ai/cezar/worktrees/9ae05dcc-cc09-405c-9934-ab364076aa21/.ai/design-reference/iteration-3/runtime-verified/pairs/o67XB-browser.png,/home/agent/projects/cezar/.ai/cezar/worktrees/9ae05dcc-cc09-405c-9934-ab364076aa21/.ai/design-reference/iteration-3/design/o67XB.png
o67XB,8C. Git · Branches · Mobile light,git 565,Branches,font-size,12px,11px,candidate difference: exact text match; inspect per-node context before changing,/home/agent/projects/cezar/.ai/cezar/worktrees/9ae05dcc-cc09-405c-9934-ab364076aa21/.ai/design-reference/iteration-3/runtime-verified/pairs/o67XB-browser.png,/home/agent/projects/cezar/.ai/cezar/worktrees/9ae05dcc-cc09-405c-9934-ab364076aa21/.ai/design-reference/iteration-3/design/o67XB.png
o67XB,8C. Git · Branches · Mobile light,git 565,Switch,font-size,12.5px,12px,candidate difference: exact text match; inspect per-node context before changing,/home/agent/projects/cezar/.ai/cezar/worktrees/9ae05dcc-cc09-405c-9934-ab364076aa21/.ai/design-reference/iteration-3/runtime-verified/pairs/o67XB-browser.png,/home/agent/projects/cezar/.ai/cezar/worktrees/9ae05dcc-cc09-405c-9934-ab364076aa21/.ai/design-reference/iteration-3/design/o67XB.png
o67XB,8C. Git · Branches · Mobile light,git 565,Switch,font-weight,600,500,candidate difference: exact text match; inspect per-node context before changing,/home/agent/projects/cezar/.ai/cezar/worktrees/9ae05dcc-cc09-405c-9934-ab364076aa21/.ai/design-reference/iteration-3/runtime-verified/pairs/o67XB-browser.png,/home/agent/projects/cezar/.ai/cezar/worktrees/9ae05dcc-cc09-405c-9934-ab364076aa21/.ai/design-reference/iteration-3/design/o67XB.png
o67XB,8C. Git · Branches · Mobile light,git 565,Switch,font-size,12.5px,12px,candidate difference: exact text match; inspect per-node context before changing,/home/agent/projects/cezar/.ai/cezar/worktrees/9ae05dcc-cc09-405c-9934-ab364076aa21/.ai/design-reference/iteration-3/runtime-verified/pairs/o67XB-browser.png,/home/agent/projects/cezar/.ai/cezar/worktrees/9ae05dcc-cc09-405c-9934-ab364076aa21/.ai/design-reference/iteration-3/design/o67XB.png
o67XB,8C. Git · Branches · Mobile light,git 565,Switch,font-weight,600,500,candidate difference: exact text match; inspect per-node context before changing,/home/agent/projects/cezar/.ai/cezar/worktrees/9ae05dcc-cc09-405c-9934-ab364076aa21/.ai/design-reference/iteration-3/runtime-verified/pairs/o67XB-browser.png,/home/agent/projects/cezar/.ai/cezar/worktrees/9ae05dcc-cc09-405c-9934-ab364076aa21/.ai/design-reference/iteration-3/design/o67XB.png
o67XB,8C. Git · Branches · Mobile light,git 565,Create a branch,font-size,14px,16px,candidate difference: exact text match; inspect per-node context before changing,/home/agent/projects/cezar/.ai/cezar/worktrees/9ae05dcc-cc09-405c-9934-ab364076aa21/.ai/design-reference/iteration-3/runtime-verified/pairs/o67XB-browser.png,/home/agent/projects/cezar/.ai/cezar/worktrees/9ae05dcc-cc09-405c-9934-ab364076aa21/.ai/design-reference/iteration-3/design/o67XB.png
o67XB,8C. Git · Branches · Mobile light,git 565,New task worktrees branch from this.,line-height,16.5px,17px,candidate difference: exact text match; inspect per-node context before changing,/home/agent/projects/cezar/.ai/cezar/worktrees/9ae05dcc-cc09-405c-9934-ab364076aa21/.ai/design-reference/iteration-3/runtime-verified/pairs/o67XB-browser.png,/home/agent/projects/cezar/.ai/cezar/worktrees/9ae05dcc-cc09-405c-9934-ab364076aa21/.ai/design-reference/iteration-3/design/o67XB.png
o67XB,8C. Git · Branches · Mobile light,git 565,Switching branches changes your working tree. Review uncommitted changes first.,font-size,12px,11px,candidate difference: exact text match; inspect per-node context before changing,/home/agent/projects/cezar/.ai/cezar/worktrees/9ae05dcc-cc09-405c-9934-ab364076aa21/.ai/design-reference/iteration-3/runtime-verified/pairs/o67XB-browser.png,/home/agent/projects/cezar/.ai/cezar/worktrees/9ae05dcc-cc09-405c-9934-ab364076aa21/.ai/design-reference/iteration-3/design/o67XB.png
o67XB,8C. Git · Branches · Mobile light,git 565,Switching branches changes your working tree. Review uncommitted changes first.,line-height,19.5px,18px,candidate difference: exact text match; inspect per-node context before changing,/home/agent/projects/cezar/.ai/cezar/worktrees/9ae05dcc-cc09-405c-9934-ab364076aa21/.ai/design-reference/iteration-3/runtime-verified/pairs/o67XB-browser.png,/home/agent/projects/cezar/.ai/cezar/worktrees/9ae05dcc-cc09-405c-9934-ab364076aa21/.ai/design-reference/iteration-3/design/o67XB.png
JYHsj,8B. Git · Branches · Desktop dark,git 565,Pull,font-size,13px,12px,candidate difference: exact text match; inspect per-node context before changing,/home/agent/projects/cezar/.ai/cezar/worktrees/9ae05dcc-cc09-405c-9934-ab364076aa21/.ai/design-reference/iteration-3/runtime-verified/pairs/JYHsj-browser.png,/home/agent/projects/cezar/.ai/cezar/worktrees/9ae05dcc-cc09-405c-9934-ab364076aa21/.ai/design-reference/iteration-3/design/JYHsj.png
JYHsj,8B. Git · Branches · Desktop dark,git 565,Pull,font-weight,600,500,candidate difference: exact text match; inspect per-node context before changing,/home/agent/projects/cezar/.ai/cezar/worktrees/9ae05dcc-cc09-405c-9934-ab364076aa21/.ai/design-reference/iteration-3/runtime-verified/pairs/JYHsj-browser.png,/home/agent/projects/cezar/.ai/cezar/worktrees/9ae05dcc-cc09-405c-9934-ab364076aa21/.ai/design-reference/iteration-3/design/JYHsj.png
JYHsj,8B. Git · Branches · Desktop dark,git 565,Switch,font-size,12.5px,12px,candidate difference: exact text match; inspect per-node context before changing,/home/agent/projects/cezar/.ai/cezar/worktrees/9ae05dcc-cc09-405c-9934-ab364076aa21/.ai/design-reference/iteration-3/runtime-verified/pairs/JYHsj-browser.png,/home/agent/projects/cezar/.ai/cezar/worktrees/9ae05dcc-cc09-405c-9934-ab364076aa21/.ai/design-reference/iteration-3/design/JYHsj.png
JYHsj,8B. Git · Branches · Desktop dark,git 565,Switch,font-weight,600,500,candidate difference: exact text match; inspect per-node context before changing,/home/agent/projects/cezar/.ai/cezar/worktrees/9ae05dcc-cc09-405c-9934-ab364076aa21/.ai/design-reference/iteration-3/runtime-verified/pairs/JYHsj-browser.png,/home/agent/projects/cezar/.ai/cezar/worktrees/9ae05dcc-cc09-405c-9934-ab364076aa21/.ai/design-reference/iteration-3/design/JYHsj.png
JYHsj,8B. Git · Branches · Desktop dark,git 565,Switch,font-size,12.5px,12px,candidate difference: exact text match; inspect per-node context before changing,/home/agent/projects/cezar/.ai/cezar/worktrees/9ae05dcc-cc09-405c-9934-ab364076aa21/.ai/design-reference/iteration-3/runtime-verified/pairs/JYHsj-browser.png,/home/agent/projects/cezar/.ai/cezar/worktrees/9ae05dcc-cc09-405c-9934-ab364076aa21/.ai/design-reference/iteration-3/design/JYHsj.png
JYHsj,8B. Git · Branches · Desktop dark,git 565,Switch,font-weight,600,500,candidate difference: exact text match; inspect per-node context before changing,/home/agent/projects/cezar/.ai/cezar/worktrees/9ae05dcc-cc09-405c-9934-ab364076aa21/.ai/design-reference/iteration-3/runtime-verified/pairs/JYHsj-browser.png,/home/agent/projects/cezar/.ai/cezar/worktrees/9ae05dcc-cc09-405c-9934-ab364076aa21/.ai/design-reference/iteration-3/design/JYHsj.png
JYHsj,8B. Git · Branches · Desktop dark,git 565,Create a branch,font-size,14px,16px,candidate difference: exact text match; inspect per-node context before changing,/home/agent/projects/cezar/.ai/cezar/worktrees/9ae05dcc-cc09-405c-9934-ab364076aa21/.ai/design-reference/iteration-3/runtime-verified/pairs/JYHsj-browser.png,/home/agent/projects/cezar/.ai/cezar/worktrees/9ae05dcc-cc09-405c-9934-ab364076aa21/.ai/design-reference/iteration-3/design/JYHsj.png
JYHsj,8B. Git · Branches · Desktop dark,git 565,New task worktrees branch from this.,line-height,16.5px,17px,candidate difference: exact text match; inspect per-node context before changing,/home/agent/projects/cezar/.ai/cezar/worktrees/9ae05dcc-cc09-405c-9934-ab364076aa21/.ai/design-reference/iteration-3/runtime-verified/pairs/JYHsj-browser.png,/home/agent/projects/cezar/.ai/cezar/worktrees/9ae05dcc-cc09-405c-9934-ab364076aa21/.ai/design-reference/iteration-3/design/JYHsj.png
JYHsj,8B. Git · Branches · Desktop dark,git 565,Switching branches changes your working tree. Review uncommitted changes first.,font-size,12px,11px,candidate difference: exact text match; inspect per-node context before changing,/home/agent/projects/cezar/.ai/cezar/worktrees/9ae05dcc-cc09-405c-9934-ab364076aa21/.ai/design-reference/iteration-3/runtime-verified/pairs/JYHsj-browser.png,/home/agent/projects/cezar/.ai/cezar/worktrees/9ae05dcc-cc09-405c-9934-ab364076aa21/.ai/design-reference/iteration-3/design/JYHsj.png
JYHsj,8B. Git · Branches · Desktop dark,git 565,Switching branches changes your working tree. Review uncommitted changes first.,line-height,19.5px,18px,candidate difference: exact text match; inspect per-node context before changing,/home/agent/projects/cezar/.ai/cezar/worktrees/9ae05dcc-cc09-405c-9934-ab364076aa21/.ai/design-reference/iteration-3/runtime-verified/pairs/JYHsj-browser.png,/home/agent/projects/cezar/.ai/cezar/worktrees/9ae05dcc-cc09-405c-9934-ab364076aa21/.ai/design-reference/iteration-3/design/JYHsj.png
ZmozS,8D. Git · Branches · Mobile dark,git 565,Git · Branches,font-size,24px,25px,candidate difference: exact text match; inspect per-node context before changing,/home/agent/projects/cezar/.ai/cezar/worktrees/9ae05dcc-cc09-405c-9934-ab364076aa21/.ai/design-reference/iteration-3/runtime-verified/pairs/ZmozS-browser.png,/home/agent/projects/cezar/.ai/cezar/worktrees/9ae05dcc-cc09-405c-9934-ab364076aa21/.ai/design-reference/iteration-3/design/ZmozS.png
ZmozS,8D. Git · Branches · Mobile dark,git 565,Git · Branches,line-height,32px,30px,candidate difference: exact text match; inspect per-node context before changing,/home/agent/projects/cezar/.ai/cezar/worktrees/9ae05dcc-cc09-405c-9934-ab364076aa21/.ai/design-reference/iteration-3/runtime-verified/pairs/ZmozS-browser.png,/home/agent/projects/cezar/.ai/cezar/worktrees/9ae05dcc-cc09-405c-9934-ab364076aa21/.ai/design-reference/iteration-3/design/ZmozS.png
ZmozS,8D. Git · Branches · Mobile dark,git 565,Pull,font-size,13px,12px,candidate difference: exact text match; inspect per-node context before changing,/home/agent/projects/cezar/.ai/cezar/worktrees/9ae05dcc-cc09-405c-9934-ab364076aa21/.ai/design-reference/iteration-3/runtime-verified/pairs/ZmozS-browser.png,/home/agent/projects/cezar/.ai/cezar/worktrees/9ae05dcc-cc09-405c-9934-ab364076aa21/.ai/design-reference/iteration-3/design/ZmozS.png
ZmozS,8D. Git · Branches · Mobile dark,git 565,Pull,font-weight,600,500,candidate difference: exact text match; inspect per-node context before changing,/home/agent/projects/cezar/.ai/cezar/worktrees/9ae05dcc-cc09-405c-9934-ab364076aa21/.ai/design-reference/iteration-3/runtime-verified/pairs/ZmozS-browser.png,/home/agent/projects/cezar/.ai/cezar/worktrees/9ae05dcc-cc09-405c-9934-ab364076aa21/.ai/design-reference/iteration-3/design/ZmozS.png
ZmozS,8D. Git · Branches · Mobile dark,git 565,Branches,font-size,12px,11px,candidate difference: exact text match; inspect per-node context before changing,/home/agent/projects/cezar/.ai/cezar/worktrees/9ae05dcc-cc09-405c-9934-ab364076aa21/.ai/design-reference/iteration-3/runtime-verified/pairs/ZmozS-browser.png,/home/agent/projects/cezar/.ai/cezar/worktrees/9ae05dcc-cc09-405c-9934-ab364076aa21/.ai/design-reference/iteration-3/design/ZmozS.png
ZmozS,8D. Git · Branches · Mobile dark,git 565,Switch,font-size,12.5px,12px,candidate difference: exact text match; inspect per-node context before changing,/home/agent/projects/cezar/.ai/cezar/worktrees/9ae05dcc-cc09-405c-9934-ab364076aa21/.ai/design-reference/iteration-3/runtime-verified/pairs/ZmozS-browser.png,/home/agent/projects/cezar/.ai/cezar/worktrees/9ae05dcc-cc09-405c-9934-ab364076aa21/.ai/design-reference/iteration-3/design/ZmozS.png
ZmozS,8D. Git · Branches · Mobile dark,git 565,Switch,font-weight,600,500,candidate difference: exact text match; inspect per-node context before changing,/home/agent/projects/cezar/.ai/cezar/worktrees/9ae05dcc-cc09-405c-9934-ab364076aa21/.ai/design-reference/iteration-3/runtime-verified/pairs/ZmozS-browser.png,/home/agent/projects/cezar/.ai/cezar/worktrees/9ae05dcc-cc09-405c-9934-ab364076aa21/.ai/design-reference/iteration-3/design/ZmozS.png
ZmozS,8D. Git · Branches · Mobile dark,git 565,Switch,font-size,12.5px,12px,candidate difference: exact text match; inspect per-node context before changing,/home/agent/projects/cezar/.ai/cezar/worktrees/9ae05dcc-cc09-405c-9934-ab364076aa21/.ai/design-reference/iteration-3/runtime-verified/pairs/ZmozS-browser.png,/home/agent/projects/cezar/.ai/cezar/worktrees/9ae05dcc-cc09-405c-9934-ab364076aa21/.ai/design-reference/iteration-3/design/ZmozS.png
ZmozS,8D. Git · Branches · Mobile dark,git 565,Switch,font-weight,600,500,candidate difference: exact text match; inspect per-node context before changing,/home/agent/projects/cezar/.ai/cezar/worktrees/9ae05dcc-cc09-405c-9934-ab364076aa21/.ai/design-reference/iteration-3/runtime-verified/pairs/ZmozS-browser.png,/home/agent/projects/cezar/.ai/cezar/worktrees/9ae05dcc-cc09-405c-9934-ab364076aa21/.ai/design-reference/iteration-3/design/ZmozS.png
ZmozS,8D. Git · Branches · Mobile dark,git 565,Create a branch,font-size,14px,16px,candidate difference: exact text match; inspect per-node context before changing,/home/agent/projects/cezar/.ai/cezar/worktrees/9ae05dcc-cc09-405c-9934-ab364076aa21/.ai/design-reference/iteration-3/runtime-verified/pairs/ZmozS-browser.png,/home/agent/projects/cezar/.ai/cezar/worktrees/9ae05dcc-cc09-405c-9934-ab364076aa21/.ai/design-reference/iteration-3/design/ZmozS.png
ZmozS,8D. Git · Branches · Mobile dark,git 565,New task worktrees branch from this.,line-height,16.5px,17px,candidate difference: exact text match; inspect per-node context before changing,/home/agent/projects/cezar/.ai/cezar/worktrees/9ae05dcc-cc09-405c-9934-ab364076aa21/.ai/design-reference/iteration-3/runtime-verified/pairs/ZmozS-browser.png,/home/agent/projects/cezar/.ai/cezar/worktrees/9ae05dcc-cc09-405c-9934-ab364076aa21/.ai/design-reference/iteration-3/design/ZmozS.png
ZmozS,8D. Git · Branches · Mobile dark,git 565,Switching branches changes your working tree. Review uncommitted changes first.,font-size,12px,11px,candidate difference: exact text match; inspect per-node context before changing,/home/agent/projects/cezar/.ai/cezar/worktrees/9ae05dcc-cc09-405c-9934-ab364076aa21/.ai/design-reference/iteration-3/runtime-verified/pairs/ZmozS-browser.png,/home/agent/projects/cezar/.ai/cezar/worktrees/9ae05dcc-cc09-405c-9934-ab364076aa21/.ai/design-reference/iteration-3/design/ZmozS.png
ZmozS,8D. Git · Branches · Mobile dark,git 565,Switching branches changes your working tree. Review uncommitted changes first.,line-height,19.5px,18px,candidate difference: exact text match; inspect per-node context before changing,/home/agent/projects/cezar/.ai/cezar/worktrees/9ae05dcc-cc09-405c-9934-ab364076aa21/.ai/design-reference/iteration-3/runtime-verified/pairs/ZmozS-browser.png,/home/agent/projects/cezar/.ai/cezar/worktrees/9ae05dcc-cc09-405c-9934-ab364076aa21/.ai/design-reference/iteration-3/design/ZmozS.png
tVifC,9A. GitHub · Desktop light,git 565,GitHub,font-size,28px,11px|13px|30px,candidate difference: exact text match; inspect per-node context before changing,/home/agent/projects/cezar/.ai/cezar/worktrees/9ae05dcc-cc09-405c-9934-ab364076aa21/.ai/design-reference/iteration-3/runtime-verified/pairs/tVifC-browser.png,/home/agent/projects/cezar/.ai/cezar/worktrees/9ae05dcc-cc09-405c-9934-ab364076aa21/.ai/design-reference/iteration-3/design/tVifC.png
tVifC,9A. GitHub · Desktop light,git 565,Assignees,font-size,14px,12px,candidate difference: exact text match; inspect per-node context before changing,/home/agent/projects/cezar/.ai/cezar/worktrees/9ae05dcc-cc09-405c-9934-ab364076aa21/.ai/design-reference/iteration-3/runtime-verified/pairs/tVifC-browser.png,/home/agent/projects/cezar/.ai/cezar/worktrees/9ae05dcc-cc09-405c-9934-ab364076aa21/.ai/design-reference/iteration-3/design/tVifC.png
tVifC,9A. GitHub · Desktop light,git 565,Assignees,font-weight,400,500,candidate difference: exact text match; inspect per-node context before changing,/home/agent/projects/cezar/.ai/cezar/worktrees/9ae05dcc-cc09-405c-9934-ab364076aa21/.ai/design-reference/iteration-3/runtime-verified/pairs/tVifC-browser.png,/home/agent/projects/cezar/.ai/cezar/worktrees/9ae05dcc-cc09-405c-9934-ab364076aa21/.ai/design-reference/iteration-3/design/tVifC.png
zu66o,9C. GitHub · Mobile light,git 565,GitHub,font-size,28px,25px,candidate difference: exact text match; inspect per-node context before changing,/home/agent/projects/cezar/.ai/cezar/worktrees/9ae05dcc-cc09-405c-9934-ab364076aa21/.ai/design-reference/iteration-3/runtime-verified/pairs/zu66o-browser.png,/home/agent/projects/cezar/.ai/cezar/worktrees/9ae05dcc-cc09-405c-9934-ab364076aa21/.ai/design-reference/iteration-3/design/zu66o.png
zu66o,9C. GitHub · Mobile light,git 565,GitHub,line-height,42px,30px,candidate difference: exact text match; inspect per-node context before changing,/home/agent/projects/cezar/.ai/cezar/worktrees/9ae05dcc-cc09-405c-9934-ab364076aa21/.ai/design-reference/iteration-3/runtime-verified/pairs/zu66o-browser.png,/home/agent/projects/cezar/.ai/cezar/worktrees/9ae05dcc-cc09-405c-9934-ab364076aa21/.ai/design-reference/iteration-3/design/zu66o.png
zu66o,9C. GitHub · Mobile light,git 565,Assignees,font-size,14px,12px,candidate difference: exact text match; inspect per-node context before changing,/home/agent/projects/cezar/.ai/cezar/worktrees/9ae05dcc-cc09-405c-9934-ab364076aa21/.ai/design-reference/iteration-3/runtime-verified/pairs/zu66o-browser.png,/home/agent/projects/cezar/.ai/cezar/worktrees/9ae05dcc-cc09-405c-9934-ab364076aa21/.ai/design-reference/iteration-3/design/zu66o.png
zu66o,9C. GitHub · Mobile light,git 565,Assignees,font-weight,400,500,candidate difference: exact text match; inspect per-node context before changing,/home/agent/projects/cezar/.ai/cezar/worktrees/9ae05dcc-cc09-405c-9934-ab364076aa21/.ai/design-reference/iteration-3/runtime-verified/pairs/zu66o-browser.png,/home/agent/projects/cezar/.ai/cezar/worktrees/9ae05dcc-cc09-405c-9934-ab364076aa21/.ai/design-reference/iteration-3/design/zu66o.png
AKO2L,9B. GitHub · Desktop dark,git 565,GitHub,font-size,28px,11px|13px|30px,candidate difference: exact text match; inspect per-node context before changing,/home/agent/projects/cezar/.ai/cezar/worktrees/9ae05dcc-cc09-405c-9934-ab364076aa21/.ai/design-reference/iteration-3/runtime-verified/pairs/AKO2L-browser.png,/home/agent/projects/cezar/.ai/cezar/worktrees/9ae05dcc-cc09-405c-9934-ab364076aa21/.ai/design-reference/iteration-3/design/AKO2L.png
AKO2L,9B. GitHub · Desktop dark,git 565,Assignees,font-size,14px,12px,candidate difference: exact text match; inspect per-node context before changing,/home/agent/projects/cezar/.ai/cezar/worktrees/9ae05dcc-cc09-405c-9934-ab364076aa21/.ai/design-reference/iteration-3/runtime-verified/pairs/AKO2L-browser.png,/home/agent/projects/cezar/.ai/cezar/worktrees/9ae05dcc-cc09-405c-9934-ab364076aa21/.ai/design-reference/iteration-3/design/AKO2L.png
AKO2L,9B. GitHub · Desktop dark,git 565,Assignees,font-weight,400,500,candidate difference: exact text match; inspect per-node context before changing,/home/agent/projects/cezar/.ai/cezar/worktrees/9ae05dcc-cc09-405c-9934-ab364076aa21/.ai/design-reference/iteration-3/runtime-verified/pairs/AKO2L-browser.png,/home/agent/projects/cezar/.ai/cezar/worktrees/9ae05dcc-cc09-405c-9934-ab364076aa21/.ai/design-reference/iteration-3/design/AKO2L.png
eOnqx,9D. GitHub · Mobile dark,git 565,GitHub,font-size,28px,25px,candidate difference: exact text match; inspect per-node context before changing,/home/agent/projects/cezar/.ai/cezar/worktrees/9ae05dcc-cc09-405c-9934-ab364076aa21/.ai/design-reference/iteration-3/runtime-verified/pairs/eOnqx-browser.png,/home/agent/projects/cezar/.ai/cezar/worktrees/9ae05dcc-cc09-405c-9934-ab364076aa21/.ai/design-reference/iteration-3/design/eOnqx.png
eOnqx,9D. GitHub · Mobile dark,git 565,GitHub,line-height,42px,30px,candidate difference: exact text match; inspect per-node context before changing,/home/agent/projects/cezar/.ai/cezar/worktrees/9ae05dcc-cc09-405c-9934-ab364076aa21/.ai/design-reference/iteration-3/runtime-verified/pairs/eOnqx-browser.png,/home/agent/projects/cezar/.ai/cezar/worktrees/9ae05dcc-cc09-405c-9934-ab364076aa21/.ai/design-reference/iteration-3/design/eOnqx.png
eOnqx,9D. GitHub · Mobile dark,git 565,Assignees,font-size,14px,12px,candidate difference: exact text match; inspect per-node context before changing,/home/agent/projects/cezar/.ai/cezar/worktrees/9ae05dcc-cc09-405c-9934-ab364076aa21/.ai/design-reference/iteration-3/runtime-verified/pairs/eOnqx-browser.png,/home/agent/projects/cezar/.ai/cezar/worktrees/9ae05dcc-cc09-405c-9934-ab364076aa21/.ai/design-reference/iteration-3/design/eOnqx.png
eOnqx,9D. GitHub · Mobile dark,git 565,Assignees,font-weight,400,500,candidate difference: exact text match; inspect per-node context before changing,/home/agent/projects/cezar/.ai/cezar/worktrees/9ae05dcc-cc09-405c-9934-ab364076aa21/.ai/design-reference/iteration-3/runtime-verified/pairs/eOnqx-browser.png,/home/agent/projects/cezar/.ai/cezar/worktrees/9ae05dcc-cc09-405c-9934-ab364076aa21/.ai/design-reference/iteration-3/design/eOnqx.png
EKi57,10A. Skills · Desktop light,settings ba089,Markdown playbooks your agents can follow.,line-height,19.5px,21px,candidate difference: exact text match; inspect per-node context before changing,/home/agent/projects/cezar/.ai/cezar/worktrees/9ae05dcc-cc09-405c-9934-ab364076aa21/.ai/design-reference/iteration-3/runtime-verified/pairs/EKi57-browser.png,/home/agent/projects/cezar/.ai/cezar/worktrees/9ae05dcc-cc09-405c-9934-ab364076aa21/.ai/design-reference/iteration-3/design/EKi57.png
kmHeY,10C. Skills · Mobile light,settings ba089,Skills,font-size,30px,25px,candidate difference: exact text match; inspect per-node context before changing,/home/agent/projects/cezar/.ai/cezar/worktrees/9ae05dcc-cc09-405c-9934-ab364076aa21/.ai/design-reference/iteration-3/runtime-verified/pairs/kmHeY-browser.png,/home/agent/projects/cezar/.ai/cezar/worktrees/9ae05dcc-cc09-405c-9934-ab364076aa21/.ai/design-reference/iteration-3/design/kmHeY.png
kmHeY,10C. Skills · Mobile light,settings ba089,Skills,line-height,45px,30px,candidate difference: exact text match; inspect per-node context before changing,/home/agent/projects/cezar/.ai/cezar/worktrees/9ae05dcc-cc09-405c-9934-ab364076aa21/.ai/design-reference/iteration-3/runtime-verified/pairs/kmHeY-browser.png,/home/agent/projects/cezar/.ai/cezar/worktrees/9ae05dcc-cc09-405c-9934-ab364076aa21/.ai/design-reference/iteration-3/design/kmHeY.png
kmHeY,10C. Skills · Mobile light,settings ba089,Markdown playbooks your agents can follow.,font-size,13px,12px,candidate difference: exact text match; inspect per-node context before changing,/home/agent/projects/cezar/.ai/cezar/worktrees/9ae05dcc-cc09-405c-9934-ab364076aa21/.ai/design-reference/iteration-3/runtime-verified/pairs/kmHeY-browser.png,/home/agent/projects/cezar/.ai/cezar/worktrees/9ae05dcc-cc09-405c-9934-ab364076aa21/.ai/design-reference/iteration-3/design/kmHeY.png
kmHeY,10C. Skills · Mobile light,settings ba089,Markdown playbooks your agents can follow.,line-height,19.5px,19px,candidate difference: exact text match; inspect per-node context before changing,/home/agent/projects/cezar/.ai/cezar/worktrees/9ae05dcc-cc09-405c-9934-ab364076aa21/.ai/design-reference/iteration-3/runtime-verified/pairs/kmHeY-browser.png,/home/agent/projects/cezar/.ai/cezar/worktrees/9ae05dcc-cc09-405c-9934-ab364076aa21/.ai/design-reference/iteration-3/design/kmHeY.png
cvBro,10B. Skills · Desktop dark,settings ba089,Markdown playbooks your agents can follow.,line-height,19.5px,21px,candidate difference: exact text match; inspect per-node context before changing,/home/agent/projects/cezar/.ai/cezar/worktrees/9ae05dcc-cc09-405c-9934-ab364076aa21/.ai/design-reference/iteration-3/runtime-verified/pairs/cvBro-browser.png,/home/agent/projects/cezar/.ai/cezar/worktrees/9ae05dcc-cc09-405c-9934-ab364076aa21/.ai/design-reference/iteration-3/design/cvBro.png
XdHUd,10D. Skills · Mobile dark,settings ba089,Skills,font-size,30px,25px,candidate difference: exact text match; inspect per-node context before changing,/home/agent/projects/cezar/.ai/cezar/worktrees/9ae05dcc-cc09-405c-9934-ab364076aa21/.ai/design-reference/iteration-3/runtime-verified/pairs/XdHUd-browser.png,/home/agent/projects/cezar/.ai/cezar/worktrees/9ae05dcc-cc09-405c-9934-ab364076aa21/.ai/design-reference/iteration-3/design/XdHUd.png
XdHUd,10D. Skills · Mobile dark,settings ba089,Skills,line-height,45px,30px,candidate difference: exact text match; inspect per-node context before changing,/home/agent/projects/cezar/.ai/cezar/worktrees/9ae05dcc-cc09-405c-9934-ab364076aa21/.ai/design-reference/iteration-3/runtime-verified/pairs/XdHUd-browser.png,/home/agent/projects/cezar/.ai/cezar/worktrees/9ae05dcc-cc09-405c-9934-ab364076aa21/.ai/design-reference/iteration-3/design/XdHUd.png
XdHUd,10D. Skills · Mobile dark,settings ba089,Markdown playbooks your agents can follow.,font-size,13px,12px,candidate difference: exact text match; inspect per-node context before changing,/home/agent/projects/cezar/.ai/cezar/worktrees/9ae05dcc-cc09-405c-9934-ab364076aa21/.ai/design-reference/iteration-3/runtime-verified/pairs/XdHUd-browser.png,/home/agent/projects/cezar/.ai/cezar/worktrees/9ae05dcc-cc09-405c-9934-ab364076aa21/.ai/design-reference/iteration-3/design/XdHUd.png
XdHUd,10D. Skills · Mobile dark,settings ba089,Markdown playbooks your agents can follow.,line-height,19.5px,19px,candidate difference: exact text match; inspect per-node context before changing,/home/agent/projects/cezar/.ai/cezar/worktrees/9ae05dcc-cc09-405c-9934-ab364076aa21/.ai/design-reference/iteration-3/runtime-verified/pairs/XdHUd-browser.png,/home/agent/projects/cezar/.ai/cezar/worktrees/9ae05dcc-cc09-405c-9934-ab364076aa21/.ai/design-reference/iteration-3/design/XdHUd.png
C2sfEo,11A. Workflows · Desktop light,settings ba089,Portable skill chains. Steps run from top to bottom.,line-height,19.5px,21px,candidate difference: exact text match; inspect per-node context before changing,/home/agent/projects/cezar/.ai/cezar/worktrees/9ae05dcc-cc09-405c-9934-ab364076aa21/.ai/design-reference/iteration-3/runtime-verified/pairs/C2sfEo-browser.png,/home/agent/projects/cezar/.ai/cezar/worktrees/9ae05dcc-cc09-405c-9934-ab364076aa21/.ai/design-reference/iteration-3/design/C2sfEo.png
C2sfEo,11A. Workflows · Desktop light,settings ba089,New workflow,font-size,13px,12px,candidate difference: exact text match; inspect per-node context before changing,/home/agent/projects/cezar/.ai/cezar/worktrees/9ae05dcc-cc09-405c-9934-ab364076aa21/.ai/design-reference/iteration-3/runtime-verified/pairs/C2sfEo-browser.png,/home/agent/projects/cezar/.ai/cezar/worktrees/9ae05dcc-cc09-405c-9934-ab364076aa21/.ai/design-reference/iteration-3/design/C2sfEo.png
C2sfEo,11A. Workflows · Desktop light,settings ba089,New workflow,font-weight,600,500,candidate difference: exact text match; inspect per-node context before changing,/home/agent/projects/cezar/.ai/cezar/worktrees/9ae05dcc-cc09-405c-9934-ab364076aa21/.ai/design-reference/iteration-3/runtime-verified/pairs/C2sfEo-browser.png,/home/agent/projects/cezar/.ai/cezar/worktrees/9ae05dcc-cc09-405c-9934-ab364076aa21/.ai/design-reference/iteration-3/design/C2sfEo.png
C2sfEo,11A. Workflows · Desktop light,settings ba089,Import,font-size,12.5px,12px,candidate difference: exact text match; inspect per-node context before changing,/home/agent/projects/cezar/.ai/cezar/worktrees/9ae05dcc-cc09-405c-9934-ab364076aa21/.ai/design-reference/iteration-3/runtime-verified/pairs/C2sfEo-browser.png,/home/agent/projects/cezar/.ai/cezar/worktrees/9ae05dcc-cc09-405c-9934-ab364076aa21/.ai/design-reference/iteration-3/design/C2sfEo.png
C2sfEo,11A. Workflows · Desktop light,settings ba089,Import,font-weight,600,500,candidate difference: exact text match; inspect per-node context before changing,/home/agent/projects/cezar/.ai/cezar/worktrees/9ae05dcc-cc09-405c-9934-ab364076aa21/.ai/design-reference/iteration-3/runtime-verified/pairs/C2sfEo-browser.png,/home/agent/projects/cezar/.ai/cezar/worktrees/9ae05dcc-cc09-405c-9934-ab364076aa21/.ai/design-reference/iteration-3/design/C2sfEo.png
C2sfEo,11A. Workflows · Desktop light,settings ba089,Export,font-size,12.5px,12px,candidate difference: exact text match; inspect per-node context before changing,/home/agent/projects/cezar/.ai/cezar/worktrees/9ae05dcc-cc09-405c-9934-ab364076aa21/.ai/design-reference/iteration-3/runtime-verified/pairs/C2sfEo-browser.png,/home/agent/projects/cezar/.ai/cezar/worktrees/9ae05dcc-cc09-405c-9934-ab364076aa21/.ai/design-reference/iteration-3/design/C2sfEo.png
C2sfEo,11A. Workflows · Desktop light,settings ba089,Export,font-weight,600,500,candidate difference: exact text match; inspect per-node context before changing,/home/agent/projects/cezar/.ai/cezar/worktrees/9ae05dcc-cc09-405c-9934-ab364076aa21/.ai/design-reference/iteration-3/runtime-verified/pairs/C2sfEo-browser.png,/home/agent/projects/cezar/.ai/cezar/worktrees/9ae05dcc-cc09-405c-9934-ab364076aa21/.ai/design-reference/iteration-3/design/C2sfEo.png
C2sfEo,11A. Workflows · Desktop light,settings ba089,Auto,font-size,12.5px,12px,candidate difference: exact text match; inspect per-node context before changing,/home/agent/projects/cezar/.ai/cezar/worktrees/9ae05dcc-cc09-405c-9934-ab364076aa21/.ai/design-reference/iteration-3/runtime-verified/pairs/C2sfEo-browser.png,/home/agent/projects/cezar/.ai/cezar/worktrees/9ae05dcc-cc09-405c-9934-ab364076aa21/.ai/design-reference/iteration-3/design/C2sfEo.png
C2sfEo,11A. Workflows · Desktop light,settings ba089,Auto,font-weight,600,500,candidate difference: exact text match; inspect per-node context before changing,/home/agent/projects/cezar/.ai/cezar/worktrees/9ae05dcc-cc09-405c-9934-ab364076aa21/.ai/design-reference/iteration-3/runtime-verified/pairs/C2sfEo-browser.png,/home/agent/projects/cezar/.ai/cezar/worktrees/9ae05dcc-cc09-405c-9934-ab364076aa21/.ai/design-reference/iteration-3/design/C2sfEo.png
C2sfEo,11A. Workflows · Desktop light,settings ba089,Delete,font-size,12.5px,12px,candidate difference: exact text match; inspect per-node context before changing,/home/agent/projects/cezar/.ai/cezar/worktrees/9ae05dcc-cc09-405c-9934-ab364076aa21/.ai/design-reference/iteration-3/runtime-verified/pairs/C2sfEo-browser.png,/home/agent/projects/cezar/.ai/cezar/worktrees/9ae05dcc-cc09-405c-9934-ab364076aa21/.ai/design-reference/iteration-3/design/C2sfEo.png
C2sfEo,11A. Workflows · Desktop light,settings ba089,Delete,font-weight,600,500,candidate difference: exact text match; inspect per-node context before changing,/home/agent/projects/cezar/.ai/cezar/worktrees/9ae05dcc-cc09-405c-9934-ab364076aa21/.ai/design-reference/iteration-3/runtime-verified/pairs/C2sfEo-browser.png,/home/agent/projects/cezar/.ai/cezar/worktrees/9ae05dcc-cc09-405c-9934-ab364076aa21/.ai/design-reference/iteration-3/design/C2sfEo.png
C2sfEo,11A. Workflows · Desktop light,settings ba089,01,font-size,16px,10px,candidate difference: exact text match; inspect per-node context before changing,/home/agent/projects/cezar/.ai/cezar/worktrees/9ae05dcc-cc09-405c-9934-ab364076aa21/.ai/design-reference/iteration-3/runtime-verified/pairs/C2sfEo-browser.png,/home/agent/projects/cezar/.ai/cezar/worktrees/9ae05dcc-cc09-405c-9934-ab364076aa21/.ai/design-reference/iteration-3/design/C2sfEo.png
C2sfEo,11A. Workflows · Desktop light,settings ba089,01,font-weight,400,500,candidate difference: exact text match; inspect per-node context before changing,/home/agent/projects/cezar/.ai/cezar/worktrees/9ae05dcc-cc09-405c-9934-ab364076aa21/.ai/design-reference/iteration-3/runtime-verified/pairs/C2sfEo-browser.png,/home/agent/projects/cezar/.ai/cezar/worktrees/9ae05dcc-cc09-405c-9934-ab364076aa21/.ai/design-reference/iteration-3/design/C2sfEo.png
C2sfEo,11A. Workflows · Desktop light,settings ba089,02,font-size,16px,10px,candidate difference: exact text match; inspect per-node context before changing,/home/agent/projects/cezar/.ai/cezar/worktrees/9ae05dcc-cc09-405c-9934-ab364076aa21/.ai/design-reference/iteration-3/runtime-verified/pairs/C2sfEo-browser.png,/home/agent/projects/cezar/.ai/cezar/worktrees/9ae05dcc-cc09-405c-9934-ab364076aa21/.ai/design-reference/iteration-3/design/C2sfEo.png
C2sfEo,11A. Workflows · Desktop light,settings ba089,02,font-weight,400,500,candidate difference: exact text match; inspect per-node context before changing,/home/agent/projects/cezar/.ai/cezar/worktrees/9ae05dcc-cc09-405c-9934-ab364076aa21/.ai/design-reference/iteration-3/runtime-verified/pairs/C2sfEo-browser.png,/home/agent/projects/cezar/.ai/cezar/worktrees/9ae05dcc-cc09-405c-9934-ab364076aa21/.ai/design-reference/iteration-3/design/C2sfEo.png
C2sfEo,11A. Workflows · Desktop light,settings ba089,Add step,font-size,13px,12px,candidate difference: exact text match; inspect per-node context before changing,/home/agent/projects/cezar/.ai/cezar/worktrees/9ae05dcc-cc09-405c-9934-ab364076aa21/.ai/design-reference/iteration-3/runtime-verified/pairs/C2sfEo-browser.png,/home/agent/projects/cezar/.ai/cezar/worktrees/9ae05dcc-cc09-405c-9934-ab364076aa21/.ai/design-reference/iteration-3/design/C2sfEo.png
C2sfEo,11A. Workflows · Desktop light,settings ba089,Add step,font-weight,600,500,candidate difference: exact text match; inspect per-node context before changing,/home/agent/projects/cezar/.ai/cezar/worktrees/9ae05dcc-cc09-405c-9934-ab364076aa21/.ai/design-reference/iteration-3/runtime-verified/pairs/C2sfEo-browser.png,/home/agent/projects/cezar/.ai/cezar/worktrees/9ae05dcc-cc09-405c-9934-ab364076aa21/.ai/design-reference/iteration-3/design/C2sfEo.png
C2sfEo,11A. Workflows · Desktop light,settings ba089,"Review the name and steps, then save to a workflow file.",line-height,19.5px,19px,candidate difference: exact text match; inspect per-node context before changing,/home/agent/projects/cezar/.ai/cezar/worktrees/9ae05dcc-cc09-405c-9934-ab364076aa21/.ai/design-reference/iteration-3/runtime-verified/pairs/C2sfEo-browser.png,/home/agent/projects/cezar/.ai/cezar/worktrees/9ae05dcc-cc09-405c-9934-ab364076aa21/.ai/design-reference/iteration-3/design/C2sfEo.png
C2sfEo,11A. Workflows · Desktop light,settings ba089,Save,font-size,12.5px,12px,candidate difference: exact text match; inspect per-node context before changing,/home/agent/projects/cezar/.ai/cezar/worktrees/9ae05dcc-cc09-405c-9934-ab364076aa21/.ai/design-reference/iteration-3/runtime-verified/pairs/C2sfEo-browser.png,/home/agent/projects/cezar/.ai/cezar/worktrees/9ae05dcc-cc09-405c-9934-ab364076aa21/.ai/design-reference/iteration-3/design/C2sfEo.png
C2sfEo,11A. Workflows · Desktop light,settings ba089,Save,font-weight,600,500,candidate difference: exact text match; inspect per-node context before changing,/home/agent/projects/cezar/.ai/cezar/worktrees/9ae05dcc-cc09-405c-9934-ab364076aa21/.ai/design-reference/iteration-3/runtime-verified/pairs/C2sfEo-browser.png,/home/agent/projects/cezar/.ai/cezar/worktrees/9ae05dcc-cc09-405c-9934-ab364076aa21/.ai/design-reference/iteration-3/design/C2sfEo.png
C2sfEo,11A. Workflows · Desktop light,settings ba089,Available skills,font-size,15px,16px,candidate difference: exact text match; inspect per-node context before changing,/home/agent/projects/cezar/.ai/cezar/worktrees/9ae05dcc-cc09-405c-9934-ab364076aa21/.ai/design-reference/iteration-3/runtime-verified/pairs/C2sfEo-browser.png,/home/agent/projects/cezar/.ai/cezar/worktrees/9ae05dcc-cc09-405c-9934-ab364076aa21/.ai/design-reference/iteration-3/design/C2sfEo.png
aa0TQ,11C. Workflows · Mobile light,settings ba089,Workflows,font-size,30px,25px,candidate difference: exact text match; inspect per-node context before changing,/home/agent/projects/cezar/.ai/cezar/worktrees/9ae05dcc-cc09-405c-9934-ab364076aa21/.ai/design-reference/iteration-3/runtime-verified/pairs/aa0TQ-browser.png,/home/agent/projects/cezar/.ai/cezar/worktrees/9ae05dcc-cc09-405c-9934-ab364076aa21/.ai/design-reference/iteration-3/design/aa0TQ.png
aa0TQ,11C. Workflows · Mobile light,settings ba089,Workflows,line-height,45px,30px,candidate difference: exact text match; inspect per-node context before changing,/home/agent/projects/cezar/.ai/cezar/worktrees/9ae05dcc-cc09-405c-9934-ab364076aa21/.ai/design-reference/iteration-3/runtime-verified/pairs/aa0TQ-browser.png,/home/agent/projects/cezar/.ai/cezar/worktrees/9ae05dcc-cc09-405c-9934-ab364076aa21/.ai/design-reference/iteration-3/design/aa0TQ.png
aa0TQ,11C. Workflows · Mobile light,settings ba089,Portable skill chains. Steps run from top to bottom.,font-size,13px,12px,candidate difference: exact text match; inspect per-node context before changing,/home/agent/projects/cezar/.ai/cezar/worktrees/9ae05dcc-cc09-405c-9934-ab364076aa21/.ai/design-reference/iteration-3/runtime-verified/pairs/aa0TQ-browser.png,/home/agent/projects/cezar/.ai/cezar/worktrees/9ae05dcc-cc09-405c-9934-ab364076aa21/.ai/design-reference/iteration-3/design/aa0TQ.png
aa0TQ,11C. Workflows · Mobile light,settings ba089,Portable skill chains. Steps run from top to bottom.,line-height,19.5px,19px,candidate difference: exact text match; inspect per-node context before changing,/home/agent/projects/cezar/.ai/cezar/worktrees/9ae05dcc-cc09-405c-9934-ab364076aa21/.ai/design-reference/iteration-3/runtime-verified/pairs/aa0TQ-browser.png,/home/agent/projects/cezar/.ai/cezar/worktrees/9ae05dcc-cc09-405c-9934-ab364076aa21/.ai/design-reference/iteration-3/design/aa0TQ.png
aa0TQ,11C. Workflows · Mobile light,settings ba089,New workflow,font-size,13px,12px,candidate difference: exact text match; inspect per-node context before changing,/home/agent/projects/cezar/.ai/cezar/worktrees/9ae05dcc-cc09-405c-9934-ab364076aa21/.ai/design-reference/iteration-3/runtime-verified/pairs/aa0TQ-browser.png,/home/agent/projects/cezar/.ai/cezar/worktrees/9ae05dcc-cc09-405c-9934-ab364076aa21/.ai/design-reference/iteration-3/design/aa0TQ.png
aa0TQ,11C. Workflows · Mobile light,settings ba089,New workflow,font-weight,600,500,candidate difference: exact text match; inspect per-node context before changing,/home/agent/projects/cezar/.ai/cezar/worktrees/9ae05dcc-cc09-405c-9934-ab364076aa21/.ai/design-reference/iteration-3/runtime-verified/pairs/aa0TQ-browser.png,/home/agent/projects/cezar/.ai/cezar/worktrees/9ae05dcc-cc09-405c-9934-ab364076aa21/.ai/design-reference/iteration-3/design/aa0TQ.png
aa0TQ,11C. Workflows · Mobile light,settings ba089,Import,font-size,12.5px,12px,candidate difference: exact text match; inspect per-node context before changing,/home/agent/projects/cezar/.ai/cezar/worktrees/9ae05dcc-cc09-405c-9934-ab364076aa21/.ai/design-reference/iteration-3/runtime-verified/pairs/aa0TQ-browser.png,/home/agent/projects/cezar/.ai/cezar/worktrees/9ae05dcc-cc09-405c-9934-ab364076aa21/.ai/design-reference/iteration-3/design/aa0TQ.png
aa0TQ,11C. Workflows · Mobile light,settings ba089,Import,font-weight,600,500,candidate difference: exact text match; inspect per-node context before changing,/home/agent/projects/cezar/.ai/cezar/worktrees/9ae05dcc-cc09-405c-9934-ab364076aa21/.ai/design-reference/iteration-3/runtime-verified/pairs/aa0TQ-browser.png,/home/agent/projects/cezar/.ai/cezar/worktrees/9ae05dcc-cc09-405c-9934-ab364076aa21/.ai/design-reference/iteration-3/design/aa0TQ.png
aa0TQ,11C. Workflows · Mobile light,settings ba089,Export,font-size,12.5px,12px,candidate difference: exact text match; inspect per-node context before changing,/home/agent/projects/cezar/.ai/cezar/worktrees/9ae05dcc-cc09-405c-9934-ab364076aa21/.ai/design-reference/iteration-3/runtime-verified/pairs/aa0TQ-browser.png,/home/agent/projects/cezar/.ai/cezar/worktrees/9ae05dcc-cc09-405c-9934-ab364076aa21/.ai/design-reference/iteration-3/design/aa0TQ.png
aa0TQ,11C. Workflows · Mobile light,settings ba089,Export,font-weight,600,500,candidate difference: exact text match; inspect per-node context before changing,/home/agent/projects/cezar/.ai/cezar/worktrees/9ae05dcc-cc09-405c-9934-ab364076aa21/.ai/design-reference/iteration-3/runtime-verified/pairs/aa0TQ-browser.png,/home/agent/projects/cezar/.ai/cezar/worktrees/9ae05dcc-cc09-405c-9934-ab364076aa21/.ai/design-reference/iteration-3/design/aa0TQ.png
aa0TQ,11C. Workflows · Mobile light,settings ba089,Auto,font-size,12.5px,12px,candidate difference: exact text match; inspect per-node context before changing,/home/agent/projects/cezar/.ai/cezar/worktrees/9ae05dcc-cc09-405c-9934-ab364076aa21/.ai/design-reference/iteration-3/runtime-verified/pairs/aa0TQ-browser.png,/home/agent/projects/cezar/.ai/cezar/worktrees/9ae05dcc-cc09-405c-9934-ab364076aa21/.ai/design-reference/iteration-3/design/aa0TQ.png
aa0TQ,11C. Workflows · Mobile light,settings ba089,Auto,font-weight,600,500,candidate difference: exact text match; inspect per-node context before changing,/home/agent/projects/cezar/.ai/cezar/worktrees/9ae05dcc-cc09-405c-9934-ab364076aa21/.ai/design-reference/iteration-3/runtime-verified/pairs/aa0TQ-browser.png,/home/agent/projects/cezar/.ai/cezar/worktrees/9ae05dcc-cc09-405c-9934-ab364076aa21/.ai/design-reference/iteration-3/design/aa0TQ.png
aa0TQ,11C. Workflows · Mobile light,settings ba089,Delete,font-size,12.5px,12px,candidate difference: exact text match; inspect per-node context before changing,/home/agent/projects/cezar/.ai/cezar/worktrees/9ae05dcc-cc09-405c-9934-ab364076aa21/.ai/design-reference/iteration-3/runtime-verified/pairs/aa0TQ-browser.png,/home/agent/projects/cezar/.ai/cezar/worktrees/9ae05dcc-cc09-405c-9934-ab364076aa21/.ai/design-reference/iteration-3/design/aa0TQ.png
aa0TQ,11C. Workflows · Mobile light,settings ba089,Delete,font-weight,600,500,candidate difference: exact text match; inspect per-node context before changing,/home/agent/projects/cezar/.ai/cezar/worktrees/9ae05dcc-cc09-405c-9934-ab364076aa21/.ai/design-reference/iteration-3/runtime-verified/pairs/aa0TQ-browser.png,/home/agent/projects/cezar/.ai/cezar/worktrees/9ae05dcc-cc09-405c-9934-ab364076aa21/.ai/design-reference/iteration-3/design/aa0TQ.png
aa0TQ,11C. Workflows · Mobile light,settings ba089,01,font-size,16px,10px,candidate difference: exact text match; inspect per-node context before changing,/home/agent/projects/cezar/.ai/cezar/worktrees/9ae05dcc-cc09-405c-9934-ab364076aa21/.ai/design-reference/iteration-3/runtime-verified/pairs/aa0TQ-browser.png,/home/agent/projects/cezar/.ai/cezar/worktrees/9ae05dcc-cc09-405c-9934-ab364076aa21/.ai/design-reference/iteration-3/design/aa0TQ.png
aa0TQ,11C. Workflows · Mobile light,settings ba089,01,font-weight,400,500,candidate difference: exact text match; inspect per-node context before changing,/home/agent/projects/cezar/.ai/cezar/worktrees/9ae05dcc-cc09-405c-9934-ab364076aa21/.ai/design-reference/iteration-3/runtime-verified/pairs/aa0TQ-browser.png,/home/agent/projects/cezar/.ai/cezar/worktrees/9ae05dcc-cc09-405c-9934-ab364076aa21/.ai/design-reference/iteration-3/design/aa0TQ.png
aa0TQ,11C. Workflows · Mobile light,settings ba089,Move up,font-size,12.5px,12px,candidate difference: exact text match; inspect per-node context before changing,/home/agent/projects/cezar/.ai/cezar/worktrees/9ae05dcc-cc09-405c-9934-ab364076aa21/.ai/design-reference/iteration-3/runtime-verified/pairs/aa0TQ-browser.png,/home/agent/projects/cezar/.ai/cezar/worktrees/9ae05dcc-cc09-405c-9934-ab364076aa21/.ai/design-reference/iteration-3/design/aa0TQ.png
aa0TQ,11C. Workflows · Mobile light,settings ba089,Move up,font-weight,600,500,candidate difference: exact text match; inspect per-node context before changing,/home/agent/projects/cezar/.ai/cezar/worktrees/9ae05dcc-cc09-405c-9934-ab364076aa21/.ai/design-reference/iteration-3/runtime-verified/pairs/aa0TQ-browser.png,/home/agent/projects/cezar/.ai/cezar/worktrees/9ae05dcc-cc09-405c-9934-ab364076aa21/.ai/design-reference/iteration-3/design/aa0TQ.png
aa0TQ,11C. Workflows · Mobile light,settings ba089,Move down,font-size,12.5px,12px,candidate difference: exact text match; inspect per-node context before changing,/home/agent/projects/cezar/.ai/cezar/worktrees/9ae05dcc-cc09-405c-9934-ab364076aa21/.ai/design-reference/iteration-3/runtime-verified/pairs/aa0TQ-browser.png,/home/agent/projects/cezar/.ai/cezar/worktrees/9ae05dcc-cc09-405c-9934-ab364076aa21/.ai/design-reference/iteration-3/design/aa0TQ.png
aa0TQ,11C. Workflows · Mobile light,settings ba089,Move down,font-weight,600,500,candidate difference: exact text match; inspect per-node context before changing,/home/agent/projects/cezar/.ai/cezar/worktrees/9ae05dcc-cc09-405c-9934-ab364076aa21/.ai/design-reference/iteration-3/runtime-verified/pairs/aa0TQ-browser.png,/home/agent/projects/cezar/.ai/cezar/worktrees/9ae05dcc-cc09-405c-9934-ab364076aa21/.ai/design-reference/iteration-3/design/aa0TQ.png
aa0TQ,11C. Workflows · Mobile light,settings ba089,02,font-size,16px,10px,candidate difference: exact text match; inspect per-node context before changing,/home/agent/projects/cezar/.ai/cezar/worktrees/9ae05dcc-cc09-405c-9934-ab364076aa21/.ai/design-reference/iteration-3/runtime-verified/pairs/aa0TQ-browser.png,/home/agent/projects/cezar/.ai/cezar/worktrees/9ae05dcc-cc09-405c-9934-ab364076aa21/.ai/design-reference/iteration-3/design/aa0TQ.png
aa0TQ,11C. Workflows · Mobile light,settings ba089,02,font-weight,400,500,candidate difference: exact text match; inspect per-node context before changing,/home/agent/projects/cezar/.ai/cezar/worktrees/9ae05dcc-cc09-405c-9934-ab364076aa21/.ai/design-reference/iteration-3/runtime-verified/pairs/aa0TQ-browser.png,/home/agent/projects/cezar/.ai/cezar/worktrees/9ae05dcc-cc09-405c-9934-ab364076aa21/.ai/design-reference/iteration-3/design/aa0TQ.png
aa0TQ,11C. Workflows · Mobile light,settings ba089,Move up,font-size,12.5px,12px,candidate difference: exact text match; inspect per-node context before changing,/home/agent/projects/cezar/.ai/cezar/worktrees/9ae05dcc-cc09-405c-9934-ab364076aa21/.ai/design-reference/iteration-3/runtime-verified/pairs/aa0TQ-browser.png,/home/agent/projects/cezar/.ai/cezar/worktrees/9ae05dcc-cc09-405c-9934-ab364076aa21/.ai/design-reference/iteration-3/design/aa0TQ.png
aa0TQ,11C. Workflows · Mobile light,settings ba089,Move up,font-weight,600,500,candidate difference: exact text match; inspect per-node context before changing,/home/agent/projects/cezar/.ai/cezar/worktrees/9ae05dcc-cc09-405c-9934-ab364076aa21/.ai/design-reference/iteration-3/runtime-verified/pairs/aa0TQ-browser.png,/home/agent/projects/cezar/.ai/cezar/worktrees/9ae05dcc-cc09-405c-9934-ab364076aa21/.ai/design-reference/iteration-3/design/aa0TQ.png
aa0TQ,11C. Workflows · Mobile light,settings ba089,Move down,font-size,12.5px,12px,candidate difference: exact text match; inspect per-node context before changing,/home/agent/projects/cezar/.ai/cezar/worktrees/9ae05dcc-cc09-405c-9934-ab364076aa21/.ai/design-reference/iteration-3/runtime-verified/pairs/aa0TQ-browser.png,/home/agent/projects/cezar/.ai/cezar/worktrees/9ae05dcc-cc09-405c-9934-ab364076aa21/.ai/design-reference/iteration-3/design/aa0TQ.png
aa0TQ,11C. Workflows · Mobile light,settings ba089,Move down,font-weight,600,500,candidate difference: exact text match; inspect per-node context before changing,/home/agent/projects/cezar/.ai/cezar/worktrees/9ae05dcc-cc09-405c-9934-ab364076aa21/.ai/design-reference/iteration-3/runtime-verified/pairs/aa0TQ-browser.png,/home/agent/projects/cezar/.ai/cezar/worktrees/9ae05dcc-cc09-405c-9934-ab364076aa21/.ai/design-reference/iteration-3/design/aa0TQ.png
aa0TQ,11C. Workflows · Mobile light,settings ba089,Move up,font-size,12.5px,12px,candidate difference: exact text match; inspect per-node context before changing,/home/agent/projects/cezar/.ai/cezar/worktrees/9ae05dcc-cc09-405c-9934-ab364076aa21/.ai/design-reference/iteration-3/runtime-verified/pairs/aa0TQ-browser.png,/home/agent/projects/cezar/.ai/cezar/worktrees/9ae05dcc-cc09-405c-9934-ab364076aa21/.ai/design-reference/iteration-3/design/aa0TQ.png
aa0TQ,11C. Workflows · Mobile light,settings ba089,Move up,font-weight,600,500,candidate difference: exact text match; inspect per-node context before changing,/home/agent/projects/cezar/.ai/cezar/worktrees/9ae05dcc-cc09-405c-9934-ab364076aa21/.ai/design-reference/iteration-3/runtime-verified/pairs/aa0TQ-browser.png,/home/agent/projects/cezar/.ai/cezar/worktrees/9ae05dcc-cc09-405c-9934-ab364076aa21/.ai/design-reference/iteration-3/design/aa0TQ.png
aa0TQ,11C. Workflows · Mobile light,settings ba089,Move down,font-size,12.5px,12px,candidate difference: exact text match; inspect per-node context before changing,/home/agent/projects/cezar/.ai/cezar/worktrees/9ae05dcc-cc09-405c-9934-ab364076aa21/.ai/design-reference/iteration-3/runtime-verified/pairs/aa0TQ-browser.png,/home/agent/projects/cezar/.ai/cezar/worktrees/9ae05dcc-cc09-405c-9934-ab364076aa21/.ai/design-reference/iteration-3/design/aa0TQ.png
aa0TQ,11C. Workflows · Mobile light,settings ba089,Move down,font-weight,600,500,candidate difference: exact text match; inspect per-node context before changing,/home/agent/projects/cezar/.ai/cezar/worktrees/9ae05dcc-cc09-405c-9934-ab364076aa21/.ai/design-reference/iteration-3/runtime-verified/pairs/aa0TQ-browser.png,/home/agent/projects/cezar/.ai/cezar/worktrees/9ae05dcc-cc09-405c-9934-ab364076aa21/.ai/design-reference/iteration-3/design/aa0TQ.png
aa0TQ,11C. Workflows · Mobile light,settings ba089,Add step,font-size,13px,12px,candidate difference: exact text match; inspect per-node context before changing,/home/agent/projects/cezar/.ai/cezar/worktrees/9ae05dcc-cc09-405c-9934-ab364076aa21/.ai/design-reference/iteration-3/runtime-verified/pairs/aa0TQ-browser.png,/home/agent/projects/cezar/.ai/cezar/worktrees/9ae05dcc-cc09-405c-9934-ab364076aa21/.ai/design-reference/iteration-3/design/aa0TQ.png
aa0TQ,11C. Workflows · Mobile light,settings ba089,Add step,font-weight,600,500,candidate difference: exact text match; inspect per-node context before changing,/home/agent/projects/cezar/.ai/cezar/worktrees/9ae05dcc-cc09-405c-9934-ab364076aa21/.ai/design-reference/iteration-3/runtime-verified/pairs/aa0TQ-browser.png,/home/agent/projects/cezar/.ai/cezar/worktrees/9ae05dcc-cc09-405c-9934-ab364076aa21/.ai/design-reference/iteration-3/design/aa0TQ.png
aa0TQ,11C. Workflows · Mobile light,settings ba089,"Review the name and steps, then save to a workflow file.",line-height,19.5px,19px,candidate difference: exact text match; inspect per-node context before changing,/home/agent/projects/cezar/.ai/cezar/worktrees/9ae05dcc-cc09-405c-9934-ab364076aa21/.ai/design-reference/iteration-3/runtime-verified/pairs/aa0TQ-browser.png,/home/agent/projects/cezar/.ai/cezar/worktrees/9ae05dcc-cc09-405c-9934-ab364076aa21/.ai/design-reference/iteration-3/design/aa0TQ.png
aa0TQ,11C. Workflows · Mobile light,settings ba089,Save,font-size,12.5px,12px,candidate difference: exact text match; inspect per-node context before changing,/home/agent/projects/cezar/.ai/cezar/worktrees/9ae05dcc-cc09-405c-9934-ab364076aa21/.ai/design-reference/iteration-3/runtime-verified/pairs/aa0TQ-browser.png,/home/agent/projects/cezar/.ai/cezar/worktrees/9ae05dcc-cc09-405c-9934-ab364076aa21/.ai/design-reference/iteration-3/design/aa0TQ.png
aa0TQ,11C. Workflows · Mobile light,settings ba089,Save,font-weight,600,500,candidate difference: exact text match; inspect per-node context before changing,/home/agent/projects/cezar/.ai/cezar/worktrees/9ae05dcc-cc09-405c-9934-ab364076aa21/.ai/design-reference/iteration-3/runtime-verified/pairs/aa0TQ-browser.png,/home/agent/projects/cezar/.ai/cezar/worktrees/9ae05dcc-cc09-405c-9934-ab364076aa21/.ai/design-reference/iteration-3/design/aa0TQ.png
aa0TQ,11C. Workflows · Mobile light,settings ba089,Available skills,font-size,15px,16px,candidate difference: exact text match; inspect per-node context before changing,/home/agent/projects/cezar/.ai/cezar/worktrees/9ae05dcc-cc09-405c-9934-ab364076aa21/.ai/design-reference/iteration-3/runtime-verified/pairs/aa0TQ-browser.png,/home/agent/projects/cezar/.ai/cezar/worktrees/9ae05dcc-cc09-405c-9934-ab364076aa21/.ai/design-reference/iteration-3/design/aa0TQ.png
s0JzCL,11B. Workflows · Desktop dark,settings ba089,Portable skill chains. Steps run from top to bottom.,line-height,19.5px,21px,candidate difference: exact text match; inspect per-node context before changing,/home/agent/projects/cezar/.ai/cezar/worktrees/9ae05dcc-cc09-405c-9934-ab364076aa21/.ai/design-reference/iteration-3/runtime-verified/pairs/s0JzCL-browser.png,/home/agent/projects/cezar/.ai/cezar/worktrees/9ae05dcc-cc09-405c-9934-ab364076aa21/.ai/design-reference/iteration-3/design/s0JzCL.png
s0JzCL,11B. Workflows · Desktop dark,settings ba089,New workflow,font-size,13px,12px,candidate difference: exact text match; inspect per-node context before changing,/home/agent/projects/cezar/.ai/cezar/worktrees/9ae05dcc-cc09-405c-9934-ab364076aa21/.ai/design-reference/iteration-3/runtime-verified/pairs/s0JzCL-browser.png,/home/agent/projects/cezar/.ai/cezar/worktrees/9ae05dcc-cc09-405c-9934-ab364076aa21/.ai/design-reference/iteration-3/design/s0JzCL.png
s0JzCL,11B. Workflows · Desktop dark,settings ba089,New workflow,font-weight,600,500,candidate difference: exact text match; inspect per-node context before changing,/home/agent/projects/cezar/.ai/cezar/worktrees/9ae05dcc-cc09-405c-9934-ab364076aa21/.ai/design-reference/iteration-3/runtime-verified/pairs/s0JzCL-browser.png,/home/agent/projects/cezar/.ai/cezar/worktrees/9ae05dcc-cc09-405c-9934-ab364076aa21/.ai/design-reference/iteration-3/design/s0JzCL.png
s0JzCL,11B. Workflows · Desktop dark,settings ba089,Import,font-size,12.5px,12px,candidate difference: exact text match; inspect per-node context before changing,/home/agent/projects/cezar/.ai/cezar/worktrees/9ae05dcc-cc09-405c-9934-ab364076aa21/.ai/design-reference/iteration-3/runtime-verified/pairs/s0JzCL-browser.png,/home/agent/projects/cezar/.ai/cezar/worktrees/9ae05dcc-cc09-405c-9934-ab364076aa21/.ai/design-reference/iteration-3/design/s0JzCL.png
s0JzCL,11B. Workflows · Desktop dark,settings ba089,Import,font-weight,600,500,candidate difference: exact text match; inspect per-node context before changing,/home/agent/projects/cezar/.ai/cezar/worktrees/9ae05dcc-cc09-405c-9934-ab364076aa21/.ai/design-reference/iteration-3/runtime-verified/pairs/s0JzCL-browser.png,/home/agent/projects/cezar/.ai/cezar/worktrees/9ae05dcc-cc09-405c-9934-ab364076aa21/.ai/design-reference/iteration-3/design/s0JzCL.png
s0JzCL,11B. Workflows · Desktop dark,settings ba089,Export,font-size,12.5px,12px,candidate difference: exact text match; inspect per-node context before changing,/home/agent/projects/cezar/.ai/cezar/worktrees/9ae05dcc-cc09-405c-9934-ab364076aa21/.ai/design-reference/iteration-3/runtime-verified/pairs/s0JzCL-browser.png,/home/agent/projects/cezar/.ai/cezar/worktrees/9ae05dcc-cc09-405c-9934-ab364076aa21/.ai/design-reference/iteration-3/design/s0JzCL.png
s0JzCL,11B. Workflows · Desktop dark,settings ba089,Export,font-weight,600,500,candidate difference: exact text match; inspect per-node context before changing,/home/agent/projects/cezar/.ai/cezar/worktrees/9ae05dcc-cc09-405c-9934-ab364076aa21/.ai/design-reference/iteration-3/runtime-verified/pairs/s0JzCL-browser.png,/home/agent/projects/cezar/.ai/cezar/worktrees/9ae05dcc-cc09-405c-9934-ab364076aa21/.ai/design-reference/iteration-3/design/s0JzCL.png
s0JzCL,11B. Workflows · Desktop dark,settings ba089,Auto,font-size,12.5px,12px,candidate difference: exact text match; inspect per-node context before changing,/home/agent/projects/cezar/.ai/cezar/worktrees/9ae05dcc-cc09-405c-9934-ab364076aa21/.ai/design-reference/iteration-3/runtime-verified/pairs/s0JzCL-browser.png,/home/agent/projects/cezar/.ai/cezar/worktrees/9ae05dcc-cc09-405c-9934-ab364076aa21/.ai/design-reference/iteration-3/design/s0JzCL.png
s0JzCL,11B. Workflows · Desktop dark,settings ba089,Auto,font-weight,600,500,candidate difference: exact text match; inspect per-node context before changing,/home/agent/projects/cezar/.ai/cezar/worktrees/9ae05dcc-cc09-405c-9934-ab364076aa21/.ai/design-reference/iteration-3/runtime-verified/pairs/s0JzCL-browser.png,/home/agent/projects/cezar/.ai/cezar/worktrees/9ae05dcc-cc09-405c-9934-ab364076aa21/.ai/design-reference/iteration-3/design/s0JzCL.png
s0JzCL,11B. Workflows · Desktop dark,settings ba089,Delete,font-size,12.5px,12px,candidate difference: exact text match; inspect per-node context before changing,/home/agent/projects/cezar/.ai/cezar/worktrees/9ae05dcc-cc09-405c-9934-ab364076aa21/.ai/design-reference/iteration-3/runtime-verified/pairs/s0JzCL-browser.png,/home/agent/projects/cezar/.ai/cezar/worktrees/9ae05dcc-cc09-405c-9934-ab364076aa21/.ai/design-reference/iteration-3/design/s0JzCL.png
s0JzCL,11B. Workflows · Desktop dark,settings ba089,Delete,font-weight,600,500,candidate difference: exact text match; inspect per-node context before changing,/home/agent/projects/cezar/.ai/cezar/worktrees/9ae05dcc-cc09-405c-9934-ab364076aa21/.ai/design-reference/iteration-3/runtime-verified/pairs/s0JzCL-browser.png,/home/agent/projects/cezar/.ai/cezar/worktrees/9ae05dcc-cc09-405c-9934-ab364076aa21/.ai/design-reference/iteration-3/design/s0JzCL.png
s0JzCL,11B. Workflows · Desktop dark,settings ba089,01,font-size,16px,10px,candidate difference: exact text match; inspect per-node context before changing,/home/agent/projects/cezar/.ai/cezar/worktrees/9ae05dcc-cc09-405c-9934-ab364076aa21/.ai/design-reference/iteration-3/runtime-verified/pairs/s0JzCL-browser.png,/home/agent/projects/cezar/.ai/cezar/worktrees/9ae05dcc-cc09-405c-9934-ab364076aa21/.ai/design-reference/iteration-3/design/s0JzCL.png
s0JzCL,11B. Workflows · Desktop dark,settings ba089,01,font-weight,400,500,candidate difference: exact text match; inspect per-node context before changing,/home/agent/projects/cezar/.ai/cezar/worktrees/9ae05dcc-cc09-405c-9934-ab364076aa21/.ai/design-reference/iteration-3/runtime-verified/pairs/s0JzCL-browser.png,/home/agent/projects/cezar/.ai/cezar/worktrees/9ae05dcc-cc09-405c-9934-ab364076aa21/.ai/design-reference/iteration-3/design/s0JzCL.png
s0JzCL,11B. Workflows · Desktop dark,settings ba089,02,font-size,16px,10px,candidate difference: exact text match; inspect per-node context before changing,/home/agent/projects/cezar/.ai/cezar/worktrees/9ae05dcc-cc09-405c-9934-ab364076aa21/.ai/design-reference/iteration-3/runtime-verified/pairs/s0JzCL-browser.png,/home/agent/projects/cezar/.ai/cezar/worktrees/9ae05dcc-cc09-405c-9934-ab364076aa21/.ai/design-reference/iteration-3/design/s0JzCL.png
s0JzCL,11B. Workflows · Desktop dark,settings ba089,02,font-weight,400,500,candidate difference: exact text match; inspect per-node context before changing,/home/agent/projects/cezar/.ai/cezar/worktrees/9ae05dcc-cc09-405c-9934-ab364076aa21/.ai/design-reference/iteration-3/runtime-verified/pairs/s0JzCL-browser.png,/home/agent/projects/cezar/.ai/cezar/worktrees/9ae05dcc-cc09-405c-9934-ab364076aa21/.ai/design-reference/iteration-3/design/s0JzCL.png
s0JzCL,11B. Workflows · Desktop dark,settings ba089,Add step,font-size,13px,12px,candidate difference: exact text match; inspect per-node context before changing,/home/agent/projects/cezar/.ai/cezar/worktrees/9ae05dcc-cc09-405c-9934-ab364076aa21/.ai/design-reference/iteration-3/runtime-verified/pairs/s0JzCL-browser.png,/home/agent/projects/cezar/.ai/cezar/worktrees/9ae05dcc-cc09-405c-9934-ab364076aa21/.ai/design-reference/iteration-3/design/s0JzCL.png
s0JzCL,11B. Workflows · Desktop dark,settings ba089,Add step,font-weight,600,500,candidate difference: exact text match; inspect per-node context before changing,/home/agent/projects/cezar/.ai/cezar/worktrees/9ae05dcc-cc09-405c-9934-ab364076aa21/.ai/design-reference/iteration-3/runtime-verified/pairs/s0JzCL-browser.png,/home/agent/projects/cezar/.ai/cezar/worktrees/9ae05dcc-cc09-405c-9934-ab364076aa21/.ai/design-reference/iteration-3/design/s0JzCL.png
s0JzCL,11B. Workflows · Desktop dark,settings ba089,"Review the name and steps, then save to a workflow file.",line-height,19.5px,19px,candidate difference: exact text match; inspect per-node context before changing,/home/agent/projects/cezar/.ai/cezar/worktrees/9ae05dcc-cc09-405c-9934-ab364076aa21/.ai/design-reference/iteration-3/runtime-verified/pairs/s0JzCL-browser.png,/home/agent/projects/cezar/.ai/cezar/worktrees/9ae05dcc-cc09-405c-9934-ab364076aa21/.ai/design-reference/iteration-3/design/s0JzCL.png
s0JzCL,11B. Workflows · Desktop dark,settings ba089,Save,font-size,12.5px,12px,candidate difference: exact text match; inspect per-node context before changing,/home/agent/projects/cezar/.ai/cezar/worktrees/9ae05dcc-cc09-405c-9934-ab364076aa21/.ai/design-reference/iteration-3/runtime-verified/pairs/s0JzCL-browser.png,/home/agent/projects/cezar/.ai/cezar/worktrees/9ae05dcc-cc09-405c-9934-ab364076aa21/.ai/design-reference/iteration-3/design/s0JzCL.png
s0JzCL,11B. Workflows · Desktop dark,settings ba089,Save,font-weight,600,500,candidate difference: exact text match; inspect per-node context before changing,/home/agent/projects/cezar/.ai/cezar/worktrees/9ae05dcc-cc09-405c-9934-ab364076aa21/.ai/design-reference/iteration-3/runtime-verified/pairs/s0JzCL-browser.png,/home/agent/projects/cezar/.ai/cezar/worktrees/9ae05dcc-cc09-405c-9934-ab364076aa21/.ai/design-reference/iteration-3/design/s0JzCL.png
s0JzCL,11B. Workflows · Desktop dark,settings ba089,Available skills,font-size,15px,16px,candidate difference: exact text match; inspect per-node context before changing,/home/agent/projects/cezar/.ai/cezar/worktrees/9ae05dcc-cc09-405c-9934-ab364076aa21/.ai/design-reference/iteration-3/runtime-verified/pairs/s0JzCL-browser.png,/home/agent/projects/cezar/.ai/cezar/worktrees/9ae05dcc-cc09-405c-9934-ab364076aa21/.ai/design-reference/iteration-3/design/s0JzCL.png
Ae0n6,11D. Workflows · Mobile dark,settings ba089,Workflows,font-size,30px,25px,candidate difference: exact text match; inspect per-node context before changing,/home/agent/projects/cezar/.ai/cezar/worktrees/9ae05dcc-cc09-405c-9934-ab364076aa21/.ai/design-reference/iteration-3/runtime-verified/pairs/Ae0n6-browser.png,/home/agent/projects/cezar/.ai/cezar/worktrees/9ae05dcc-cc09-405c-9934-ab364076aa21/.ai/design-reference/iteration-3/design/Ae0n6.png
Ae0n6,11D. Workflows · Mobile dark,settings ba089,Workflows,line-height,45px,30px,candidate difference: exact text match; inspect per-node context before changing,/home/agent/projects/cezar/.ai/cezar/worktrees/9ae05dcc-cc09-405c-9934-ab364076aa21/.ai/design-reference/iteration-3/runtime-verified/pairs/Ae0n6-browser.png,/home/agent/projects/cezar/.ai/cezar/worktrees/9ae05dcc-cc09-405c-9934-ab364076aa21/.ai/design-reference/iteration-3/design/Ae0n6.png
Ae0n6,11D. Workflows · Mobile dark,settings ba089,Portable skill chains. Steps run from top to bottom.,font-size,13px,12px,candidate difference: exact text match; inspect per-node context before changing,/home/agent/projects/cezar/.ai/cezar/worktrees/9ae05dcc-cc09-405c-9934-ab364076aa21/.ai/design-reference/iteration-3/runtime-verified/pairs/Ae0n6-browser.png,/home/agent/projects/cezar/.ai/cezar/worktrees/9ae05dcc-cc09-405c-9934-ab364076aa21/.ai/design-reference/iteration-3/design/Ae0n6.png
Ae0n6,11D. Workflows · Mobile dark,settings ba089,Portable skill chains. Steps run from top to bottom.,line-height,19.5px,19px,candidate difference: exact text match; inspect per-node context before changing,/home/agent/projects/cezar/.ai/cezar/worktrees/9ae05dcc-cc09-405c-9934-ab364076aa21/.ai/design-reference/iteration-3/runtime-verified/pairs/Ae0n6-browser.png,/home/agent/projects/cezar/.ai/cezar/worktrees/9ae05dcc-cc09-405c-9934-ab364076aa21/.ai/design-reference/iteration-3/design/Ae0n6.png
Ae0n6,11D. Workflows · Mobile dark,settings ba089,New workflow,font-size,13px,12px,candidate difference: exact text match; inspect per-node context before changing,/home/agent/projects/cezar/.ai/cezar/worktrees/9ae05dcc-cc09-405c-9934-ab364076aa21/.ai/design-reference/iteration-3/runtime-verified/pairs/Ae0n6-browser.png,/home/agent/projects/cezar/.ai/cezar/worktrees/9ae05dcc-cc09-405c-9934-ab364076aa21/.ai/design-reference/iteration-3/design/Ae0n6.png
Ae0n6,11D. Workflows · Mobile dark,settings ba089,New workflow,font-weight,600,500,candidate difference: exact text match; inspect per-node context before changing,/home/agent/projects/cezar/.ai/cezar/worktrees/9ae05dcc-cc09-405c-9934-ab364076aa21/.ai/design-reference/iteration-3/runtime-verified/pairs/Ae0n6-browser.png,/home/agent/projects/cezar/.ai/cezar/worktrees/9ae05dcc-cc09-405c-9934-ab364076aa21/.ai/design-reference/iteration-3/design/Ae0n6.png
Ae0n6,11D. Workflows · Mobile dark,settings ba089,Import,font-size,12.5px,12px,candidate difference: exact text match; inspect per-node context before changing,/home/agent/projects/cezar/.ai/cezar/worktrees/9ae05dcc-cc09-405c-9934-ab364076aa21/.ai/design-reference/iteration-3/runtime-verified/pairs/Ae0n6-browser.png,/home/agent/projects/cezar/.ai/cezar/worktrees/9ae05dcc-cc09-405c-9934-ab364076aa21/.ai/design-reference/iteration-3/design/Ae0n6.png
Ae0n6,11D. Workflows · Mobile dark,settings ba089,Import,font-weight,600,500,candidate difference: exact text match; inspect per-node context before changing,/home/agent/projects/cezar/.ai/cezar/worktrees/9ae05dcc-cc09-405c-9934-ab364076aa21/.ai/design-reference/iteration-3/runtime-verified/pairs/Ae0n6-browser.png,/home/agent/projects/cezar/.ai/cezar/worktrees/9ae05dcc-cc09-405c-9934-ab364076aa21/.ai/design-reference/iteration-3/design/Ae0n6.png
Ae0n6,11D. Workflows · Mobile dark,settings ba089,Export,font-size,12.5px,12px,candidate difference: exact text match; inspect per-node context before changing,/home/agent/projects/cezar/.ai/cezar/worktrees/9ae05dcc-cc09-405c-9934-ab364076aa21/.ai/design-reference/iteration-3/runtime-verified/pairs/Ae0n6-browser.png,/home/agent/projects/cezar/.ai/cezar/worktrees/9ae05dcc-cc09-405c-9934-ab364076aa21/.ai/design-reference/iteration-3/design/Ae0n6.png
Ae0n6,11D. Workflows · Mobile dark,settings ba089,Export,font-weight,600,500,candidate difference: exact text match; inspect per-node context before changing,/home/agent/projects/cezar/.ai/cezar/worktrees/9ae05dcc-cc09-405c-9934-ab364076aa21/.ai/design-reference/iteration-3/runtime-verified/pairs/Ae0n6-browser.png,/home/agent/projects/cezar/.ai/cezar/worktrees/9ae05dcc-cc09-405c-9934-ab364076aa21/.ai/design-reference/iteration-3/design/Ae0n6.png
Ae0n6,11D. Workflows · Mobile dark,settings ba089,Auto,font-size,12.5px,12px,candidate difference: exact text match; inspect per-node context before changing,/home/agent/projects/cezar/.ai/cezar/worktrees/9ae05dcc-cc09-405c-9934-ab364076aa21/.ai/design-reference/iteration-3/runtime-verified/pairs/Ae0n6-browser.png,/home/agent/projects/cezar/.ai/cezar/worktrees/9ae05dcc-cc09-405c-9934-ab364076aa21/.ai/design-reference/iteration-3/design/Ae0n6.png
Ae0n6,11D. Workflows · Mobile dark,settings ba089,Auto,font-weight,600,500,candidate difference: exact text match; inspect per-node context before changing,/home/agent/projects/cezar/.ai/cezar/worktrees/9ae05dcc-cc09-405c-9934-ab364076aa21/.ai/design-reference/iteration-3/runtime-verified/pairs/Ae0n6-browser.png,/home/agent/projects/cezar/.ai/cezar/worktrees/9ae05dcc-cc09-405c-9934-ab364076aa21/.ai/design-reference/iteration-3/design/Ae0n6.png
Ae0n6,11D. Workflows · Mobile dark,settings ba089,Delete,font-size,12.5px,12px,candidate difference: exact text match; inspect per-node context before changing,/home/agent/projects/cezar/.ai/cezar/worktrees/9ae05dcc-cc09-405c-9934-ab364076aa21/.ai/design-reference/iteration-3/runtime-verified/pairs/Ae0n6-browser.png,/home/agent/projects/cezar/.ai/cezar/worktrees/9ae05dcc-cc09-405c-9934-ab364076aa21/.ai/design-reference/iteration-3/design/Ae0n6.png
Ae0n6,11D. Workflows · Mobile dark,settings ba089,Delete,font-weight,600,500,candidate difference: exact text match; inspect per-node context before changing,/home/agent/projects/cezar/.ai/cezar/worktrees/9ae05dcc-cc09-405c-9934-ab364076aa21/.ai/design-reference/iteration-3/runtime-verified/pairs/Ae0n6-browser.png,/home/agent/projects/cezar/.ai/cezar/worktrees/9ae05dcc-cc09-405c-9934-ab364076aa21/.ai/design-reference/iteration-3/design/Ae0n6.png
Ae0n6,11D. Workflows · Mobile dark,settings ba089,01,font-size,16px,10px,candidate difference: exact text match; inspect per-node context before changing,/home/agent/projects/cezar/.ai/cezar/worktrees/9ae05dcc-cc09-405c-9934-ab364076aa21/.ai/design-reference/iteration-3/runtime-verified/pairs/Ae0n6-browser.png,/home/agent/projects/cezar/.ai/cezar/worktrees/9ae05dcc-cc09-405c-9934-ab364076aa21/.ai/design-reference/iteration-3/design/Ae0n6.png
Ae0n6,11D. Workflows · Mobile dark,settings ba089,01,font-weight,400,500,candidate difference: exact text match; inspect per-node context before changing,/home/agent/projects/cezar/.ai/cezar/worktrees/9ae05dcc-cc09-405c-9934-ab364076aa21/.ai/design-reference/iteration-3/runtime-verified/pairs/Ae0n6-browser.png,/home/agent/projects/cezar/.ai/cezar/worktrees/9ae05dcc-cc09-405c-9934-ab364076aa21/.ai/design-reference/iteration-3/design/Ae0n6.png
Ae0n6,11D. Workflows · Mobile dark,settings ba089,Move up,font-size,12.5px,12px,candidate difference: exact text match; inspect per-node context before changing,/home/agent/projects/cezar/.ai/cezar/worktrees/9ae05dcc-cc09-405c-9934-ab364076aa21/.ai/design-reference/iteration-3/runtime-verified/pairs/Ae0n6-browser.png,/home/agent/projects/cezar/.ai/cezar/worktrees/9ae05dcc-cc09-405c-9934-ab364076aa21/.ai/design-reference/iteration-3/design/Ae0n6.png
Ae0n6,11D. Workflows · Mobile dark,settings ba089,Move up,font-weight,600,500,candidate difference: exact text match; inspect per-node context before changing,/home/agent/projects/cezar/.ai/cezar/worktrees/9ae05dcc-cc09-405c-9934-ab364076aa21/.ai/design-reference/iteration-3/runtime-verified/pairs/Ae0n6-browser.png,/home/agent/projects/cezar/.ai/cezar/worktrees/9ae05dcc-cc09-405c-9934-ab364076aa21/.ai/design-reference/iteration-3/design/Ae0n6.png
Ae0n6,11D. Workflows · Mobile dark,settings ba089,Move down,font-size,12.5px,12px,candidate difference: exact text match; inspect per-node context before changing,/home/agent/projects/cezar/.ai/cezar/worktrees/9ae05dcc-cc09-405c-9934-ab364076aa21/.ai/design-reference/iteration-3/runtime-verified/pairs/Ae0n6-browser.png,/home/agent/projects/cezar/.ai/cezar/worktrees/9ae05dcc-cc09-405c-9934-ab364076aa21/.ai/design-reference/iteration-3/design/Ae0n6.png
Ae0n6,11D. Workflows · Mobile dark,settings ba089,Move down,font-weight,600,500,candidate difference: exact text match; inspect per-node context before changing,/home/agent/projects/cezar/.ai/cezar/worktrees/9ae05dcc-cc09-405c-9934-ab364076aa21/.ai/design-reference/iteration-3/runtime-verified/pairs/Ae0n6-browser.png,/home/agent/projects/cezar/.ai/cezar/worktrees/9ae05dcc-cc09-405c-9934-ab364076aa21/.ai/design-reference/iteration-3/design/Ae0n6.png
Ae0n6,11D. Workflows · Mobile dark,settings ba089,02,font-size,16px,10px,candidate difference: exact text match; inspect per-node context before changing,/home/agent/projects/cezar/.ai/cezar/worktrees/9ae05dcc-cc09-405c-9934-ab364076aa21/.ai/design-reference/iteration-3/runtime-verified/pairs/Ae0n6-browser.png,/home/agent/projects/cezar/.ai/cezar/worktrees/9ae05dcc-cc09-405c-9934-ab364076aa21/.ai/design-reference/iteration-3/design/Ae0n6.png
Ae0n6,11D. Workflows · Mobile dark,settings ba089,02,font-weight,400,500,candidate difference: exact text match; inspect per-node context before changing,/home/agent/projects/cezar/.ai/cezar/worktrees/9ae05dcc-cc09-405c-9934-ab364076aa21/.ai/design-reference/iteration-3/runtime-verified/pairs/Ae0n6-browser.png,/home/agent/projects/cezar/.ai/cezar/worktrees/9ae05dcc-cc09-405c-9934-ab364076aa21/.ai/design-reference/iteration-3/design/Ae0n6.png
Ae0n6,11D. Workflows · Mobile dark,settings ba089,Move up,font-size,12.5px,12px,candidate difference: exact text match; inspect per-node context before changing,/home/agent/projects/cezar/.ai/cezar/worktrees/9ae05dcc-cc09-405c-9934-ab364076aa21/.ai/design-reference/iteration-3/runtime-verified/pairs/Ae0n6-browser.png,/home/agent/projects/cezar/.ai/cezar/worktrees/9ae05dcc-cc09-405c-9934-ab364076aa21/.ai/design-reference/iteration-3/design/Ae0n6.png
Ae0n6,11D. Workflows · Mobile dark,settings ba089,Move up,font-weight,600,500,candidate difference: exact text match; inspect per-node context before changing,/home/agent/projects/cezar/.ai/cezar/worktrees/9ae05dcc-cc09-405c-9934-ab364076aa21/.ai/design-reference/iteration-3/runtime-verified/pairs/Ae0n6-browser.png,/home/agent/projects/cezar/.ai/cezar/worktrees/9ae05dcc-cc09-405c-9934-ab364076aa21/.ai/design-reference/iteration-3/design/Ae0n6.png
Ae0n6,11D. Workflows · Mobile dark,settings ba089,Move down,font-size,12.5px,12px,candidate difference: exact text match; inspect per-node context before changing,/home/agent/projects/cezar/.ai/cezar/worktrees/9ae05dcc-cc09-405c-9934-ab364076aa21/.ai/design-reference/iteration-3/runtime-verified/pairs/Ae0n6-browser.png,/home/agent/projects/cezar/.ai/cezar/worktrees/9ae05dcc-cc09-405c-9934-ab364076aa21/.ai/design-reference/iteration-3/design/Ae0n6.png
Ae0n6,11D. Workflows · Mobile dark,settings ba089,Move down,font-weight,600,500,candidate difference: exact text match; inspect per-node context before changing,/home/agent/projects/cezar/.ai/cezar/worktrees/9ae05dcc-cc09-405c-9934-ab364076aa21/.ai/design-reference/iteration-3/runtime-verified/pairs/Ae0n6-browser.png,/home/agent/projects/cezar/.ai/cezar/worktrees/9ae05dcc-cc09-405c-9934-ab364076aa21/.ai/design-reference/iteration-3/design/Ae0n6.png
Ae0n6,11D. Workflows · Mobile dark,settings ba089,Move up,font-size,12.5px,12px,candidate difference: exact text match; inspect per-node context before changing,/home/agent/projects/cezar/.ai/cezar/worktrees/9ae05dcc-cc09-405c-9934-ab364076aa21/.ai/design-reference/iteration-3/runtime-verified/pairs/Ae0n6-browser.png,/home/agent/projects/cezar/.ai/cezar/worktrees/9ae05dcc-cc09-405c-9934-ab364076aa21/.ai/design-reference/iteration-3/design/Ae0n6.png
Ae0n6,11D. Workflows · Mobile dark,settings ba089,Move up,font-weight,600,500,candidate difference: exact text match; inspect per-node context before changing,/home/agent/projects/cezar/.ai/cezar/worktrees/9ae05dcc-cc09-405c-9934-ab364076aa21/.ai/design-reference/iteration-3/runtime-verified/pairs/Ae0n6-browser.png,/home/agent/projects/cezar/.ai/cezar/worktrees/9ae05dcc-cc09-405c-9934-ab364076aa21/.ai/design-reference/iteration-3/design/Ae0n6.png
Ae0n6,11D. Workflows · Mobile dark,settings ba089,Move down,font-size,12.5px,12px,candidate difference: exact text match; inspect per-node context before changing,/home/agent/projects/cezar/.ai/cezar/worktrees/9ae05dcc-cc09-405c-9934-ab364076aa21/.ai/design-reference/iteration-3/runtime-verified/pairs/Ae0n6-browser.png,/home/agent/projects/cezar/.ai/cezar/worktrees/9ae05dcc-cc09-405c-9934-ab364076aa21/.ai/design-reference/iteration-3/design/Ae0n6.png
Ae0n6,11D. Workflows · Mobile dark,settings ba089,Move down,font-weight,600,500,candidate difference: exact text match; inspect per-node context before changing,/home/agent/projects/cezar/.ai/cezar/worktrees/9ae05dcc-cc09-405c-9934-ab364076aa21/.ai/design-reference/iteration-3/runtime-verified/pairs/Ae0n6-browser.png,/home/agent/projects/cezar/.ai/cezar/worktrees/9ae05dcc-cc09-405c-9934-ab364076aa21/.ai/design-reference/iteration-3/design/Ae0n6.png
Ae0n6,11D. Workflows · Mobile dark,settings ba089,Add step,font-size,13px,12px,candidate difference: exact text match; inspect per-node context before changing,/home/agent/projects/cezar/.ai/cezar/worktrees/9ae05dcc-cc09-405c-9934-ab364076aa21/.ai/design-reference/iteration-3/runtime-verified/pairs/Ae0n6-browser.png,/home/agent/projects/cezar/.ai/cezar/worktrees/9ae05dcc-cc09-405c-9934-ab364076aa21/.ai/design-reference/iteration-3/design/Ae0n6.png
Ae0n6,11D. Workflows · Mobile dark,settings ba089,Add step,font-weight,600,500,candidate difference: exact text match; inspect per-node context before changing,/home/agent/projects/cezar/.ai/cezar/worktrees/9ae05dcc-cc09-405c-9934-ab364076aa21/.ai/design-reference/iteration-3/runtime-verified/pairs/Ae0n6-browser.png,/home/agent/projects/cezar/.ai/cezar/worktrees/9ae05dcc-cc09-405c-9934-ab364076aa21/.ai/design-reference/iteration-3/design/Ae0n6.png
Ae0n6,11D. Workflows · Mobile dark,settings ba089,"Review the name and steps, then save to a workflow file.",line-height,19.5px,19px,candidate difference: exact text match; inspect per-node context before changing,/home/agent/projects/cezar/.ai/cezar/worktrees/9ae05dcc-cc09-405c-9934-ab364076aa21/.ai/design-reference/iteration-3/runtime-verified/pairs/Ae0n6-browser.png,/home/agent/projects/cezar/.ai/cezar/worktrees/9ae05dcc-cc09-405c-9934-ab364076aa21/.ai/design-reference/iteration-3/design/Ae0n6.png
Ae0n6,11D. Workflows · Mobile dark,settings ba089,Save,font-size,12.5px,12px,candidate difference: exact text match; inspect per-node context before changing,/home/agent/projects/cezar/.ai/cezar/worktrees/9ae05dcc-cc09-405c-9934-ab364076aa21/.ai/design-reference/iteration-3/runtime-verified/pairs/Ae0n6-browser.png,/home/agent/projects/cezar/.ai/cezar/worktrees/9ae05dcc-cc09-405c-9934-ab364076aa21/.ai/design-reference/iteration-3/design/Ae0n6.png
Ae0n6,11D. Workflows · Mobile dark,settings ba089,Save,font-weight,600,500,candidate difference: exact text match; inspect per-node context before changing,/home/agent/projects/cezar/.ai/cezar/worktrees/9ae05dcc-cc09-405c-9934-ab364076aa21/.ai/design-reference/iteration-3/runtime-verified/pairs/Ae0n6-browser.png,/home/agent/projects/cezar/.ai/cezar/worktrees/9ae05dcc-cc09-405c-9934-ab364076aa21/.ai/design-reference/iteration-3/design/Ae0n6.png
Ae0n6,11D. Workflows · Mobile dark,settings ba089,Available skills,font-size,15px,16px,candidate difference: exact text match; inspect per-node context before changing,/home/agent/projects/cezar/.ai/cezar/worktrees/9ae05dcc-cc09-405c-9934-ab364076aa21/.ai/design-reference/iteration-3/runtime-verified/pairs/Ae0n6-browser.png,/home/agent/projects/cezar/.ai/cezar/worktrees/9ae05dcc-cc09-405c-9934-ab364076aa21/.ai/design-reference/iteration-3/design/Ae0n6.png
PPxMw,S01. Project settings / General · Desktop light,settings ba089,Project settings,font-size,28px,13px|30px,candidate difference: exact text match; inspect per-node context before changing,/home/agent/projects/cezar/.ai/cezar/worktrees/9ae05dcc-cc09-405c-9934-ab364076aa21/.ai/design-reference/iteration-3/runtime-verified/pairs/PPxMw-browser.png,/home/agent/projects/cezar/.ai/cezar/worktrees/9ae05dcc-cc09-405c-9934-ab364076aa21/.ai/design-reference/iteration-3/design/PPxMw.png
x7yBQu,S01. Project settings / General · Mobile light,settings ba089,Project settings,font-size,28px,25px,candidate difference: exact text match; inspect per-node context before changing,/home/agent/projects/cezar/.ai/cezar/worktrees/9ae05dcc-cc09-405c-9934-ab364076aa21/.ai/design-reference/iteration-3/runtime-verified/pairs/x7yBQu-browser.png,/home/agent/projects/cezar/.ai/cezar/worktrees/9ae05dcc-cc09-405c-9934-ab364076aa21/.ai/design-reference/iteration-3/design/x7yBQu.png
x7yBQu,S01. Project settings / General · Mobile light,settings ba089,Project settings,line-height,42px,30px,candidate difference: exact text match; inspect per-node context before changing,/home/agent/projects/cezar/.ai/cezar/worktrees/9ae05dcc-cc09-405c-9934-ab364076aa21/.ai/design-reference/iteration-3/runtime-verified/pairs/x7yBQu-browser.png,/home/agent/projects/cezar/.ai/cezar/worktrees/9ae05dcc-cc09-405c-9934-ab364076aa21/.ai/design-reference/iteration-3/design/x7yBQu.png
T4h3KX,S01. Project settings / General · Desktop dark,settings ba089,Project settings,font-size,28px,13px|30px,candidate difference: exact text match; inspect per-node context before changing,/home/agent/projects/cezar/.ai/cezar/worktrees/9ae05dcc-cc09-405c-9934-ab364076aa21/.ai/design-reference/iteration-3/runtime-verified/pairs/T4h3KX-browser.png,/home/agent/projects/cezar/.ai/cezar/worktrees/9ae05dcc-cc09-405c-9934-ab364076aa21/.ai/design-reference/iteration-3/design/T4h3KX.png
Y9V5h2,S01. Project settings / General · Mobile dark,settings ba089,Project settings,font-size,28px,25px,candidate difference: exact text match; inspect per-node context before changing,/home/agent/projects/cezar/.ai/cezar/worktrees/9ae05dcc-cc09-405c-9934-ab364076aa21/.ai/design-reference/iteration-3/runtime-verified/pairs/Y9V5h2-browser.png,/home/agent/projects/cezar/.ai/cezar/worktrees/9ae05dcc-cc09-405c-9934-ab364076aa21/.ai/design-reference/iteration-3/design/Y9V5h2.png
Y9V5h2,S01. Project settings / General · Mobile dark,settings ba089,Project settings,line-height,42px,30px,candidate difference: exact text match; inspect per-node context before changing,/home/agent/projects/cezar/.ai/cezar/worktrees/9ae05dcc-cc09-405c-9934-ab364076aa21/.ai/design-reference/iteration-3/runtime-verified/pairs/Y9V5h2-browser.png,/home/agent/projects/cezar/.ai/cezar/worktrees/9ae05dcc-cc09-405c-9934-ab364076aa21/.ai/design-reference/iteration-3/design/Y9V5h2.png
aFFvV,S07. Global settings / General · Desktop light,settings ba089,Global settings,font-size,28px,13px|30px,candidate difference: exact text match; inspect per-node context before changing,/home/agent/projects/cezar/.ai/cezar/worktrees/9ae05dcc-cc09-405c-9934-ab364076aa21/.ai/design-reference/iteration-3/runtime-verified/pairs/aFFvV-browser.png,/home/agent/projects/cezar/.ai/cezar/worktrees/9ae05dcc-cc09-405c-9934-ab364076aa21/.ai/design-reference/iteration-3/design/aFFvV.png
aFFvV,S07. Global settings / General · Desktop light,settings ba089,"Preferences for you and this machine, shared by every project.",line-height,19.5px,21px,candidate difference: exact text match; inspect per-node context before changing,/home/agent/projects/cezar/.ai/cezar/worktrees/9ae05dcc-cc09-405c-9934-ab364076aa21/.ai/design-reference/iteration-3/runtime-verified/pairs/aFFvV-browser.png,/home/agent/projects/cezar/.ai/cezar/worktrees/9ae05dcc-cc09-405c-9934-ab364076aa21/.ai/design-reference/iteration-3/design/aFFvV.png
yqIfL,S07. Global settings / General · Mobile light,settings ba089,Global settings,font-size,28px,25px,candidate difference: exact text match; inspect per-node context before changing,/home/agent/projects/cezar/.ai/cezar/worktrees/9ae05dcc-cc09-405c-9934-ab364076aa21/.ai/design-reference/iteration-3/runtime-verified/pairs/yqIfL-browser.png,/home/agent/projects/cezar/.ai/cezar/worktrees/9ae05dcc-cc09-405c-9934-ab364076aa21/.ai/design-reference/iteration-3/design/yqIfL.png
yqIfL,S07. Global settings / General · Mobile light,settings ba089,Global settings,line-height,42px,30px,candidate difference: exact text match; inspect per-node context before changing,/home/agent/projects/cezar/.ai/cezar/worktrees/9ae05dcc-cc09-405c-9934-ab364076aa21/.ai/design-reference/iteration-3/runtime-verified/pairs/yqIfL-browser.png,/home/agent/projects/cezar/.ai/cezar/worktrees/9ae05dcc-cc09-405c-9934-ab364076aa21/.ai/design-reference/iteration-3/design/yqIfL.png
yqIfL,S07. Global settings / General · Mobile light,settings ba089,"Preferences for you and this machine, shared by every project.",font-size,13px,12px,candidate difference: exact text match; inspect per-node context before changing,/home/agent/projects/cezar/.ai/cezar/worktrees/9ae05dcc-cc09-405c-9934-ab364076aa21/.ai/design-reference/iteration-3/runtime-verified/pairs/yqIfL-browser.png,/home/agent/projects/cezar/.ai/cezar/worktrees/9ae05dcc-cc09-405c-9934-ab364076aa21/.ai/design-reference/iteration-3/design/yqIfL.png
yqIfL,S07. Global settings / General · Mobile light,settings ba089,"Preferences for you and this machine, shared by every project.",line-height,19.5px,19px,candidate difference: exact text match; inspect per-node context before changing,/home/agent/projects/cezar/.ai/cezar/worktrees/9ae05dcc-cc09-405c-9934-ab364076aa21/.ai/design-reference/iteration-3/runtime-verified/pairs/yqIfL-browser.png,/home/agent/projects/cezar/.ai/cezar/worktrees/9ae05dcc-cc09-405c-9934-ab364076aa21/.ai/design-reference/iteration-3/design/yqIfL.png
oHH3V,S07. Global settings / General · Desktop dark,settings ba089,Global settings,font-size,28px,13px|30px,candidate difference: exact text match; inspect per-node context before changing,/home/agent/projects/cezar/.ai/cezar/worktrees/9ae05dcc-cc09-405c-9934-ab364076aa21/.ai/design-reference/iteration-3/runtime-verified/pairs/oHH3V-browser.png,/home/agent/projects/cezar/.ai/cezar/worktrees/9ae05dcc-cc09-405c-9934-ab364076aa21/.ai/design-reference/iteration-3/design/oHH3V.png
oHH3V,S07. Global settings / General · Desktop dark,settings ba089,"Preferences for you and this machine, shared by every project.",line-height,19.5px,21px,candidate difference: exact text match; inspect per-node context before changing,/home/agent/projects/cezar/.ai/cezar/worktrees/9ae05dcc-cc09-405c-9934-ab364076aa21/.ai/design-reference/iteration-3/runtime-verified/pairs/oHH3V-browser.png,/home/agent/projects/cezar/.ai/cezar/worktrees/9ae05dcc-cc09-405c-9934-ab364076aa21/.ai/design-reference/iteration-3/design/oHH3V.png
TrsF6,S07. Global settings / General · Mobile dark,settings ba089,Global settings,font-size,28px,25px,candidate difference: exact text match; inspect per-node context before changing,/home/agent/projects/cezar/.ai/cezar/worktrees/9ae05dcc-cc09-405c-9934-ab364076aa21/.ai/design-reference/iteration-3/runtime-verified/pairs/TrsF6-browser.png,/home/agent/projects/cezar/.ai/cezar/worktrees/9ae05dcc-cc09-405c-9934-ab364076aa21/.ai/design-reference/iteration-3/design/TrsF6.png
TrsF6,S07. Global settings / General · Mobile dark,settings ba089,Global settings,line-height,42px,30px,candidate difference: exact text match; inspect per-node context before changing,/home/agent/projects/cezar/.ai/cezar/worktrees/9ae05dcc-cc09-405c-9934-ab364076aa21/.ai/design-reference/iteration-3/runtime-verified/pairs/TrsF6-browser.png,/home/agent/projects/cezar/.ai/cezar/worktrees/9ae05dcc-cc09-405c-9934-ab364076aa21/.ai/design-reference/iteration-3/design/TrsF6.png
TrsF6,S07. Global settings / General · Mobile dark,settings ba089,"Preferences for you and this machine, shared by every project.",font-size,13px,12px,candidate difference: exact text match; inspect per-node context before changing,/home/agent/projects/cezar/.ai/cezar/worktrees/9ae05dcc-cc09-405c-9934-ab364076aa21/.ai/design-reference/iteration-3/runtime-verified/pairs/TrsF6-browser.png,/home/agent/projects/cezar/.ai/cezar/worktrees/9ae05dcc-cc09-405c-9934-ab364076aa21/.ai/design-reference/iteration-3/design/TrsF6.png
TrsF6,S07. Global settings / General · Mobile dark,settings ba089,"Preferences for you and this machine, shared by every project.",line-height,19.5px,19px,candidate difference: exact text match; inspect per-node context before changing,/home/agent/projects/cezar/.ai/cezar/worktrees/9ae05dcc-cc09-405c-9934-ab364076aa21/.ai/design-reference/iteration-3/runtime-verified/pairs/TrsF6-browser.png,/home/agent/projects/cezar/.ai/cezar/worktrees/9ae05dcc-cc09-405c-9934-ab364076aa21/.ai/design-reference/iteration-3/design/TrsF6.png
QifUP,14A. Task changes · Desktop light,session 06,Commit,font-size,12.5px,12px,candidate difference: exact text match; inspect per-node context before changing,/home/agent/projects/cezar/.ai/cezar/worktrees/9ae05dcc-cc09-405c-9934-ab364076aa21/.ai/design-reference/iteration-3/runtime-verified/pairs/QifUP-browser.png,/home/agent/projects/cezar/.ai/cezar/worktrees/9ae05dcc-cc09-405c-9934-ab364076aa21/.ai/design-reference/iteration-3/design/QifUP.png
QifUP,14A. Task changes · Desktop light,session 06,Commit,font-weight,600,500,candidate difference: exact text match; inspect per-node context before changing,/home/agent/projects/cezar/.ai/cezar/worktrees/9ae05dcc-cc09-405c-9934-ab364076aa21/.ai/design-reference/iteration-3/runtime-verified/pairs/QifUP-browser.png,/home/agent/projects/cezar/.ai/cezar/worktrees/9ae05dcc-cc09-405c-9934-ab364076aa21/.ai/design-reference/iteration-3/design/QifUP.png
QifUP,14A. Task changes · Desktop light,session 06,Push,font-size,12.5px,12px,candidate difference: exact text match; inspect per-node context before changing,/home/agent/projects/cezar/.ai/cezar/worktrees/9ae05dcc-cc09-405c-9934-ab364076aa21/.ai/design-reference/iteration-3/runtime-verified/pairs/QifUP-browser.png,/home/agent/projects/cezar/.ai/cezar/worktrees/9ae05dcc-cc09-405c-9934-ab364076aa21/.ai/design-reference/iteration-3/design/QifUP.png
QifUP,14A. Task changes · Desktop light,session 06,Push,font-weight,600,500,candidate difference: exact text match; inspect per-node context before changing,/home/agent/projects/cezar/.ai/cezar/worktrees/9ae05dcc-cc09-405c-9934-ab364076aa21/.ai/design-reference/iteration-3/runtime-verified/pairs/QifUP-browser.png,/home/agent/projects/cezar/.ai/cezar/worktrees/9ae05dcc-cc09-405c-9934-ab364076aa21/.ai/design-reference/iteration-3/design/QifUP.png
QifUP,14A. Task changes · Desktop light,session 06,Changed files,font-size,12px,13px,candidate difference: exact text match; inspect per-node context before changing,/home/agent/projects/cezar/.ai/cezar/worktrees/9ae05dcc-cc09-405c-9934-ab364076aa21/.ai/design-reference/iteration-3/runtime-verified/pairs/QifUP-browser.png,/home/agent/projects/cezar/.ai/cezar/worktrees/9ae05dcc-cc09-405c-9934-ab364076aa21/.ai/design-reference/iteration-3/design/QifUP.png
M8dqPj,14C. Task changes · Mobile light,session 06,Commit,font-size,12.5px,12px,candidate difference: exact text match; inspect per-node context before changing,/home/agent/projects/cezar/.ai/cezar/worktrees/9ae05dcc-cc09-405c-9934-ab364076aa21/.ai/design-reference/iteration-3/runtime-verified/pairs/M8dqPj-browser.png,/home/agent/projects/cezar/.ai/cezar/worktrees/9ae05dcc-cc09-405c-9934-ab364076aa21/.ai/design-reference/iteration-3/design/M8dqPj.png
M8dqPj,14C. Task changes · Mobile light,session 06,Commit,font-weight,600,500,candidate difference: exact text match; inspect per-node context before changing,/home/agent/projects/cezar/.ai/cezar/worktrees/9ae05dcc-cc09-405c-9934-ab364076aa21/.ai/design-reference/iteration-3/runtime-verified/pairs/M8dqPj-browser.png,/home/agent/projects/cezar/.ai/cezar/worktrees/9ae05dcc-cc09-405c-9934-ab364076aa21/.ai/design-reference/iteration-3/design/M8dqPj.png
M8dqPj,14C. Task changes · Mobile light,session 06,Push,font-size,12.5px,12px,candidate difference: exact text match; inspect per-node context before changing,/home/agent/projects/cezar/.ai/cezar/worktrees/9ae05dcc-cc09-405c-9934-ab364076aa21/.ai/design-reference/iteration-3/runtime-verified/pairs/M8dqPj-browser.png,/home/agent/projects/cezar/.ai/cezar/worktrees/9ae05dcc-cc09-405c-9934-ab364076aa21/.ai/design-reference/iteration-3/design/M8dqPj.png
M8dqPj,14C. Task changes · Mobile light,session 06,Push,font-weight,600,500,candidate difference: exact text match; inspect per-node context before changing,/home/agent/projects/cezar/.ai/cezar/worktrees/9ae05dcc-cc09-405c-9934-ab364076aa21/.ai/design-reference/iteration-3/runtime-verified/pairs/M8dqPj-browser.png,/home/agent/projects/cezar/.ai/cezar/worktrees/9ae05dcc-cc09-405c-9934-ab364076aa21/.ai/design-reference/iteration-3/design/M8dqPj.png
M8dqPj,14C. Task changes · Mobile light,session 06,Changed files,font-size,12px,13px,candidate difference: exact text match; inspect per-node context before changing,/home/agent/projects/cezar/.ai/cezar/worktrees/9ae05dcc-cc09-405c-9934-ab364076aa21/.ai/design-reference/iteration-3/runtime-verified/pairs/M8dqPj-browser.png,/home/agent/projects/cezar/.ai/cezar/worktrees/9ae05dcc-cc09-405c-9934-ab364076aa21/.ai/design-reference/iteration-3/design/M8dqPj.png
X79RX,14B. Task changes · Desktop dark,session 06,Commit,font-size,12.5px,12px,candidate difference: exact text match; inspect per-node context before changing,/home/agent/projects/cezar/.ai/cezar/worktrees/9ae05dcc-cc09-405c-9934-ab364076aa21/.ai/design-reference/iteration-3/runtime-verified/pairs/X79RX-browser.png,/home/agent/projects/cezar/.ai/cezar/worktrees/9ae05dcc-cc09-405c-9934-ab364076aa21/.ai/design-reference/iteration-3/design/X79RX.png
X79RX,14B. Task changes · Desktop dark,session 06,Commit,font-weight,600,500,candidate difference: exact text match; inspect per-node context before changing,/home/agent/projects/cezar/.ai/cezar/worktrees/9ae05dcc-cc09-405c-9934-ab364076aa21/.ai/design-reference/iteration-3/runtime-verified/pairs/X79RX-browser.png,/home/agent/projects/cezar/.ai/cezar/worktrees/9ae05dcc-cc09-405c-9934-ab364076aa21/.ai/design-reference/iteration-3/design/X79RX.png
X79RX,14B. Task changes · Desktop dark,session 06,Push,font-size,12.5px,12px,candidate difference: exact text match; inspect per-node context before changing,/home/agent/projects/cezar/.ai/cezar/worktrees/9ae05dcc-cc09-405c-9934-ab364076aa21/.ai/design-reference/iteration-3/runtime-verified/pairs/X79RX-browser.png,/home/agent/projects/cezar/.ai/cezar/worktrees/9ae05dcc-cc09-405c-9934-ab364076aa21/.ai/design-reference/iteration-3/design/X79RX.png
X79RX,14B. Task changes · Desktop dark,session 06,Push,font-weight,600,500,candidate difference: exact text match; inspect per-node context before changing,/home/agent/projects/cezar/.ai/cezar/worktrees/9ae05dcc-cc09-405c-9934-ab364076aa21/.ai/design-reference/iteration-3/runtime-verified/pairs/X79RX-browser.png,/home/agent/projects/cezar/.ai/cezar/worktrees/9ae05dcc-cc09-405c-9934-ab364076aa21/.ai/design-reference/iteration-3/design/X79RX.png
X79RX,14B. Task changes · Desktop dark,session 06,Changed files,font-size,12px,13px,candidate difference: exact text match; inspect per-node context before changing,/home/agent/projects/cezar/.ai/cezar/worktrees/9ae05dcc-cc09-405c-9934-ab364076aa21/.ai/design-reference/iteration-3/runtime-verified/pairs/X79RX-browser.png,/home/agent/projects/cezar/.ai/cezar/worktrees/9ae05dcc-cc09-405c-9934-ab364076aa21/.ai/design-reference/iteration-3/design/X79RX.png
rxmtI,14D. Task changes · Mobile dark,session 06,Commit,font-size,12.5px,12px,candidate difference: exact text match; inspect per-node context before changing,/home/agent/projects/cezar/.ai/cezar/worktrees/9ae05dcc-cc09-405c-9934-ab364076aa21/.ai/design-reference/iteration-3/runtime-verified/pairs/rxmtI-browser.png,/home/agent/projects/cezar/.ai/cezar/worktrees/9ae05dcc-cc09-405c-9934-ab364076aa21/.ai/design-reference/iteration-3/design/rxmtI.png
rxmtI,14D. Task changes · Mobile dark,session 06,Commit,font-weight,600,500,candidate difference: exact text match; inspect per-node context before changing,/home/agent/projects/cezar/.ai/cezar/worktrees/9ae05dcc-cc09-405c-9934-ab364076aa21/.ai/design-reference/iteration-3/runtime-verified/pairs/rxmtI-browser.png,/home/agent/projects/cezar/.ai/cezar/worktrees/9ae05dcc-cc09-405c-9934-ab364076aa21/.ai/design-reference/iteration-3/design/rxmtI.png
rxmtI,14D. Task changes · Mobile dark,session 06,Push,font-size,12.5px,12px,candidate difference: exact text match; inspect per-node context before changing,/home/agent/projects/cezar/.ai/cezar/worktrees/9ae05dcc-cc09-405c-9934-ab364076aa21/.ai/design-reference/iteration-3/runtime-verified/pairs/rxmtI-browser.png,/home/agent/projects/cezar/.ai/cezar/worktrees/9ae05dcc-cc09-405c-9934-ab364076aa21/.ai/design-reference/iteration-3/design/rxmtI.png
rxmtI,14D. Task changes · Mobile dark,session 06,Push,font-weight,600,500,candidate difference: exact text match; inspect per-node context before changing,/home/agent/projects/cezar/.ai/cezar/worktrees/9ae05dcc-cc09-405c-9934-ab364076aa21/.ai/design-reference/iteration-3/runtime-verified/pairs/rxmtI-browser.png,/home/agent/projects/cezar/.ai/cezar/worktrees/9ae05dcc-cc09-405c-9934-ab364076aa21/.ai/design-reference/iteration-3/design/rxmtI.png
rxmtI,14D. Task changes · Mobile dark,session 06,Changed files,font-size,12px,13px,candidate difference: exact text match; inspect per-node context before changing,/home/agent/projects/cezar/.ai/cezar/worktrees/9ae05dcc-cc09-405c-9934-ab364076aa21/.ai/design-reference/iteration-3/runtime-verified/pairs/rxmtI-browser.png,/home/agent/projects/cezar/.ai/cezar/worktrees/9ae05dcc-cc09-405c-9934-ab364076aa21/.ai/design-reference/iteration-3/design/rxmtI.png
PjeE9,15A. Task commits · Desktop light,session 06,1 commit in this task,font-size,14px,16px,candidate difference: exact text match; inspect per-node context before changing,/home/agent/projects/cezar/.ai/cezar/worktrees/9ae05dcc-cc09-405c-9934-ab364076aa21/.ai/design-reference/iteration-3/runtime-verified/pairs/PjeE9-browser.png,/home/agent/projects/cezar/.ai/cezar/worktrees/9ae05dcc-cc09-405c-9934-ab364076aa21/.ai/design-reference/iteration-3/design/PjeE9.png
feU0A,15C. Task commits · Mobile light,session 06,1 commit in this task,font-size,14px,16px,candidate difference: exact text match; inspect per-node context before changing,/home/agent/projects/cezar/.ai/cezar/worktrees/9ae05dcc-cc09-405c-9934-ab364076aa21/.ai/design-reference/iteration-3/runtime-verified/pairs/feU0A-browser.png,/home/agent/projects/cezar/.ai/cezar/worktrees/9ae05dcc-cc09-405c-9934-ab364076aa21/.ai/design-reference/iteration-3/design/feU0A.png
HClxj,15B. Task commits · Desktop dark,session 06,1 commit in this task,font-size,14px,16px,candidate difference: exact text match; inspect per-node context before changing,/home/agent/projects/cezar/.ai/cezar/worktrees/9ae05dcc-cc09-405c-9934-ab364076aa21/.ai/design-reference/iteration-3/runtime-verified/pairs/HClxj-browser.png,/home/agent/projects/cezar/.ai/cezar/worktrees/9ae05dcc-cc09-405c-9934-ab364076aa21/.ai/design-reference/iteration-3/design/HClxj.png
ODSy3,15D. Task commits · Mobile dark,session 06,1 commit in this task,font-size,14px,16px,candidate difference: exact text match; inspect per-node context before changing,/home/agent/projects/cezar/.ai/cezar/worktrees/9ae05dcc-cc09-405c-9934-ab364076aa21/.ai/design-reference/iteration-3/runtime-verified/pairs/ODSy3-browser.png,/home/agent/projects/cezar/.ai/cezar/worktrees/9ae05dcc-cc09-405c-9934-ab364076aa21/.ai/design-reference/iteration-3/design/ODSy3.png
MFtcY,16A. Task files · Desktop light,session 06,.ai,font-size,13px,12px,candidate difference: exact text match; inspect per-node context before changing,/home/agent/projects/cezar/.ai/cezar/worktrees/9ae05dcc-cc09-405c-9934-ab364076aa21/.ai/design-reference/iteration-3/runtime-verified/pairs/MFtcY-browser.png,/home/agent/projects/cezar/.ai/cezar/worktrees/9ae05dcc-cc09-405c-9934-ab364076aa21/.ai/design-reference/iteration-3/design/MFtcY.png
MFtcY,16A. Task files · Desktop light,session 06,.ai,line-height,19.5px,19px,candidate difference: exact text match; inspect per-node context before changing,/home/agent/projects/cezar/.ai/cezar/worktrees/9ae05dcc-cc09-405c-9934-ab364076aa21/.ai/design-reference/iteration-3/runtime-verified/pairs/MFtcY-browser.png,/home/agent/projects/cezar/.ai/cezar/worktrees/9ae05dcc-cc09-405c-9934-ab364076aa21/.ai/design-reference/iteration-3/design/MFtcY.png
MFtcY,16A. Task files · Desktop light,session 06,Select a file,font-size,24px,20px,candidate difference: exact text match; inspect per-node context before changing,/home/agent/projects/cezar/.ai/cezar/worktrees/9ae05dcc-cc09-405c-9934-ab364076aa21/.ai/design-reference/iteration-3/runtime-verified/pairs/MFtcY-browser.png,/home/agent/projects/cezar/.ai/cezar/worktrees/9ae05dcc-cc09-405c-9934-ab364076aa21/.ai/design-reference/iteration-3/design/MFtcY.png
MFtcY,16A. Task files · Desktop light,session 06,Browsing files is read-only. Worktree contents may differ from your main checkout.,font-size,12px,11px,candidate difference: exact text match; inspect per-node context before changing,/home/agent/projects/cezar/.ai/cezar/worktrees/9ae05dcc-cc09-405c-9934-ab364076aa21/.ai/design-reference/iteration-3/runtime-verified/pairs/MFtcY-browser.png,/home/agent/projects/cezar/.ai/cezar/worktrees/9ae05dcc-cc09-405c-9934-ab364076aa21/.ai/design-reference/iteration-3/design/MFtcY.png
MFtcY,16A. Task files · Desktop light,session 06,Browsing files is read-only. Worktree contents may differ from your main checkout.,line-height,16px,18px,candidate difference: exact text match; inspect per-node context before changing,/home/agent/projects/cezar/.ai/cezar/worktrees/9ae05dcc-cc09-405c-9934-ab364076aa21/.ai/design-reference/iteration-3/runtime-verified/pairs/MFtcY-browser.png,/home/agent/projects/cezar/.ai/cezar/worktrees/9ae05dcc-cc09-405c-9934-ab364076aa21/.ai/design-reference/iteration-3/design/MFtcY.png
LAKkC,16C. Task files · Mobile light,session 06,.ai,font-size,13px,12px,candidate difference: exact text match; inspect per-node context before changing,/home/agent/projects/cezar/.ai/cezar/worktrees/9ae05dcc-cc09-405c-9934-ab364076aa21/.ai/design-reference/iteration-3/runtime-verified/pairs/LAKkC-browser.png,/home/agent/projects/cezar/.ai/cezar/worktrees/9ae05dcc-cc09-405c-9934-ab364076aa21/.ai/design-reference/iteration-3/design/LAKkC.png
LAKkC,16C. Task files · Mobile light,session 06,.ai,line-height,19.5px,19px,candidate difference: exact text match; inspect per-node context before changing,/home/agent/projects/cezar/.ai/cezar/worktrees/9ae05dcc-cc09-405c-9934-ab364076aa21/.ai/design-reference/iteration-3/runtime-verified/pairs/LAKkC-browser.png,/home/agent/projects/cezar/.ai/cezar/worktrees/9ae05dcc-cc09-405c-9934-ab364076aa21/.ai/design-reference/iteration-3/design/LAKkC.png
LAKkC,16C. Task files · Mobile light,session 06,Select a file,font-size,24px,20px,candidate difference: exact text match; inspect per-node context before changing,/home/agent/projects/cezar/.ai/cezar/worktrees/9ae05dcc-cc09-405c-9934-ab364076aa21/.ai/design-reference/iteration-3/runtime-verified/pairs/LAKkC-browser.png,/home/agent/projects/cezar/.ai/cezar/worktrees/9ae05dcc-cc09-405c-9934-ab364076aa21/.ai/design-reference/iteration-3/design/LAKkC.png
LAKkC,16C. Task files · Mobile light,session 06,Browsing files is read-only. Worktree contents may differ from your main checkout.,font-size,12px,11px,candidate difference: exact text match; inspect per-node context before changing,/home/agent/projects/cezar/.ai/cezar/worktrees/9ae05dcc-cc09-405c-9934-ab364076aa21/.ai/design-reference/iteration-3/runtime-verified/pairs/LAKkC-browser.png,/home/agent/projects/cezar/.ai/cezar/worktrees/9ae05dcc-cc09-405c-9934-ab364076aa21/.ai/design-reference/iteration-3/design/LAKkC.png
LAKkC,16C. Task files · Mobile light,session 06,Browsing files is read-only. Worktree contents may differ from your main checkout.,line-height,16px,18px,candidate difference: exact text match; inspect per-node context before changing,/home/agent/projects/cezar/.ai/cezar/worktrees/9ae05dcc-cc09-405c-9934-ab364076aa21/.ai/design-reference/iteration-3/runtime-verified/pairs/LAKkC-browser.png,/home/agent/projects/cezar/.ai/cezar/worktrees/9ae05dcc-cc09-405c-9934-ab364076aa21/.ai/design-reference/iteration-3/design/LAKkC.png
l3f2r3,16B. Task files · Desktop dark,session 06,.ai,font-size,13px,12px,candidate difference: exact text match; inspect per-node context before changing,/home/agent/projects/cezar/.ai/cezar/worktrees/9ae05dcc-cc09-405c-9934-ab364076aa21/.ai/design-reference/iteration-3/runtime-verified/pairs/l3f2r3-browser.png,/home/agent/projects/cezar/.ai/cezar/worktrees/9ae05dcc-cc09-405c-9934-ab364076aa21/.ai/design-reference/iteration-3/design/l3f2r3.png
l3f2r3,16B. Task files · Desktop dark,session 06,.ai,line-height,19.5px,19px,candidate difference: exact text match; inspect per-node context before changing,/home/agent/projects/cezar/.ai/cezar/worktrees/9ae05dcc-cc09-405c-9934-ab364076aa21/.ai/design-reference/iteration-3/runtime-verified/pairs/l3f2r3-browser.png,/home/agent/projects/cezar/.ai/cezar/worktrees/9ae05dcc-cc09-405c-9934-ab364076aa21/.ai/design-reference/iteration-3/design/l3f2r3.png
l3f2r3,16B. Task files · Desktop dark,session 06,Select a file,font-size,24px,20px,candidate difference: exact text match; inspect per-node context before changing,/home/agent/projects/cezar/.ai/cezar/worktrees/9ae05dcc-cc09-405c-9934-ab364076aa21/.ai/design-reference/iteration-3/runtime-verified/pairs/l3f2r3-browser.png,/home/agent/projects/cezar/.ai/cezar/worktrees/9ae05dcc-cc09-405c-9934-ab364076aa21/.ai/design-reference/iteration-3/design/l3f2r3.png
l3f2r3,16B. Task files · Desktop dark,session 06,Browsing files is read-only. Worktree contents may differ from your main checkout.,font-size,12px,11px,candidate difference: exact text match; inspect per-node context before changing,/home/agent/projects/cezar/.ai/cezar/worktrees/9ae05dcc-cc09-405c-9934-ab364076aa21/.ai/design-reference/iteration-3/runtime-verified/pairs/l3f2r3-browser.png,/home/agent/projects/cezar/.ai/cezar/worktrees/9ae05dcc-cc09-405c-9934-ab364076aa21/.ai/design-reference/iteration-3/design/l3f2r3.png
l3f2r3,16B. Task files · Desktop dark,session 06,Browsing files is read-only. Worktree contents may differ from your main checkout.,line-height,16px,18px,candidate difference: exact text match; inspect per-node context before changing,/home/agent/projects/cezar/.ai/cezar/worktrees/9ae05dcc-cc09-405c-9934-ab364076aa21/.ai/design-reference/iteration-3/runtime-verified/pairs/l3f2r3-browser.png,/home/agent/projects/cezar/.ai/cezar/worktrees/9ae05dcc-cc09-405c-9934-ab364076aa21/.ai/design-reference/iteration-3/design/l3f2r3.png
S1Gdo,16D. Task files · Mobile dark,session 06,.ai,font-size,13px,12px,candidate difference: exact text match; inspect per-node context before changing,/home/agent/projects/cezar/.ai/cezar/worktrees/9ae05dcc-cc09-405c-9934-ab364076aa21/.ai/design-reference/iteration-3/runtime-verified/pairs/S1Gdo-browser.png,/home/agent/projects/cezar/.ai/cezar/worktrees/9ae05dcc-cc09-405c-9934-ab364076aa21/.ai/design-reference/iteration-3/design/S1Gdo.png
S1Gdo,16D. Task files · Mobile dark,session 06,.ai,line-height,19.5px,19px,candidate difference: exact text match; inspect per-node context before changing,/home/agent/projects/cezar/.ai/cezar/worktrees/9ae05dcc-cc09-405c-9934-ab364076aa21/.ai/design-reference/iteration-3/runtime-verified/pairs/S1Gdo-browser.png,/home/agent/projects/cezar/.ai/cezar/worktrees/9ae05dcc-cc09-405c-9934-ab364076aa21/.ai/design-reference/iteration-3/design/S1Gdo.png
S1Gdo,16D. Task files · Mobile dark,session 06,Select a file,font-size,24px,20px,candidate difference: exact text match; inspect per-node context before changing,/home/agent/projects/cezar/.ai/cezar/worktrees/9ae05dcc-cc09-405c-9934-ab364076aa21/.ai/design-reference/iteration-3/runtime-verified/pairs/S1Gdo-browser.png,/home/agent/projects/cezar/.ai/cezar/worktrees/9ae05dcc-cc09-405c-9934-ab364076aa21/.ai/design-reference/iteration-3/design/S1Gdo.png
S1Gdo,16D. Task files · Mobile dark,session 06,Browsing files is read-only. Worktree contents may differ from your main checkout.,font-size,12px,11px,candidate difference: exact text match; inspect per-node context before changing,/home/agent/projects/cezar/.ai/cezar/worktrees/9ae05dcc-cc09-405c-9934-ab364076aa21/.ai/design-reference/iteration-3/runtime-verified/pairs/S1Gdo-browser.png,/home/agent/projects/cezar/.ai/cezar/worktrees/9ae05dcc-cc09-405c-9934-ab364076aa21/.ai/design-reference/iteration-3/design/S1Gdo.png
S1Gdo,16D. Task files · Mobile dark,session 06,Browsing files is read-only. Worktree contents may differ from your main checkout.,line-height,16px,18px,candidate difference: exact text match; inspect per-node context before changing,/home/agent/projects/cezar/.ai/cezar/worktrees/9ae05dcc-cc09-405c-9934-ab364076aa21/.ai/design-reference/iteration-3/runtime-verified/pairs/S1Gdo-browser.png,/home/agent/projects/cezar/.ai/cezar/worktrees/9ae05dcc-cc09-405c-9934-ab364076aa21/.ai/design-reference/iteration-3/design/S1Gdo.png
e8wQer,19A. Inbox · Follow-up review,tasks 445,"Follow-ups from your agents. Review the suggestion, then start a new task.",line-height,19.5px,20px,candidate difference: exact text match; inspect per-node context before changing,/home/agent/projects/cezar/.ai/cezar/worktrees/9ae05dcc-cc09-405c-9934-ab364076aa21/.ai/design-reference/iteration-3/runtime-verified/pairs/e8wQer-browser.png,/home/agent/projects/cezar/.ai/cezar/worktrees/9ae05dcc-cc09-405c-9934-ab364076aa21/.ai/design-reference/iteration-3/design/e8wQer.png
e8wQer,19A. Inbox · Follow-up review,tasks 445,Dismiss,font-size,12.5px,12px,candidate difference: exact text match; inspect per-node context before changing,/home/agent/projects/cezar/.ai/cezar/worktrees/9ae05dcc-cc09-405c-9934-ab364076aa21/.ai/design-reference/iteration-3/runtime-verified/pairs/e8wQer-browser.png,/home/agent/projects/cezar/.ai/cezar/worktrees/9ae05dcc-cc09-405c-9934-ab364076aa21/.ai/design-reference/iteration-3/design/e8wQer.png
e8wQer,19A. Inbox · Follow-up review,tasks 445,Dismiss,font-weight,600,500,candidate difference: exact text match; inspect per-node context before changing,/home/agent/projects/cezar/.ai/cezar/worktrees/9ae05dcc-cc09-405c-9934-ab364076aa21/.ai/design-reference/iteration-3/runtime-verified/pairs/e8wQer-browser.png,/home/agent/projects/cezar/.ai/cezar/worktrees/9ae05dcc-cc09-405c-9934-ab364076aa21/.ai/design-reference/iteration-3/design/e8wQer.png
f2220g,20A. Automations · List and activity,tasks 445,Test filter,font-size,12.5px,12px,candidate difference: exact text match; inspect per-node context before changing,/home/agent/projects/cezar/.ai/cezar/worktrees/9ae05dcc-cc09-405c-9934-ab364076aa21/.ai/design-reference/iteration-3/runtime-verified/pairs/f2220g-browser.png,/home/agent/projects/cezar/.ai/cezar/worktrees/9ae05dcc-cc09-405c-9934-ab364076aa21/.ai/design-reference/iteration-3/design/f2220g.png
f2220g,20A. Automations · List and activity,tasks 445,Test filter,font-weight,600,400,candidate difference: exact text match; inspect per-node context before changing,/home/agent/projects/cezar/.ai/cezar/worktrees/9ae05dcc-cc09-405c-9934-ab364076aa21/.ai/design-reference/iteration-3/runtime-verified/pairs/f2220g-browser.png,/home/agent/projects/cezar/.ai/cezar/worktrees/9ae05dcc-cc09-405c-9934-ab364076aa21/.ai/design-reference/iteration-3/design/f2220g.png
f2220g,20A. Automations · List and activity,tasks 445,Enable,font-size,12.5px,12px,candidate difference: exact text match; inspect per-node context before changing,/home/agent/projects/cezar/.ai/cezar/worktrees/9ae05dcc-cc09-405c-9934-ab364076aa21/.ai/design-reference/iteration-3/runtime-verified/pairs/f2220g-browser.png,/home/agent/projects/cezar/.ai/cezar/worktrees/9ae05dcc-cc09-405c-9934-ab364076aa21/.ai/design-reference/iteration-3/design/f2220g.png
f2220g,20A. Automations · List and activity,tasks 445,Enable,font-weight,600,400,candidate difference: exact text match; inspect per-node context before changing,/home/agent/projects/cezar/.ai/cezar/worktrees/9ae05dcc-cc09-405c-9934-ab364076aa21/.ai/design-reference/iteration-3/runtime-verified/pairs/f2220g-browser.png,/home/agent/projects/cezar/.ai/cezar/worktrees/9ae05dcc-cc09-405c-9934-ab364076aa21/.ai/design-reference/iteration-3/design/f2220g.png
f2220g,20A. Automations · List and activity,tasks 445,Recent activity,font-weight,500,400,candidate difference: exact text match; inspect per-node context before changing,/home/agent/projects/cezar/.ai/cezar/worktrees/9ae05dcc-cc09-405c-9934-ab364076aa21/.ai/design-reference/iteration-3/runtime-verified/pairs/f2220g-browser.png,/home/agent/projects/cezar/.ai/cezar/worktrees/9ae05dcc-cc09-405c-9934-ab364076aa21/.ai/design-reference/iteration-3/design/f2220g.png
f2220g,20A. Automations · List and activity,tasks 445,Recent activity,line-height,28px,27px,candidate difference: exact text match; inspect per-node context before changing,/home/agent/projects/cezar/.ai/cezar/worktrees/9ae05dcc-cc09-405c-9934-ab364076aa21/.ai/design-reference/iteration-3/runtime-verified/pairs/f2220g-browser.png,/home/agent/projects/cezar/.ai/cezar/worktrees/9ae05dcc-cc09-405c-9934-ab364076aa21/.ai/design-reference/iteration-3/design/f2220g.png
UFERI,20B. Automations · Editor,tasks 445,Edit automation,font-weight,500,400,candidate difference: exact text match; inspect per-node context before changing,/home/agent/projects/cezar/.ai/cezar/worktrees/9ae05dcc-cc09-405c-9934-ab364076aa21/.ai/design-reference/iteration-3/runtime-verified/pairs/UFERI-browser.png,/home/agent/projects/cezar/.ai/cezar/worktrees/9ae05dcc-cc09-405c-9934-ab364076aa21/.ai/design-reference/iteration-3/design/UFERI.png
UFERI,20B. Automations · Editor,tasks 445,Save automation,font-size,13px,12px,candidate difference: exact text match; inspect per-node context before changing,/home/agent/projects/cezar/.ai/cezar/worktrees/9ae05dcc-cc09-405c-9934-ab364076aa21/.ai/design-reference/iteration-3/runtime-verified/pairs/UFERI-browser.png,/home/agent/projects/cezar/.ai/cezar/worktrees/9ae05dcc-cc09-405c-9934-ab364076aa21/.ai/design-reference/iteration-3/design/UFERI.png
UFERI,20B. Automations · Editor,tasks 445,Save automation,font-weight,600,400,candidate difference: exact text match; inspect per-node context before changing,/home/agent/projects/cezar/.ai/cezar/worktrees/9ae05dcc-cc09-405c-9934-ab364076aa21/.ai/design-reference/iteration-3/runtime-verified/pairs/UFERI-browser.png,/home/agent/projects/cezar/.ai/cezar/worktrees/9ae05dcc-cc09-405c-9934-ab364076aa21/.ai/design-reference/iteration-3/design/UFERI.png
UFERI,20B. Automations · Editor,tasks 445,Cancel,font-size,13px,12px,candidate difference: exact text match; inspect per-node context before changing,/home/agent/projects/cezar/.ai/cezar/worktrees/9ae05dcc-cc09-405c-9934-ab364076aa21/.ai/design-reference/iteration-3/runtime-verified/pairs/UFERI-browser.png,/home/agent/projects/cezar/.ai/cezar/worktrees/9ae05dcc-cc09-405c-9934-ab364076aa21/.ai/design-reference/iteration-3/design/UFERI.png
UFERI,20B. Automations · Editor,tasks 445,Cancel,font-weight,600,400,candidate difference: exact text match; inspect per-node context before changing,/home/agent/projects/cezar/.ai/cezar/worktrees/9ae05dcc-cc09-405c-9934-ab364076aa21/.ai/design-reference/iteration-3/runtime-verified/pairs/UFERI-browser.png,/home/agent/projects/cezar/.ai/cezar/worktrees/9ae05dcc-cc09-405c-9934-ab364076aa21/.ai/design-reference/iteration-3/design/UFERI.png
yH9DZ,21A. Variant comparison · Results,tasks 445,Compare variants,font-weight,500,400,candidate difference: exact text match; inspect per-node context before changing,/home/agent/projects/cezar/.ai/cezar/worktrees/9ae05dcc-cc09-405c-9934-ab364076aa21/.ai/design-reference/iteration-3/runtime-verified/pairs/yH9DZ-browser.png,/home/agent/projects/cezar/.ai/cezar/worktrees/9ae05dcc-cc09-405c-9934-ab364076aa21/.ai/design-reference/iteration-3/design/yH9DZ.png
yH9DZ,21A. Variant comparison · Results,tasks 445,Pick variant A,font-size,13px,12px,candidate difference: exact text match; inspect per-node context before changing,/home/agent/projects/cezar/.ai/cezar/worktrees/9ae05dcc-cc09-405c-9934-ab364076aa21/.ai/design-reference/iteration-3/runtime-verified/pairs/yH9DZ-browser.png,/home/agent/projects/cezar/.ai/cezar/worktrees/9ae05dcc-cc09-405c-9934-ab364076aa21/.ai/design-reference/iteration-3/design/yH9DZ.png
yH9DZ,21A. Variant comparison · Results,tasks 445,Pick variant A,font-weight,600,400,candidate difference: exact text match; inspect per-node context before changing,/home/agent/projects/cezar/.ai/cezar/worktrees/9ae05dcc-cc09-405c-9934-ab364076aa21/.ai/design-reference/iteration-3/runtime-verified/pairs/yH9DZ-browser.png,/home/agent/projects/cezar/.ai/cezar/worktrees/9ae05dcc-cc09-405c-9934-ab364076aa21/.ai/design-reference/iteration-3/design/yH9DZ.png
yH9DZ,21A. Variant comparison · Results,tasks 445,Pick variant B,font-size,13px,12px,candidate difference: exact text match; inspect per-node context before changing,/home/agent/projects/cezar/.ai/cezar/worktrees/9ae05dcc-cc09-405c-9934-ab364076aa21/.ai/design-reference/iteration-3/runtime-verified/pairs/yH9DZ-browser.png,/home/agent/projects/cezar/.ai/cezar/worktrees/9ae05dcc-cc09-405c-9934-ab364076aa21/.ai/design-reference/iteration-3/design/yH9DZ.png
yH9DZ,21A. Variant comparison · Results,tasks 445,Pick variant B,font-weight,600,400,candidate difference: exact text match; inspect per-node context before changing,/home/agent/projects/cezar/.ai/cezar/worktrees/9ae05dcc-cc09-405c-9934-ab364076aa21/.ai/design-reference/iteration-3/runtime-verified/pairs/yH9DZ-browser.png,/home/agent/projects/cezar/.ai/cezar/worktrees/9ae05dcc-cc09-405c-9934-ab364076aa21/.ai/design-reference/iteration-3/design/yH9DZ.png
O2W1k,23A. New task · Starters and follow-ups,session 06,New task,font-size,11px,13px,candidate difference: exact text match; inspect per-node context before changing,/home/agent/projects/cezar/.ai/cezar/worktrees/9ae05dcc-cc09-405c-9934-ab364076aa21/.ai/design-reference/iteration-3/runtime-verified/pairs/O2W1k-browser.png,/home/agent/projects/cezar/.ai/cezar/worktrees/9ae05dcc-cc09-405c-9934-ab364076aa21/.ai/design-reference/iteration-3/design/O2W1k.png
O2W1k,23A. New task · Starters and follow-ups,session 06,New task,font-weight,600,400|500,candidate difference: exact text match; inspect per-node context before changing,/home/agent/projects/cezar/.ai/cezar/worktrees/9ae05dcc-cc09-405c-9934-ab364076aa21/.ai/design-reference/iteration-3/runtime-verified/pairs/O2W1k-browser.png,/home/agent/projects/cezar/.ai/cezar/worktrees/9ae05dcc-cc09-405c-9934-ab364076aa21/.ai/design-reference/iteration-3/design/O2W1k.png
O2W1k,23A. New task · Starters and follow-ups,session 06,What should the agent work on?,font-size,28px,30px,candidate difference: exact text match; inspect per-node context before changing,/home/agent/projects/cezar/.ai/cezar/worktrees/9ae05dcc-cc09-405c-9934-ab364076aa21/.ai/design-reference/iteration-3/runtime-verified/pairs/O2W1k-browser.png,/home/agent/projects/cezar/.ai/cezar/worktrees/9ae05dcc-cc09-405c-9934-ab364076aa21/.ai/design-reference/iteration-3/design/O2W1k.png
O2W1k,23A. New task · Starters and follow-ups,session 06,Start with a suggestion,font-weight,500,400,candidate difference: exact text match; inspect per-node context before changing,/home/agent/projects/cezar/.ai/cezar/worktrees/9ae05dcc-cc09-405c-9934-ab364076aa21/.ai/design-reference/iteration-3/runtime-verified/pairs/O2W1k-browser.png,/home/agent/projects/cezar/.ai/cezar/worktrees/9ae05dcc-cc09-405c-9934-ab364076aa21/.ai/design-reference/iteration-3/design/O2W1k.png
O2W1k,23A. New task · Starters and follow-ups,session 06,Start with a suggestion,line-height,16px,18px,candidate difference: exact text match; inspect per-node context before changing,/home/agent/projects/cezar/.ai/cezar/worktrees/9ae05dcc-cc09-405c-9934-ab364076aa21/.ai/design-reference/iteration-3/runtime-verified/pairs/O2W1k-browser.png,/home/agent/projects/cezar/.ai/cezar/worktrees/9ae05dcc-cc09-405c-9934-ab364076aa21/.ai/design-reference/iteration-3/design/O2W1k.png
O2W1k,23A. New task · Starters and follow-ups,session 06,Template,font-weight,500,400,candidate difference: exact text match; inspect per-node context before changing,/home/agent/projects/cezar/.ai/cezar/worktrees/9ae05dcc-cc09-405c-9934-ab364076aa21/.ai/design-reference/iteration-3/runtime-verified/pairs/O2W1k-browser.png,/home/agent/projects/cezar/.ai/cezar/worktrees/9ae05dcc-cc09-405c-9934-ab364076aa21/.ai/design-reference/iteration-3/design/O2W1k.png
O2W1k,23A. New task · Starters and follow-ups,session 06,Skill,font-size,11.5px,12px,candidate difference: exact text match; inspect per-node context before changing,/home/agent/projects/cezar/.ai/cezar/worktrees/9ae05dcc-cc09-405c-9934-ab364076aa21/.ai/design-reference/iteration-3/runtime-verified/pairs/O2W1k-browser.png,/home/agent/projects/cezar/.ai/cezar/worktrees/9ae05dcc-cc09-405c-9934-ab364076aa21/.ai/design-reference/iteration-3/design/O2W1k.png
O2W1k,23A. New task · Starters and follow-ups,session 06,Control where and how this task runs.,line-height,16.5px,18px,candidate difference: exact text match; inspect per-node context before changing,/home/agent/projects/cezar/.ai/cezar/worktrees/9ae05dcc-cc09-405c-9934-ab364076aa21/.ai/design-reference/iteration-3/runtime-verified/pairs/O2W1k-browser.png,/home/agent/projects/cezar/.ai/cezar/worktrees/9ae05dcc-cc09-405c-9934-ab364076aa21/.ai/design-reference/iteration-3/design/O2W1k.png
O2W1k,23A. New task · Starters and follow-ups,session 06,"Changes stay in their own worktree, separate from your working directory.",line-height,20px,19px,candidate difference: exact text match; inspect per-node context before changing,/home/agent/projects/cezar/.ai/cezar/worktrees/9ae05dcc-cc09-405c-9934-ab364076aa21/.ai/design-reference/iteration-3/runtime-verified/pairs/O2W1k-browser.png,/home/agent/projects/cezar/.ai/cezar/worktrees/9ae05dcc-cc09-405c-9934-ab364076aa21/.ai/design-reference/iteration-3/design/O2W1k.png
O2W1k,23A. New task · Starters and follow-ups,session 06,Follow-ups,font-size,13px,15px,candidate difference: exact text match; inspect per-node context before changing,/home/agent/projects/cezar/.ai/cezar/worktrees/9ae05dcc-cc09-405c-9934-ab364076aa21/.ai/design-reference/iteration-3/runtime-verified/pairs/O2W1k-browser.png,/home/agent/projects/cezar/.ai/cezar/worktrees/9ae05dcc-cc09-405c-9934-ab364076aa21/.ai/design-reference/iteration-3/design/O2W1k.png
O2W1k,23A. New task · Starters and follow-ups,session 06,Follow-ups,font-weight,500,400,candidate difference: exact text match; inspect per-node context before changing,/home/agent/projects/cezar/.ai/cezar/worktrees/9ae05dcc-cc09-405c-9934-ab364076aa21/.ai/design-reference/iteration-3/runtime-verified/pairs/O2W1k-browser.png,/home/agent/projects/cezar/.ai/cezar/worktrees/9ae05dcc-cc09-405c-9934-ab364076aa21/.ai/design-reference/iteration-3/design/O2W1k.png
O2W1k,23A. New task · Starters and follow-ups,session 06,Follow-ups,line-height,19.5px,23px,candidate difference: exact text match; inspect per-node context before changing,/home/agent/projects/cezar/.ai/cezar/worktrees/9ae05dcc-cc09-405c-9934-ab364076aa21/.ai/design-reference/iteration-3/runtime-verified/pairs/O2W1k-browser.png,/home/agent/projects/cezar/.ai/cezar/worktrees/9ae05dcc-cc09-405c-9934-ab364076aa21/.ai/design-reference/iteration-3/design/O2W1k.png
O2W1k,23A. New task · Starters and follow-ups,session 06,Start,font-size,12px,13px,candidate difference: exact text match; inspect per-node context before changing,/home/agent/projects/cezar/.ai/cezar/worktrees/9ae05dcc-cc09-405c-9934-ab364076aa21/.ai/design-reference/iteration-3/runtime-verified/pairs/O2W1k-browser.png,/home/agent/projects/cezar/.ai/cezar/worktrees/9ae05dcc-cc09-405c-9934-ab364076aa21/.ai/design-reference/iteration-3/design/O2W1k.png
O2W1k,23A. New task · Starters and follow-ups,session 06,Plan first,font-size,12px,13px,candidate difference: exact text match; inspect per-node context before changing,/home/agent/projects/cezar/.ai/cezar/worktrees/9ae05dcc-cc09-405c-9934-ab364076aa21/.ai/design-reference/iteration-3/runtime-verified/pairs/O2W1k-browser.png,/home/agent/projects/cezar/.ai/cezar/worktrees/9ae05dcc-cc09-405c-9934-ab364076aa21/.ai/design-reference/iteration-3/design/O2W1k.png
O2W1k,23A. New task · Starters and follow-ups,session 06,Start task,font-size,16px,14px,candidate difference: exact text match; inspect per-node context before changing,/home/agent/projects/cezar/.ai/cezar/worktrees/9ae05dcc-cc09-405c-9934-ab364076aa21/.ai/design-reference/iteration-3/runtime-verified/pairs/O2W1k-browser.png,/home/agent/projects/cezar/.ai/cezar/worktrees/9ae05dcc-cc09-405c-9934-ab364076aa21/.ai/design-reference/iteration-3/design/O2W1k.png
qTzd6,24A. Shared navigation · Optional tools and project entry,tools e2fa,Open an existing local folder or clone a GitHub repository.,line-height,19.5px,20px,candidate difference: exact text match; inspect per-node context before changing,/home/agent/projects/cezar/.ai/cezar/worktrees/9ae05dcc-cc09-405c-9934-ab364076aa21/.ai/design-reference/iteration-3/runtime-verified/pairs/qTzd6-browser.png,/home/agent/projects/cezar/.ai/cezar/worktrees/9ae05dcc-cc09-405c-9934-ab364076aa21/.ai/design-reference/iteration-3/design/qTzd6.png
qTzd6,24A. Shared navigation · Optional tools and project entry,tools e2fa,Check the tools available to this local workspace.,line-height,19.5px,20px,candidate difference: exact text match; inspect per-node context before changing,/home/agent/projects/cezar/.ai/cezar/worktrees/9ae05dcc-cc09-405c-9934-ab364076aa21/.ai/design-reference/iteration-3/runtime-verified/pairs/qTzd6-browser.png,/home/agent/projects/cezar/.ai/cezar/worktrees/9ae05dcc-cc09-405c-9934-ab364076aa21/.ai/design-reference/iteration-3/design/qTzd6.png
ur8ZK,S02. Project settings / Agents · Desktop light,settings ba089,Project settings,font-size,28px,13px|30px,candidate difference: exact text match; inspect per-node context before changing,/home/agent/projects/cezar/.ai/cezar/worktrees/9ae05dcc-cc09-405c-9934-ab364076aa21/.ai/design-reference/iteration-3/runtime-verified/pairs/ur8ZK-browser.png,/home/agent/projects/cezar/.ai/cezar/worktrees/9ae05dcc-cc09-405c-9934-ab364076aa21/.ai/design-reference/iteration-3/design/ur8ZK.png
ur8ZK,S02. Project settings / Agents · Desktop light,settings ba089,Agents,font-size,20px,12px|21px,candidate difference: exact text match; inspect per-node context before changing,/home/agent/projects/cezar/.ai/cezar/worktrees/9ae05dcc-cc09-405c-9934-ab364076aa21/.ai/design-reference/iteration-3/runtime-verified/pairs/ur8ZK-browser.png,/home/agent/projects/cezar/.ai/cezar/worktrees/9ae05dcc-cc09-405c-9934-ab364076aa21/.ai/design-reference/iteration-3/design/ur8ZK.png
ur8ZK,S02. Project settings / Agents · Desktop light,settings ba089,System prompt,line-height,20px,21px,candidate difference: exact text match; inspect per-node context before changing,/home/agent/projects/cezar/.ai/cezar/worktrees/9ae05dcc-cc09-405c-9934-ab364076aa21/.ai/design-reference/iteration-3/runtime-verified/pairs/ur8ZK-browser.png,/home/agent/projects/cezar/.ai/cezar/worktrees/9ae05dcc-cc09-405c-9934-ab364076aa21/.ai/design-reference/iteration-3/design/ur8ZK.png
ur8ZK,S02. Project settings / Agents · Desktop light,settings ba089,Live title updates,font-size,14px,13px,candidate difference: exact text match; inspect per-node context before changing,/home/agent/projects/cezar/.ai/cezar/worktrees/9ae05dcc-cc09-405c-9934-ab364076aa21/.ai/design-reference/iteration-3/runtime-verified/pairs/ur8ZK-browser.png,/home/agent/projects/cezar/.ai/cezar/worktrees/9ae05dcc-cc09-405c-9934-ab364076aa21/.ai/design-reference/iteration-3/design/ur8ZK.png
ur8ZK,S02. Project settings / Agents · Desktop light,settings ba089,Review changes before finishing,font-size,14px,13px,candidate difference: exact text match; inspect per-node context before changing,/home/agent/projects/cezar/.ai/cezar/worktrees/9ae05dcc-cc09-405c-9934-ab364076aa21/.ai/design-reference/iteration-3/runtime-verified/pairs/ur8ZK-browser.png,/home/agent/projects/cezar/.ai/cezar/worktrees/9ae05dcc-cc09-405c-9934-ab364076aa21/.ai/design-reference/iteration-3/design/ur8ZK.png
ur8ZK,S02. Project settings / Agents · Desktop light,settings ba089,Base branch,line-height,20px,21px,candidate difference: exact text match; inspect per-node context before changing,/home/agent/projects/cezar/.ai/cezar/worktrees/9ae05dcc-cc09-405c-9934-ab364076aa21/.ai/design-reference/iteration-3/runtime-verified/pairs/ur8ZK-browser.png,/home/agent/projects/cezar/.ai/cezar/worktrees/9ae05dcc-cc09-405c-9934-ab364076aa21/.ai/design-reference/iteration-3/design/ur8ZK.png
w1inBF,S03. Project settings / Agent config · Desktop light,settings ba089,Project settings,font-size,28px,13px|30px,candidate difference: exact text match; inspect per-node context before changing,/home/agent/projects/cezar/.ai/cezar/worktrees/9ae05dcc-cc09-405c-9934-ab364076aa21/.ai/design-reference/iteration-3/runtime-verified/pairs/w1inBF-browser.png,/home/agent/projects/cezar/.ai/cezar/worktrees/9ae05dcc-cc09-405c-9934-ab364076aa21/.ai/design-reference/iteration-3/design/w1inBF.png
w1inBF,S03. Project settings / Agent config · Desktop light,settings ba089,Agent config,font-size,20px,12px|21px,candidate difference: exact text match; inspect per-node context before changing,/home/agent/projects/cezar/.ai/cezar/worktrees/9ae05dcc-cc09-405c-9934-ab364076aa21/.ai/design-reference/iteration-3/runtime-verified/pairs/w1inBF-browser.png,/home/agent/projects/cezar/.ai/cezar/worktrees/9ae05dcc-cc09-405c-9934-ab364076aa21/.ai/design-reference/iteration-3/design/w1inBF.png
w1inBF,S03. Project settings / Agent config · Desktop light,settings ba089,Settings,font-weight,500,400,candidate difference: exact text match; inspect per-node context before changing,/home/agent/projects/cezar/.ai/cezar/worktrees/9ae05dcc-cc09-405c-9934-ab364076aa21/.ai/design-reference/iteration-3/runtime-verified/pairs/w1inBF-browser.png,/home/agent/projects/cezar/.ai/cezar/worktrees/9ae05dcc-cc09-405c-9934-ab364076aa21/.ai/design-reference/iteration-3/design/w1inBF.png
LmL0v,S04. Project settings / Worktrees · Desktop light,settings ba089,Project settings,font-size,28px,13px|30px,candidate difference: exact text match; inspect per-node context before changing,/home/agent/projects/cezar/.ai/cezar/worktrees/9ae05dcc-cc09-405c-9934-ab364076aa21/.ai/design-reference/iteration-3/runtime-verified/pairs/LmL0v-browser.png,/home/agent/projects/cezar/.ai/cezar/worktrees/9ae05dcc-cc09-405c-9934-ab364076aa21/.ai/design-reference/iteration-3/design/LmL0v.png
LmL0v,S04. Project settings / Worktrees · Desktop light,settings ba089,Worktrees,font-size,20px,12px|21px,candidate difference: exact text match; inspect per-node context before changing,/home/agent/projects/cezar/.ai/cezar/worktrees/9ae05dcc-cc09-405c-9934-ab364076aa21/.ai/design-reference/iteration-3/runtime-verified/pairs/LmL0v-browser.png,/home/agent/projects/cezar/.ai/cezar/worktrees/9ae05dcc-cc09-405c-9934-ab364076aa21/.ai/design-reference/iteration-3/design/LmL0v.png
LmL0v,S04. Project settings / Worktrees · Desktop light,settings ba089,Keep last N worktrees,line-height,20px,21px,candidate difference: exact text match; inspect per-node context before changing,/home/agent/projects/cezar/.ai/cezar/worktrees/9ae05dcc-cc09-405c-9934-ab364076aa21/.ai/design-reference/iteration-3/runtime-verified/pairs/LmL0v-browser.png,/home/agent/projects/cezar/.ai/cezar/worktrees/9ae05dcc-cc09-405c-9934-ab364076aa21/.ai/design-reference/iteration-3/design/LmL0v.png
LmL0v,S04. Project settings / Worktrees · Desktop light,settings ba089,Worktrees,font-size,14px,12px|21px,candidate difference: exact text match; inspect per-node context before changing,/home/agent/projects/cezar/.ai/cezar/worktrees/9ae05dcc-cc09-405c-9934-ab364076aa21/.ai/design-reference/iteration-3/runtime-verified/pairs/LmL0v-browser.png,/home/agent/projects/cezar/.ai/cezar/worktrees/9ae05dcc-cc09-405c-9934-ab364076aa21/.ai/design-reference/iteration-3/design/LmL0v.png
LmL0v,S04. Project settings / Worktrees · Desktop light,settings ba089,Open folder,font-size,13px,12px,candidate difference: exact text match; inspect per-node context before changing,/home/agent/projects/cezar/.ai/cezar/worktrees/9ae05dcc-cc09-405c-9934-ab364076aa21/.ai/design-reference/iteration-3/runtime-verified/pairs/LmL0v-browser.png,/home/agent/projects/cezar/.ai/cezar/worktrees/9ae05dcc-cc09-405c-9934-ab364076aa21/.ai/design-reference/iteration-3/design/LmL0v.png
LmL0v,S04. Project settings / Worktrees · Desktop light,settings ba089,Open folder,font-weight,600,400,candidate difference: exact text match; inspect per-node context before changing,/home/agent/projects/cezar/.ai/cezar/worktrees/9ae05dcc-cc09-405c-9934-ab364076aa21/.ai/design-reference/iteration-3/runtime-verified/pairs/LmL0v-browser.png,/home/agent/projects/cezar/.ai/cezar/worktrees/9ae05dcc-cc09-405c-9934-ab364076aa21/.ai/design-reference/iteration-3/design/LmL0v.png
LmL0v,S04. Project settings / Worktrees · Desktop light,settings ba089,Open folder,font-size,13px,12px,candidate difference: exact text match; inspect per-node context before changing,/home/agent/projects/cezar/.ai/cezar/worktrees/9ae05dcc-cc09-405c-9934-ab364076aa21/.ai/design-reference/iteration-3/runtime-verified/pairs/LmL0v-browser.png,/home/agent/projects/cezar/.ai/cezar/worktrees/9ae05dcc-cc09-405c-9934-ab364076aa21/.ai/design-reference/iteration-3/design/LmL0v.png
LmL0v,S04. Project settings / Worktrees · Desktop light,settings ba089,Open folder,font-weight,600,400,candidate difference: exact text match; inspect per-node context before changing,/home/agent/projects/cezar/.ai/cezar/worktrees/9ae05dcc-cc09-405c-9934-ab364076aa21/.ai/design-reference/iteration-3/runtime-verified/pairs/LmL0v-browser.png,/home/agent/projects/cezar/.ai/cezar/worktrees/9ae05dcc-cc09-405c-9934-ab364076aa21/.ai/design-reference/iteration-3/design/LmL0v.png
LmL0v,S04. Project settings / Worktrees · Desktop light,settings ba089,Open folder,font-size,13px,12px,candidate difference: exact text match; inspect per-node context before changing,/home/agent/projects/cezar/.ai/cezar/worktrees/9ae05dcc-cc09-405c-9934-ab364076aa21/.ai/design-reference/iteration-3/runtime-verified/pairs/LmL0v-browser.png,/home/agent/projects/cezar/.ai/cezar/worktrees/9ae05dcc-cc09-405c-9934-ab364076aa21/.ai/design-reference/iteration-3/design/LmL0v.png
LmL0v,S04. Project settings / Worktrees · Desktop light,settings ba089,Open folder,font-weight,600,400,candidate difference: exact text match; inspect per-node context before changing,/home/agent/projects/cezar/.ai/cezar/worktrees/9ae05dcc-cc09-405c-9934-ab364076aa21/.ai/design-reference/iteration-3/runtime-verified/pairs/LmL0v-browser.png,/home/agent/projects/cezar/.ai/cezar/worktrees/9ae05dcc-cc09-405c-9934-ab364076aa21/.ai/design-reference/iteration-3/design/LmL0v.png
LmL0v,S04. Project settings / Worktrees · Desktop light,settings ba089,Open folder,font-size,13px,12px,candidate difference: exact text match; inspect per-node context before changing,/home/agent/projects/cezar/.ai/cezar/worktrees/9ae05dcc-cc09-405c-9934-ab364076aa21/.ai/design-reference/iteration-3/runtime-verified/pairs/LmL0v-browser.png,/home/agent/projects/cezar/.ai/cezar/worktrees/9ae05dcc-cc09-405c-9934-ab364076aa21/.ai/design-reference/iteration-3/design/LmL0v.png
LmL0v,S04. Project settings / Worktrees · Desktop light,settings ba089,Open folder,font-weight,600,400,candidate difference: exact text match; inspect per-node context before changing,/home/agent/projects/cezar/.ai/cezar/worktrees/9ae05dcc-cc09-405c-9934-ab364076aa21/.ai/design-reference/iteration-3/runtime-verified/pairs/LmL0v-browser.png,/home/agent/projects/cezar/.ai/cezar/worktrees/9ae05dcc-cc09-405c-9934-ab364076aa21/.ai/design-reference/iteration-3/design/LmL0v.png
cv6mn,S06. Project settings / Prompt templates · Desktop light,settings ba089,Project settings,font-size,28px,13px|30px,candidate difference: exact text match; inspect per-node context before changing,/home/agent/projects/cezar/.ai/cezar/worktrees/9ae05dcc-cc09-405c-9934-ab364076aa21/.ai/design-reference/iteration-3/runtime-verified/pairs/cv6mn-browser.png,/home/agent/projects/cezar/.ai/cezar/worktrees/9ae05dcc-cc09-405c-9934-ab364076aa21/.ai/design-reference/iteration-3/design/cv6mn.png
cv6mn,S06. Project settings / Prompt templates · Desktop light,settings ba089,Prompt templates,font-size,20px,12px|21px,candidate difference: exact text match; inspect per-node context before changing,/home/agent/projects/cezar/.ai/cezar/worktrees/9ae05dcc-cc09-405c-9934-ab364076aa21/.ai/design-reference/iteration-3/runtime-verified/pairs/cv6mn-browser.png,/home/agent/projects/cezar/.ai/cezar/worktrees/9ae05dcc-cc09-405c-9934-ab364076aa21/.ai/design-reference/iteration-3/design/cv6mn.png
cv6mn,S06. Project settings / Prompt templates · Desktop light,settings ba089,Apply automatically with skills,line-height,20px,21px,candidate difference: exact text match; inspect per-node context before changing,/home/agent/projects/cezar/.ai/cezar/worktrees/9ae05dcc-cc09-405c-9934-ab364076aa21/.ai/design-reference/iteration-3/runtime-verified/pairs/cv6mn-browser.png,/home/agent/projects/cezar/.ai/cezar/worktrees/9ae05dcc-cc09-405c-9934-ab364076aa21/.ai/design-reference/iteration-3/design/cv6mn.png
cv6mn,S06. Project settings / Prompt templates · Desktop light,settings ba089,Delete template,font-size,12.5px,12px,candidate difference: exact text match; inspect per-node context before changing,/home/agent/projects/cezar/.ai/cezar/worktrees/9ae05dcc-cc09-405c-9934-ab364076aa21/.ai/design-reference/iteration-3/runtime-verified/pairs/cv6mn-browser.png,/home/agent/projects/cezar/.ai/cezar/worktrees/9ae05dcc-cc09-405c-9934-ab364076aa21/.ai/design-reference/iteration-3/design/cv6mn.png
cv6mn,S06. Project settings / Prompt templates · Desktop light,settings ba089,Delete template,font-weight,600,400,candidate difference: exact text match; inspect per-node context before changing,/home/agent/projects/cezar/.ai/cezar/worktrees/9ae05dcc-cc09-405c-9934-ab364076aa21/.ai/design-reference/iteration-3/runtime-verified/pairs/cv6mn-browser.png,/home/agent/projects/cezar/.ai/cezar/worktrees/9ae05dcc-cc09-405c-9934-ab364076aa21/.ai/design-reference/iteration-3/design/cv6mn.png
cv6mn,S06. Project settings / Prompt templates · Desktop light,settings ba089,Apply automatically with skills,line-height,20px,21px,candidate difference: exact text match; inspect per-node context before changing,/home/agent/projects/cezar/.ai/cezar/worktrees/9ae05dcc-cc09-405c-9934-ab364076aa21/.ai/design-reference/iteration-3/runtime-verified/pairs/cv6mn-browser.png,/home/agent/projects/cezar/.ai/cezar/worktrees/9ae05dcc-cc09-405c-9934-ab364076aa21/.ai/design-reference/iteration-3/design/cv6mn.png
cv6mn,S06. Project settings / Prompt templates · Desktop light,settings ba089,Delete template,font-size,12.5px,12px,candidate difference: exact text match; inspect per-node context before changing,/home/agent/projects/cezar/.ai/cezar/worktrees/9ae05dcc-cc09-405c-9934-ab364076aa21/.ai/design-reference/iteration-3/runtime-verified/pairs/cv6mn-browser.png,/home/agent/projects/cezar/.ai/cezar/worktrees/9ae05dcc-cc09-405c-9934-ab364076aa21/.ai/design-reference/iteration-3/design/cv6mn.png
cv6mn,S06. Project settings / Prompt templates · Desktop light,settings ba089,Delete template,font-weight,600,400,candidate difference: exact text match; inspect per-node context before changing,/home/agent/projects/cezar/.ai/cezar/worktrees/9ae05dcc-cc09-405c-9934-ab364076aa21/.ai/design-reference/iteration-3/runtime-verified/pairs/cv6mn-browser.png,/home/agent/projects/cezar/.ai/cezar/worktrees/9ae05dcc-cc09-405c-9934-ab364076aa21/.ai/design-reference/iteration-3/design/cv6mn.png
cv6mn,S06. Project settings / Prompt templates · Desktop light,settings ba089,Apply automatically with skills,line-height,20px,21px,candidate difference: exact text match; inspect per-node context before changing,/home/agent/projects/cezar/.ai/cezar/worktrees/9ae05dcc-cc09-405c-9934-ab364076aa21/.ai/design-reference/iteration-3/runtime-verified/pairs/cv6mn-browser.png,/home/agent/projects/cezar/.ai/cezar/worktrees/9ae05dcc-cc09-405c-9934-ab364076aa21/.ai/design-reference/iteration-3/design/cv6mn.png
cv6mn,S06. Project settings / Prompt templates · Desktop light,settings ba089,Delete template,font-size,12.5px,12px,candidate difference: exact text match; inspect per-node context before changing,/home/agent/projects/cezar/.ai/cezar/worktrees/9ae05dcc-cc09-405c-9934-ab364076aa21/.ai/design-reference/iteration-3/runtime-verified/pairs/cv6mn-browser.png,/home/agent/projects/cezar/.ai/cezar/worktrees/9ae05dcc-cc09-405c-9934-ab364076aa21/.ai/design-reference/iteration-3/design/cv6mn.png
cv6mn,S06. Project settings / Prompt templates · Desktop light,settings ba089,Delete template,font-weight,600,400,candidate difference: exact text match; inspect per-node context before changing,/home/agent/projects/cezar/.ai/cezar/worktrees/9ae05dcc-cc09-405c-9934-ab364076aa21/.ai/design-reference/iteration-3/runtime-verified/pairs/cv6mn-browser.png,/home/agent/projects/cezar/.ai/cezar/worktrees/9ae05dcc-cc09-405c-9934-ab364076aa21/.ai/design-reference/iteration-3/design/cv6mn.png
cv6mn,S06. Project settings / Prompt templates · Desktop light,settings ba089,Apply automatically with skills,line-height,20px,21px,candidate difference: exact text match; inspect per-node context before changing,/home/agent/projects/cezar/.ai/cezar/worktrees/9ae05dcc-cc09-405c-9934-ab364076aa21/.ai/design-reference/iteration-3/runtime-verified/pairs/cv6mn-browser.png,/home/agent/projects/cezar/.ai/cezar/worktrees/9ae05dcc-cc09-405c-9934-ab364076aa21/.ai/design-reference/iteration-3/design/cv6mn.png
cv6mn,S06. Project settings / Prompt templates · Desktop light,settings ba089,Delete template,font-size,12.5px,12px,candidate difference: exact text match; inspect per-node context before changing,/home/agent/projects/cezar/.ai/cezar/worktrees/9ae05dcc-cc09-405c-9934-ab364076aa21/.ai/design-reference/iteration-3/runtime-verified/pairs/cv6mn-browser.png,/home/agent/projects/cezar/.ai/cezar/worktrees/9ae05dcc-cc09-405c-9934-ab364076aa21/.ai/design-reference/iteration-3/design/cv6mn.png
cv6mn,S06. Project settings / Prompt templates · Desktop light,settings ba089,Delete template,font-weight,600,400,candidate difference: exact text match; inspect per-node context before changing,/home/agent/projects/cezar/.ai/cezar/worktrees/9ae05dcc-cc09-405c-9934-ab364076aa21/.ai/design-reference/iteration-3/runtime-verified/pairs/cv6mn-browser.png,/home/agent/projects/cezar/.ai/cezar/worktrees/9ae05dcc-cc09-405c-9934-ab364076aa21/.ai/design-reference/iteration-3/design/cv6mn.png
cv6mn,S06. Project settings / Prompt templates · Desktop light,settings ba089,Apply automatically with skills,line-height,20px,21px,candidate difference: exact text match; inspect per-node context before changing,/home/agent/projects/cezar/.ai/cezar/worktrees/9ae05dcc-cc09-405c-9934-ab364076aa21/.ai/design-reference/iteration-3/runtime-verified/pairs/cv6mn-browser.png,/home/agent/projects/cezar/.ai/cezar/worktrees/9ae05dcc-cc09-405c-9934-ab364076aa21/.ai/design-reference/iteration-3/design/cv6mn.png
cv6mn,S06. Project settings / Prompt templates · Desktop light,settings ba089,Delete template,font-size,12.5px,12px,candidate difference: exact text match; inspect per-node context before changing,/home/agent/projects/cezar/.ai/cezar/worktrees/9ae05dcc-cc09-405c-9934-ab364076aa21/.ai/design-reference/iteration-3/runtime-verified/pairs/cv6mn-browser.png,/home/agent/projects/cezar/.ai/cezar/worktrees/9ae05dcc-cc09-405c-9934-ab364076aa21/.ai/design-reference/iteration-3/design/cv6mn.png
cv6mn,S06. Project settings / Prompt templates · Desktop light,settings ba089,Delete template,font-weight,600,400,candidate difference: exact text match; inspect per-node context before changing,/home/agent/projects/cezar/.ai/cezar/worktrees/9ae05dcc-cc09-405c-9934-ab364076aa21/.ai/design-reference/iteration-3/runtime-verified/pairs/cv6mn-browser.png,/home/agent/projects/cezar/.ai/cezar/worktrees/9ae05dcc-cc09-405c-9934-ab364076aa21/.ai/design-reference/iteration-3/design/cv6mn.png
cv6mn,S06. Project settings / Prompt templates · Desktop light,settings ba089,Add template,font-size,12.5px,12px,candidate difference: exact text match; inspect per-node context before changing,/home/agent/projects/cezar/.ai/cezar/worktrees/9ae05dcc-cc09-405c-9934-ab364076aa21/.ai/design-reference/iteration-3/runtime-verified/pairs/cv6mn-browser.png,/home/agent/projects/cezar/.ai/cezar/worktrees/9ae05dcc-cc09-405c-9934-ab364076aa21/.ai/design-reference/iteration-3/design/cv6mn.png
cv6mn,S06. Project settings / Prompt templates · Desktop light,settings ba089,Add template,font-weight,600,400,candidate difference: exact text match; inspect per-node context before changing,/home/agent/projects/cezar/.ai/cezar/worktrees/9ae05dcc-cc09-405c-9934-ab364076aa21/.ai/design-reference/iteration-3/runtime-verified/pairs/cv6mn-browser.png,/home/agent/projects/cezar/.ai/cezar/worktrees/9ae05dcc-cc09-405c-9934-ab364076aa21/.ai/design-reference/iteration-3/design/cv6mn.png
x1Iye,S09. Global settings / Notifications · Desktop light,settings ba089,Global settings,font-size,28px,13px|30px,candidate difference: exact text match; inspect per-node context before changing,/home/agent/projects/cezar/.ai/cezar/worktrees/9ae05dcc-cc09-405c-9934-ab364076aa21/.ai/design-reference/iteration-3/runtime-verified/pairs/x1Iye-browser.png,/home/agent/projects/cezar/.ai/cezar/worktrees/9ae05dcc-cc09-405c-9934-ab364076aa21/.ai/design-reference/iteration-3/design/x1Iye.png
x1Iye,S09. Global settings / Notifications · Desktop light,settings ba089,"Preferences for you and this machine, shared by every project.",line-height,19.5px,21px,candidate difference: exact text match; inspect per-node context before changing,/home/agent/projects/cezar/.ai/cezar/worktrees/9ae05dcc-cc09-405c-9934-ab364076aa21/.ai/design-reference/iteration-3/runtime-verified/pairs/x1Iye-browser.png,/home/agent/projects/cezar/.ai/cezar/worktrees/9ae05dcc-cc09-405c-9934-ab364076aa21/.ai/design-reference/iteration-3/design/x1Iye.png
x1Iye,S09. Global settings / Notifications · Desktop light,settings ba089,Notifications,font-size,20px,12px|21px,candidate difference: exact text match; inspect per-node context before changing,/home/agent/projects/cezar/.ai/cezar/worktrees/9ae05dcc-cc09-405c-9934-ab364076aa21/.ai/design-reference/iteration-3/runtime-verified/pairs/x1Iye-browser.png,/home/agent/projects/cezar/.ai/cezar/worktrees/9ae05dcc-cc09-405c-9934-ab364076aa21/.ai/design-reference/iteration-3/design/x1Iye.png
x1Iye,S09. Global settings / Notifications · Desktop light,settings ba089,Notify when an agent needs you,font-weight,600,400,candidate difference: exact text match; inspect per-node context before changing,/home/agent/projects/cezar/.ai/cezar/worktrees/9ae05dcc-cc09-405c-9934-ab364076aa21/.ai/design-reference/iteration-3/runtime-verified/pairs/x1Iye-browser.png,/home/agent/projects/cezar/.ai/cezar/worktrees/9ae05dcc-cc09-405c-9934-ab364076aa21/.ai/design-reference/iteration-3/design/x1Iye.png
x1Iye,S09. Global settings / Notifications · Desktop light,settings ba089,Notify when an agent needs you,line-height,20px,21px,candidate difference: exact text match; inspect per-node context before changing,/home/agent/projects/cezar/.ai/cezar/worktrees/9ae05dcc-cc09-405c-9934-ab364076aa21/.ai/design-reference/iteration-3/runtime-verified/pairs/x1Iye-browser.png,/home/agent/projects/cezar/.ai/cezar/worktrees/9ae05dcc-cc09-405c-9934-ab364076aa21/.ai/design-reference/iteration-3/design/x1Iye.png
x1Iye,S09. Global settings / Notifications · Desktop light,settings ba089,Permission is requested only when you enable notifications.,font-size,13px,12px,candidate difference: exact text match; inspect per-node context before changing,/home/agent/projects/cezar/.ai/cezar/worktrees/9ae05dcc-cc09-405c-9934-ab364076aa21/.ai/design-reference/iteration-3/runtime-verified/pairs/x1Iye-browser.png,/home/agent/projects/cezar/.ai/cezar/worktrees/9ae05dcc-cc09-405c-9934-ab364076aa21/.ai/design-reference/iteration-3/design/x1Iye.png
x1Iye,S09. Global settings / Notifications · Desktop light,settings ba089,Permission is requested only when you enable notifications.,line-height,19.5px,18px,candidate difference: exact text match; inspect per-node context before changing,/home/agent/projects/cezar/.ai/cezar/worktrees/9ae05dcc-cc09-405c-9934-ab364076aa21/.ai/design-reference/iteration-3/runtime-verified/pairs/x1Iye-browser.png,/home/agent/projects/cezar/.ai/cezar/worktrees/9ae05dcc-cc09-405c-9934-ab364076aa21/.ai/design-reference/iteration-3/design/x1Iye.png
sBaI8,S10. Global settings / Resources · Desktop light,settings ba089,Global settings,font-size,28px,13px|30px,candidate difference: exact text match; inspect per-node context before changing,/home/agent/projects/cezar/.ai/cezar/worktrees/9ae05dcc-cc09-405c-9934-ab364076aa21/.ai/design-reference/iteration-3/runtime-verified/pairs/sBaI8-browser.png,/home/agent/projects/cezar/.ai/cezar/worktrees/9ae05dcc-cc09-405c-9934-ab364076aa21/.ai/design-reference/iteration-3/design/sBaI8.png
sBaI8,S10. Global settings / Resources · Desktop light,settings ba089,"Preferences for you and this machine, shared by every project.",line-height,19.5px,21px,candidate difference: exact text match; inspect per-node context before changing,/home/agent/projects/cezar/.ai/cezar/worktrees/9ae05dcc-cc09-405c-9934-ab364076aa21/.ai/design-reference/iteration-3/runtime-verified/pairs/sBaI8-browser.png,/home/agent/projects/cezar/.ai/cezar/worktrees/9ae05dcc-cc09-405c-9934-ab364076aa21/.ai/design-reference/iteration-3/design/sBaI8.png
sBaI8,S10. Global settings / Resources · Desktop light,settings ba089,Resources,font-size,20px,12px|21px,candidate difference: exact text match; inspect per-node context before changing,/home/agent/projects/cezar/.ai/cezar/worktrees/9ae05dcc-cc09-405c-9934-ab364076aa21/.ai/design-reference/iteration-3/runtime-verified/pairs/sBaI8-browser.png,/home/agent/projects/cezar/.ai/cezar/worktrees/9ae05dcc-cc09-405c-9934-ab364076aa21/.ai/design-reference/iteration-3/design/sBaI8.png
sBaI8,S10. Global settings / Resources · Desktop light,settings ba089,Max parallel tasks,line-height,20px,21px,candidate difference: exact text match; inspect per-node context before changing,/home/agent/projects/cezar/.ai/cezar/worktrees/9ae05dcc-cc09-405c-9934-ab364076aa21/.ai/design-reference/iteration-3/runtime-verified/pairs/sBaI8-browser.png,/home/agent/projects/cezar/.ai/cezar/worktrees/9ae05dcc-cc09-405c-9934-ab364076aa21/.ai/design-reference/iteration-3/design/sBaI8.png
sBaI8,S10. Global settings / Resources · Desktop light,settings ba089,Extra monitoring sessions,line-height,20px,21px,candidate difference: exact text match; inspect per-node context before changing,/home/agent/projects/cezar/.ai/cezar/worktrees/9ae05dcc-cc09-405c-9934-ab364076aa21/.ai/design-reference/iteration-3/runtime-verified/pairs/sBaI8-browser.png,/home/agent/projects/cezar/.ai/cezar/worktrees/9ae05dcc-cc09-405c-9934-ab364076aa21/.ai/design-reference/iteration-3/design/sBaI8.png
sBaI8,S10. Global settings / Resources · Desktop light,settings ba089,Monitoring wake-up,line-height,20px,21px,candidate difference: exact text match; inspect per-node context before changing,/home/agent/projects/cezar/.ai/cezar/worktrees/9ae05dcc-cc09-405c-9934-ab364076aa21/.ai/design-reference/iteration-3/runtime-verified/pairs/sBaI8-browser.png,/home/agent/projects/cezar/.ai/cezar/worktrees/9ae05dcc-cc09-405c-9934-ab364076aa21/.ai/design-reference/iteration-3/design/sBaI8.png
sBaI8,S10. Global settings / Resources · Desktop light,settings ba089,Auto-resume after a usage limit,line-height,20px,21px,candidate difference: exact text match; inspect per-node context before changing,/home/agent/projects/cezar/.ai/cezar/worktrees/9ae05dcc-cc09-405c-9934-ab364076aa21/.ai/design-reference/iteration-3/runtime-verified/pairs/sBaI8-browser.png,/home/agent/projects/cezar/.ai/cezar/worktrees/9ae05dcc-cc09-405c-9934-ab364076aa21/.ai/design-reference/iteration-3/design/sBaI8.png
sBaI8,S10. Global settings / Resources · Desktop light,settings ba089,Per-task memory limit,line-height,20px,21px,candidate difference: exact text match; inspect per-node context before changing,/home/agent/projects/cezar/.ai/cezar/worktrees/9ae05dcc-cc09-405c-9934-ab364076aa21/.ai/design-reference/iteration-3/runtime-verified/pairs/sBaI8-browser.png,/home/agent/projects/cezar/.ai/cezar/worktrees/9ae05dcc-cc09-405c-9934-ab364076aa21/.ai/design-reference/iteration-3/design/sBaI8.png
sBaI8,S10. Global settings / Resources · Desktop light,settings ba089,New task defaults,font-size,14px,17px,candidate difference: exact text match; inspect per-node context before changing,/home/agent/projects/cezar/.ai/cezar/worktrees/9ae05dcc-cc09-405c-9934-ab364076aa21/.ai/design-reference/iteration-3/runtime-verified/pairs/sBaI8-browser.png,/home/agent/projects/cezar/.ai/cezar/worktrees/9ae05dcc-cc09-405c-9934-ab364076aa21/.ai/design-reference/iteration-3/design/sBaI8.png
sBaI8,S10. Global settings / Resources · Desktop light,settings ba089,New task defaults,line-height,20px,26px,candidate difference: exact text match; inspect per-node context before changing,/home/agent/projects/cezar/.ai/cezar/worktrees/9ae05dcc-cc09-405c-9934-ab364076aa21/.ai/design-reference/iteration-3/runtime-verified/pairs/sBaI8-browser.png,/home/agent/projects/cezar/.ai/cezar/worktrees/9ae05dcc-cc09-405c-9934-ab364076aa21/.ai/design-reference/iteration-3/design/sBaI8.png
RysDF,S11. Global settings / Skills · Desktop light,settings ba089,Global settings,font-size,28px,13px|30px,candidate difference: exact text match; inspect per-node context before changing,/home/agent/projects/cezar/.ai/cezar/worktrees/9ae05dcc-cc09-405c-9934-ab364076aa21/.ai/design-reference/iteration-3/runtime-verified/pairs/RysDF-browser.png,/home/agent/projects/cezar/.ai/cezar/worktrees/9ae05dcc-cc09-405c-9934-ab364076aa21/.ai/design-reference/iteration-3/design/RysDF.png
RysDF,S11. Global settings / Skills · Desktop light,settings ba089,"Preferences for you and this machine, shared by every project.",line-height,19.5px,21px,candidate difference: exact text match; inspect per-node context before changing,/home/agent/projects/cezar/.ai/cezar/worktrees/9ae05dcc-cc09-405c-9934-ab364076aa21/.ai/design-reference/iteration-3/runtime-verified/pairs/RysDF-browser.png,/home/agent/projects/cezar/.ai/cezar/worktrees/9ae05dcc-cc09-405c-9934-ab364076aa21/.ai/design-reference/iteration-3/design/RysDF.png
RysDF,S11. Global settings / Skills · Desktop light,settings ba089,Skills,font-size,20px,11px|12px|21px,candidate difference: exact text match; inspect per-node context before changing,/home/agent/projects/cezar/.ai/cezar/worktrees/9ae05dcc-cc09-405c-9934-ab364076aa21/.ai/design-reference/iteration-3/runtime-verified/pairs/RysDF-browser.png,/home/agent/projects/cezar/.ai/cezar/worktrees/9ae05dcc-cc09-405c-9934-ab364076aa21/.ai/design-reference/iteration-3/design/RysDF.png
RysDF,S11. Global settings / Skills · Desktop light,settings ba089,Update Open Mercato skills automatically,font-weight,600,400,candidate difference: exact text match; inspect per-node context before changing,/home/agent/projects/cezar/.ai/cezar/worktrees/9ae05dcc-cc09-405c-9934-ab364076aa21/.ai/design-reference/iteration-3/runtime-verified/pairs/RysDF-browser.png,/home/agent/projects/cezar/.ai/cezar/worktrees/9ae05dcc-cc09-405c-9934-ab364076aa21/.ai/design-reference/iteration-3/design/RysDF.png
RysDF,S11. Global settings / Skills · Desktop light,settings ba089,Update Open Mercato skills automatically,line-height,20px,21px,candidate difference: exact text match; inspect per-node context before changing,/home/agent/projects/cezar/.ai/cezar/worktrees/9ae05dcc-cc09-405c-9934-ab364076aa21/.ai/design-reference/iteration-3/runtime-verified/pairs/RysDF-browser.png,/home/agent/projects/cezar/.ai/cezar/worktrees/9ae05dcc-cc09-405c-9934-ab364076aa21/.ai/design-reference/iteration-3/design/RysDF.png
RysDF,S11. Global settings / Skills · Desktop light,settings ba089,Manage installed skills and sources from the Skills catalog.,line-height,19.5px,20px,candidate difference: exact text match; inspect per-node context before changing,/home/agent/projects/cezar/.ai/cezar/worktrees/9ae05dcc-cc09-405c-9934-ab364076aa21/.ai/design-reference/iteration-3/runtime-verified/pairs/RysDF-browser.png,/home/agent/projects/cezar/.ai/cezar/worktrees/9ae05dcc-cc09-405c-9934-ab364076aa21/.ai/design-reference/iteration-3/design/RysDF.png
XLiCf,S12. Global settings / Agent accounts · Desktop light,settings ba089,Global settings,font-size,28px,13px|30px,candidate difference: exact text match; inspect per-node context before changing,/home/agent/projects/cezar/.ai/cezar/worktrees/9ae05dcc-cc09-405c-9934-ab364076aa21/.ai/design-reference/iteration-3/runtime-verified/pairs/XLiCf-browser.png,/home/agent/projects/cezar/.ai/cezar/worktrees/9ae05dcc-cc09-405c-9934-ab364076aa21/.ai/design-reference/iteration-3/design/XLiCf.png
XLiCf,S12. Global settings / Agent accounts · Desktop light,settings ba089,"Preferences for you and this machine, shared by every project.",line-height,19.5px,21px,candidate difference: exact text match; inspect per-node context before changing,/home/agent/projects/cezar/.ai/cezar/worktrees/9ae05dcc-cc09-405c-9934-ab364076aa21/.ai/design-reference/iteration-3/runtime-verified/pairs/XLiCf-browser.png,/home/agent/projects/cezar/.ai/cezar/worktrees/9ae05dcc-cc09-405c-9934-ab364076aa21/.ai/design-reference/iteration-3/design/XLiCf.png
XLiCf,S12. Global settings / Agent accounts · Desktop light,settings ba089,Agent accounts,font-size,20px,12px|21px,candidate difference: exact text match; inspect per-node context before changing,/home/agent/projects/cezar/.ai/cezar/worktrees/9ae05dcc-cc09-405c-9934-ab364076aa21/.ai/design-reference/iteration-3/runtime-verified/pairs/XLiCf-browser.png,/home/agent/projects/cezar/.ai/cezar/worktrees/9ae05dcc-cc09-405c-9934-ab364076aa21/.ai/design-reference/iteration-3/design/XLiCf.png
XLiCf,S12. Global settings / Agent accounts · Desktop light,settings ba089,Claude Code,font-size,12.5px,14px,candidate difference: exact text match; inspect per-node context before changing,/home/agent/projects/cezar/.ai/cezar/worktrees/9ae05dcc-cc09-405c-9934-ab364076aa21/.ai/design-reference/iteration-3/runtime-verified/pairs/XLiCf-browser.png,/home/agent/projects/cezar/.ai/cezar/worktrees/9ae05dcc-cc09-405c-9934-ab364076aa21/.ai/design-reference/iteration-3/design/XLiCf.png
XLiCf,S12. Global settings / Agent accounts · Desktop light,settings ba089,Claude Code,font-weight,600,400,candidate difference: exact text match; inspect per-node context before changing,/home/agent/projects/cezar/.ai/cezar/worktrees/9ae05dcc-cc09-405c-9934-ab364076aa21/.ai/design-reference/iteration-3/runtime-verified/pairs/XLiCf-browser.png,/home/agent/projects/cezar/.ai/cezar/worktrees/9ae05dcc-cc09-405c-9934-ab364076aa21/.ai/design-reference/iteration-3/design/XLiCf.png
XLiCf,S12. Global settings / Agent accounts · Desktop light,settings ba089,Claude Code,line-height,18.75px,21px,candidate difference: exact text match; inspect per-node context before changing,/home/agent/projects/cezar/.ai/cezar/worktrees/9ae05dcc-cc09-405c-9934-ab364076aa21/.ai/design-reference/iteration-3/runtime-verified/pairs/XLiCf-browser.png,/home/agent/projects/cezar/.ai/cezar/worktrees/9ae05dcc-cc09-405c-9934-ab364076aa21/.ai/design-reference/iteration-3/design/XLiCf.png
XLiCf,S12. Global settings / Agent accounts · Desktop light,settings ba089,Codex,font-size,12.5px,12px|14px,candidate difference: exact text match; inspect per-node context before changing,/home/agent/projects/cezar/.ai/cezar/worktrees/9ae05dcc-cc09-405c-9934-ab364076aa21/.ai/design-reference/iteration-3/runtime-verified/pairs/XLiCf-browser.png,/home/agent/projects/cezar/.ai/cezar/worktrees/9ae05dcc-cc09-405c-9934-ab364076aa21/.ai/design-reference/iteration-3/design/XLiCf.png
XLiCf,S12. Global settings / Agent accounts · Desktop light,settings ba089,Codex,font-weight,500,400,candidate difference: exact text match; inspect per-node context before changing,/home/agent/projects/cezar/.ai/cezar/worktrees/9ae05dcc-cc09-405c-9934-ab364076aa21/.ai/design-reference/iteration-3/runtime-verified/pairs/XLiCf-browser.png,/home/agent/projects/cezar/.ai/cezar/worktrees/9ae05dcc-cc09-405c-9934-ab364076aa21/.ai/design-reference/iteration-3/design/XLiCf.png
XLiCf,S12. Global settings / Agent accounts · Desktop light,settings ba089,Add account,font-size,12.5px,12px,candidate difference: exact text match; inspect per-node context before changing,/home/agent/projects/cezar/.ai/cezar/worktrees/9ae05dcc-cc09-405c-9934-ab364076aa21/.ai/design-reference/iteration-3/runtime-verified/pairs/XLiCf-browser.png,/home/agent/projects/cezar/.ai/cezar/worktrees/9ae05dcc-cc09-405c-9934-ab364076aa21/.ai/design-reference/iteration-3/design/XLiCf.png
XLiCf,S12. Global settings / Agent accounts · Desktop light,settings ba089,Add account,font-weight,600,400,candidate difference: exact text match; inspect per-node context before changing,/home/agent/projects/cezar/.ai/cezar/worktrees/9ae05dcc-cc09-405c-9934-ab364076aa21/.ai/design-reference/iteration-3/runtime-verified/pairs/XLiCf-browser.png,/home/agent/projects/cezar/.ai/cezar/worktrees/9ae05dcc-cc09-405c-9934-ab364076aa21/.ai/design-reference/iteration-3/design/XLiCf.png
Id0Gw,S13. Global settings / Projects · Desktop light,settings ba089,Global settings,font-size,28px,13px|30px,candidate difference: exact text match; inspect per-node context before changing,/home/agent/projects/cezar/.ai/cezar/worktrees/9ae05dcc-cc09-405c-9934-ab364076aa21/.ai/design-reference/iteration-3/runtime-verified/pairs/Id0Gw-browser.png,/home/agent/projects/cezar/.ai/cezar/worktrees/9ae05dcc-cc09-405c-9934-ab364076aa21/.ai/design-reference/iteration-3/design/Id0Gw.png
Id0Gw,S13. Global settings / Projects · Desktop light,settings ba089,"Preferences for you and this machine, shared by every project.",line-height,19.5px,21px,candidate difference: exact text match; inspect per-node context before changing,/home/agent/projects/cezar/.ai/cezar/worktrees/9ae05dcc-cc09-405c-9934-ab364076aa21/.ai/design-reference/iteration-3/runtime-verified/pairs/Id0Gw-browser.png,/home/agent/projects/cezar/.ai/cezar/worktrees/9ae05dcc-cc09-405c-9934-ab364076aa21/.ai/design-reference/iteration-3/design/Id0Gw.png
Id0Gw,S13. Global settings / Projects · Desktop light,settings ba089,Projects,font-size,20px,12px|21px,candidate difference: exact text match; inspect per-node context before changing,/home/agent/projects/cezar/.ai/cezar/worktrees/9ae05dcc-cc09-405c-9934-ab364076aa21/.ai/design-reference/iteration-3/runtime-verified/pairs/Id0Gw-browser.png,/home/agent/projects/cezar/.ai/cezar/worktrees/9ae05dcc-cc09-405c-9934-ab364076aa21/.ai/design-reference/iteration-3/design/Id0Gw.png
Id0Gw,S13. Global settings / Projects · Desktop light,settings ba089,Default browse folder,line-height,20px,21px,candidate difference: exact text match; inspect per-node context before changing,/home/agent/projects/cezar/.ai/cezar/worktrees/9ae05dcc-cc09-405c-9934-ab364076aa21/.ai/design-reference/iteration-3/runtime-verified/pairs/Id0Gw-browser.png,/home/agent/projects/cezar/.ai/cezar/worktrees/9ae05dcc-cc09-405c-9934-ab364076aa21/.ai/design-reference/iteration-3/design/Id0Gw.png
Id0Gw,S13. Global settings / Projects · Desktop light,settings ba089,Default checkout folder,line-height,20px,21px,candidate difference: exact text match; inspect per-node context before changing,/home/agent/projects/cezar/.ai/cezar/worktrees/9ae05dcc-cc09-405c-9934-ab364076aa21/.ai/design-reference/iteration-3/runtime-verified/pairs/Id0Gw-browser.png,/home/agent/projects/cezar/.ai/cezar/worktrees/9ae05dcc-cc09-405c-9934-ab364076aa21/.ai/design-reference/iteration-3/design/Id0Gw.png
Id0Gw,S13. Global settings / Projects · Desktop light,settings ba089,Registered projects,font-size,14px,18px,candidate difference: exact text match; inspect per-node context before changing,/home/agent/projects/cezar/.ai/cezar/worktrees/9ae05dcc-cc09-405c-9934-ab364076aa21/.ai/design-reference/iteration-3/runtime-verified/pairs/Id0Gw-browser.png,/home/agent/projects/cezar/.ai/cezar/worktrees/9ae05dcc-cc09-405c-9934-ab364076aa21/.ai/design-reference/iteration-3/design/Id0Gw.png
Id0Gw,S13. Global settings / Projects · Desktop light,settings ba089,Registered projects,line-height,20px,27px,candidate difference: exact text match; inspect per-node context before changing,/home/agent/projects/cezar/.ai/cezar/worktrees/9ae05dcc-cc09-405c-9934-ab364076aa21/.ai/design-reference/iteration-3/runtime-verified/pairs/Id0Gw-browser.png,/home/agent/projects/cezar/.ai/cezar/worktrees/9ae05dcc-cc09-405c-9934-ab364076aa21/.ai/design-reference/iteration-3/design/Id0Gw.png
N6NED,19A. Inbox · Mobile light,tasks 445,Inbox,font-weight,500,400,candidate difference: exact text match; inspect per-node context before changing,/home/agent/projects/cezar/.ai/cezar/worktrees/9ae05dcc-cc09-405c-9934-ab364076aa21/.ai/design-reference/iteration-3/runtime-verified/pairs/N6NED-browser.png,/home/agent/projects/cezar/.ai/cezar/worktrees/9ae05dcc-cc09-405c-9934-ab364076aa21/.ai/design-reference/iteration-3/design/N6NED.png
N6NED,19A. Inbox · Mobile light,tasks 445,Inbox,line-height,33px,34px,candidate difference: exact text match; inspect per-node context before changing,/home/agent/projects/cezar/.ai/cezar/worktrees/9ae05dcc-cc09-405c-9934-ab364076aa21/.ai/design-reference/iteration-3/runtime-verified/pairs/N6NED-browser.png,/home/agent/projects/cezar/.ai/cezar/worktrees/9ae05dcc-cc09-405c-9934-ab364076aa21/.ai/design-reference/iteration-3/design/N6NED.png
N6NED,19A. Inbox · Mobile light,tasks 445,"Follow-ups from your agents. Review the suggestion, then start a new task.",line-height,19.5px,20px,candidate difference: exact text match; inspect per-node context before changing,/home/agent/projects/cezar/.ai/cezar/worktrees/9ae05dcc-cc09-405c-9934-ab364076aa21/.ai/design-reference/iteration-3/runtime-verified/pairs/N6NED-browser.png,/home/agent/projects/cezar/.ai/cezar/worktrees/9ae05dcc-cc09-405c-9934-ab364076aa21/.ai/design-reference/iteration-3/design/N6NED.png
N6NED,19A. Inbox · Mobile light,tasks 445,Dismiss,font-size,12.5px,12px,candidate difference: exact text match; inspect per-node context before changing,/home/agent/projects/cezar/.ai/cezar/worktrees/9ae05dcc-cc09-405c-9934-ab364076aa21/.ai/design-reference/iteration-3/runtime-verified/pairs/N6NED-browser.png,/home/agent/projects/cezar/.ai/cezar/worktrees/9ae05dcc-cc09-405c-9934-ab364076aa21/.ai/design-reference/iteration-3/design/N6NED.png
N6NED,19A. Inbox · Mobile light,tasks 445,Dismiss,font-weight,600,500,candidate difference: exact text match; inspect per-node context before changing,/home/agent/projects/cezar/.ai/cezar/worktrees/9ae05dcc-cc09-405c-9934-ab364076aa21/.ai/design-reference/iteration-3/runtime-verified/pairs/N6NED-browser.png,/home/agent/projects/cezar/.ai/cezar/worktrees/9ae05dcc-cc09-405c-9934-ab364076aa21/.ai/design-reference/iteration-3/design/N6NED.png
Jn0Bt,20B. Automation editor · Mobile light,tasks 445,Edit automation,font-weight,500,400,candidate difference: exact text match; inspect per-node context before changing,/home/agent/projects/cezar/.ai/cezar/worktrees/9ae05dcc-cc09-405c-9934-ab364076aa21/.ai/design-reference/iteration-3/runtime-verified/pairs/Jn0Bt-browser.png,/home/agent/projects/cezar/.ai/cezar/worktrees/9ae05dcc-cc09-405c-9934-ab364076aa21/.ai/design-reference/iteration-3/design/Jn0Bt.png
Jn0Bt,20B. Automation editor · Mobile light,tasks 445,Save automation,font-size,13px,12px,candidate difference: exact text match; inspect per-node context before changing,/home/agent/projects/cezar/.ai/cezar/worktrees/9ae05dcc-cc09-405c-9934-ab364076aa21/.ai/design-reference/iteration-3/runtime-verified/pairs/Jn0Bt-browser.png,/home/agent/projects/cezar/.ai/cezar/worktrees/9ae05dcc-cc09-405c-9934-ab364076aa21/.ai/design-reference/iteration-3/design/Jn0Bt.png
Jn0Bt,20B. Automation editor · Mobile light,tasks 445,Save automation,font-weight,600,400,candidate difference: exact text match; inspect per-node context before changing,/home/agent/projects/cezar/.ai/cezar/worktrees/9ae05dcc-cc09-405c-9934-ab364076aa21/.ai/design-reference/iteration-3/runtime-verified/pairs/Jn0Bt-browser.png,/home/agent/projects/cezar/.ai/cezar/worktrees/9ae05dcc-cc09-405c-9934-ab364076aa21/.ai/design-reference/iteration-3/design/Jn0Bt.png
Jn0Bt,20B. Automation editor · Mobile light,tasks 445,Cancel,font-size,13px,12px,candidate difference: exact text match; inspect per-node context before changing,/home/agent/projects/cezar/.ai/cezar/worktrees/9ae05dcc-cc09-405c-9934-ab364076aa21/.ai/design-reference/iteration-3/runtime-verified/pairs/Jn0Bt-browser.png,/home/agent/projects/cezar/.ai/cezar/worktrees/9ae05dcc-cc09-405c-9934-ab364076aa21/.ai/design-reference/iteration-3/design/Jn0Bt.png
Jn0Bt,20B. Automation editor · Mobile light,tasks 445,Cancel,font-weight,600,400,candidate difference: exact text match; inspect per-node context before changing,/home/agent/projects/cezar/.ai/cezar/worktrees/9ae05dcc-cc09-405c-9934-ab364076aa21/.ai/design-reference/iteration-3/runtime-verified/pairs/Jn0Bt-browser.png,/home/agent/projects/cezar/.ai/cezar/worktrees/9ae05dcc-cc09-405c-9934-ab364076aa21/.ai/design-reference/iteration-3/design/Jn0Bt.png
hG4Cl,21A. Compare variants · Mobile light,tasks 445,Compare variants,font-weight,500,400,candidate difference: exact text match; inspect per-node context before changing,/home/agent/projects/cezar/.ai/cezar/worktrees/9ae05dcc-cc09-405c-9934-ab364076aa21/.ai/design-reference/iteration-3/runtime-verified/pairs/hG4Cl-browser.png,/home/agent/projects/cezar/.ai/cezar/worktrees/9ae05dcc-cc09-405c-9934-ab364076aa21/.ai/design-reference/iteration-3/design/hG4Cl.png
hG4Cl,21A. Compare variants · Mobile light,tasks 445,Compare variants,line-height,30.8px,33px,candidate difference: exact text match; inspect per-node context before changing,/home/agent/projects/cezar/.ai/cezar/worktrees/9ae05dcc-cc09-405c-9934-ab364076aa21/.ai/design-reference/iteration-3/runtime-verified/pairs/hG4Cl-browser.png,/home/agent/projects/cezar/.ai/cezar/worktrees/9ae05dcc-cc09-405c-9934-ab364076aa21/.ai/design-reference/iteration-3/design/hG4Cl.png
hG4Cl,21A. Compare variants · Mobile light,tasks 445,Pick variant A,font-size,13px,12px,candidate difference: exact text match; inspect per-node context before changing,/home/agent/projects/cezar/.ai/cezar/worktrees/9ae05dcc-cc09-405c-9934-ab364076aa21/.ai/design-reference/iteration-3/runtime-verified/pairs/hG4Cl-browser.png,/home/agent/projects/cezar/.ai/cezar/worktrees/9ae05dcc-cc09-405c-9934-ab364076aa21/.ai/design-reference/iteration-3/design/hG4Cl.png
hG4Cl,21A. Compare variants · Mobile light,tasks 445,Pick variant A,font-weight,600,400,candidate difference: exact text match; inspect per-node context before changing,/home/agent/projects/cezar/.ai/cezar/worktrees/9ae05dcc-cc09-405c-9934-ab364076aa21/.ai/design-reference/iteration-3/runtime-verified/pairs/hG4Cl-browser.png,/home/agent/projects/cezar/.ai/cezar/worktrees/9ae05dcc-cc09-405c-9934-ab364076aa21/.ai/design-reference/iteration-3/design/hG4Cl.png
hG4Cl,21A. Compare variants · Mobile light,tasks 445,Pick variant B,font-size,13px,12px,candidate difference: exact text match; inspect per-node context before changing,/home/agent/projects/cezar/.ai/cezar/worktrees/9ae05dcc-cc09-405c-9934-ab364076aa21/.ai/design-reference/iteration-3/runtime-verified/pairs/hG4Cl-browser.png,/home/agent/projects/cezar/.ai/cezar/worktrees/9ae05dcc-cc09-405c-9934-ab364076aa21/.ai/design-reference/iteration-3/design/hG4Cl.png
hG4Cl,21A. Compare variants · Mobile light,tasks 445,Pick variant B,font-weight,600,400,candidate difference: exact text match; inspect per-node context before changing,/home/agent/projects/cezar/.ai/cezar/worktrees/9ae05dcc-cc09-405c-9934-ab364076aa21/.ai/design-reference/iteration-3/runtime-verified/pairs/hG4Cl-browser.png,/home/agent/projects/cezar/.ai/cezar/worktrees/9ae05dcc-cc09-405c-9934-ab364076aa21/.ai/design-reference/iteration-3/design/hG4Cl.png
OGJJ1,S10. Global settings / Resources · Mobile light,settings ba089,Global settings,font-size,28px,25px,candidate difference: exact text match; inspect per-node context before changing,/home/agent/projects/cezar/.ai/cezar/worktrees/9ae05dcc-cc09-405c-9934-ab364076aa21/.ai/design-reference/iteration-3/runtime-verified/pairs/OGJJ1-browser.png,/home/agent/projects/cezar/.ai/cezar/worktrees/9ae05dcc-cc09-405c-9934-ab364076aa21/.ai/design-reference/iteration-3/design/OGJJ1.png
OGJJ1,S10. Global settings / Resources · Mobile light,settings ba089,Global settings,font-weight,600,400,candidate difference: exact text match; inspect per-node context before changing,/home/agent/projects/cezar/.ai/cezar/worktrees/9ae05dcc-cc09-405c-9934-ab364076aa21/.ai/design-reference/iteration-3/runtime-verified/pairs/OGJJ1-browser.png,/home/agent/projects/cezar/.ai/cezar/worktrees/9ae05dcc-cc09-405c-9934-ab364076aa21/.ai/design-reference/iteration-3/design/OGJJ1.png
OGJJ1,S10. Global settings / Resources · Mobile light,settings ba089,Global settings,line-height,42px,38px,candidate difference: exact text match; inspect per-node context before changing,/home/agent/projects/cezar/.ai/cezar/worktrees/9ae05dcc-cc09-405c-9934-ab364076aa21/.ai/design-reference/iteration-3/runtime-verified/pairs/OGJJ1-browser.png,/home/agent/projects/cezar/.ai/cezar/worktrees/9ae05dcc-cc09-405c-9934-ab364076aa21/.ai/design-reference/iteration-3/design/OGJJ1.png
OGJJ1,S10. Global settings / Resources · Mobile light,settings ba089,Resources,font-size,20px,14px|21px,candidate difference: exact text match; inspect per-node context before changing,/home/agent/projects/cezar/.ai/cezar/worktrees/9ae05dcc-cc09-405c-9934-ab364076aa21/.ai/design-reference/iteration-3/runtime-verified/pairs/OGJJ1-browser.png,/home/agent/projects/cezar/.ai/cezar/worktrees/9ae05dcc-cc09-405c-9934-ab364076aa21/.ai/design-reference/iteration-3/design/OGJJ1.png
OGJJ1,S10. Global settings / Resources · Mobile light,settings ba089,Max parallel tasks,line-height,20px,21px,candidate difference: exact text match; inspect per-node context before changing,/home/agent/projects/cezar/.ai/cezar/worktrees/9ae05dcc-cc09-405c-9934-ab364076aa21/.ai/design-reference/iteration-3/runtime-verified/pairs/OGJJ1-browser.png,/home/agent/projects/cezar/.ai/cezar/worktrees/9ae05dcc-cc09-405c-9934-ab364076aa21/.ai/design-reference/iteration-3/design/OGJJ1.png
OGJJ1,S10. Global settings / Resources · Mobile light,settings ba089,Extra monitoring sessions,line-height,20px,21px,candidate difference: exact text match; inspect per-node context before changing,/home/agent/projects/cezar/.ai/cezar/worktrees/9ae05dcc-cc09-405c-9934-ab364076aa21/.ai/design-reference/iteration-3/runtime-verified/pairs/OGJJ1-browser.png,/home/agent/projects/cezar/.ai/cezar/worktrees/9ae05dcc-cc09-405c-9934-ab364076aa21/.ai/design-reference/iteration-3/design/OGJJ1.png
OGJJ1,S10. Global settings / Resources · Mobile light,settings ba089,Monitoring wake-up,line-height,20px,21px,candidate difference: exact text match; inspect per-node context before changing,/home/agent/projects/cezar/.ai/cezar/worktrees/9ae05dcc-cc09-405c-9934-ab364076aa21/.ai/design-reference/iteration-3/runtime-verified/pairs/OGJJ1-browser.png,/home/agent/projects/cezar/.ai/cezar/worktrees/9ae05dcc-cc09-405c-9934-ab364076aa21/.ai/design-reference/iteration-3/design/OGJJ1.png
OGJJ1,S10. Global settings / Resources · Mobile light,settings ba089,Auto-resume after a usage limit,line-height,20px,21px,candidate difference: exact text match; inspect per-node context before changing,/home/agent/projects/cezar/.ai/cezar/worktrees/9ae05dcc-cc09-405c-9934-ab364076aa21/.ai/design-reference/iteration-3/runtime-verified/pairs/OGJJ1-browser.png,/home/agent/projects/cezar/.ai/cezar/worktrees/9ae05dcc-cc09-405c-9934-ab364076aa21/.ai/design-reference/iteration-3/design/OGJJ1.png
OGJJ1,S10. Global settings / Resources · Mobile light,settings ba089,Per-task memory limit,line-height,20px,21px,candidate difference: exact text match; inspect per-node context before changing,/home/agent/projects/cezar/.ai/cezar/worktrees/9ae05dcc-cc09-405c-9934-ab364076aa21/.ai/design-reference/iteration-3/runtime-verified/pairs/OGJJ1-browser.png,/home/agent/projects/cezar/.ai/cezar/worktrees/9ae05dcc-cc09-405c-9934-ab364076aa21/.ai/design-reference/iteration-3/design/OGJJ1.png
OGJJ1,S10. Global settings / Resources · Mobile light,settings ba089,New task defaults,font-size,14px,17px,candidate difference: exact text match; inspect per-node context before changing,/home/agent/projects/cezar/.ai/cezar/worktrees/9ae05dcc-cc09-405c-9934-ab364076aa21/.ai/design-reference/iteration-3/runtime-verified/pairs/OGJJ1-browser.png,/home/agent/projects/cezar/.ai/cezar/worktrees/9ae05dcc-cc09-405c-9934-ab364076aa21/.ai/design-reference/iteration-3/design/OGJJ1.png
OGJJ1,S10. Global settings / Resources · Mobile light,settings ba089,New task defaults,line-height,20px,26px,candidate difference: exact text match; inspect per-node context before changing,/home/agent/projects/cezar/.ai/cezar/worktrees/9ae05dcc-cc09-405c-9934-ab364076aa21/.ai/design-reference/iteration-3/runtime-verified/pairs/OGJJ1-browser.png,/home/agent/projects/cezar/.ai/cezar/worktrees/9ae05dcc-cc09-405c-9934-ab364076aa21/.ai/design-reference/iteration-3/design/OGJJ1.png
moM53,19A. Inbox · Follow-up review · Dark,tasks 445,"Follow-ups from your agents. Review the suggestion, then start a new task.",line-height,19.5px,20px,candidate difference: exact text match; inspect per-node context before changing,/home/agent/projects/cezar/.ai/cezar/worktrees/9ae05dcc-cc09-405c-9934-ab364076aa21/.ai/design-reference/iteration-3/runtime-verified/pairs/moM53-browser.png,/home/agent/projects/cezar/.ai/cezar/worktrees/9ae05dcc-cc09-405c-9934-ab364076aa21/.ai/design-reference/iteration-3/design/moM53.png
moM53,19A. Inbox · Follow-up review · Dark,tasks 445,Dismiss,font-size,12.5px,12px,candidate difference: exact text match; inspect per-node context before changing,/home/agent/projects/cezar/.ai/cezar/worktrees/9ae05dcc-cc09-405c-9934-ab364076aa21/.ai/design-reference/iteration-3/runtime-verified/pairs/moM53-browser.png,/home/agent/projects/cezar/.ai/cezar/worktrees/9ae05dcc-cc09-405c-9934-ab364076aa21/.ai/design-reference/iteration-3/design/moM53.png
moM53,19A. Inbox · Follow-up review · Dark,tasks 445,Dismiss,font-weight,600,500,candidate difference: exact text match; inspect per-node context before changing,/home/agent/projects/cezar/.ai/cezar/worktrees/9ae05dcc-cc09-405c-9934-ab364076aa21/.ai/design-reference/iteration-3/runtime-verified/pairs/moM53-browser.png,/home/agent/projects/cezar/.ai/cezar/worktrees/9ae05dcc-cc09-405c-9934-ab364076aa21/.ai/design-reference/iteration-3/design/moM53.png
s6Ih0I,20A. Automations · List and activity · Dark,tasks 445,Test filter,font-size,12.5px,12px,candidate difference: exact text match; inspect per-node context before changing,/home/agent/projects/cezar/.ai/cezar/worktrees/9ae05dcc-cc09-405c-9934-ab364076aa21/.ai/design-reference/iteration-3/runtime-verified/pairs/s6Ih0I-browser.png,/home/agent/projects/cezar/.ai/cezar/worktrees/9ae05dcc-cc09-405c-9934-ab364076aa21/.ai/design-reference/iteration-3/design/s6Ih0I.png
s6Ih0I,20A. Automations · List and activity · Dark,tasks 445,Test filter,font-weight,600,400,candidate difference: exact text match; inspect per-node context before changing,/home/agent/projects/cezar/.ai/cezar/worktrees/9ae05dcc-cc09-405c-9934-ab364076aa21/.ai/design-reference/iteration-3/runtime-verified/pairs/s6Ih0I-browser.png,/home/agent/projects/cezar/.ai/cezar/worktrees/9ae05dcc-cc09-405c-9934-ab364076aa21/.ai/design-reference/iteration-3/design/s6Ih0I.png
s6Ih0I,20A. Automations · List and activity · Dark,tasks 445,Enable,font-size,12.5px,12px,candidate difference: exact text match; inspect per-node context before changing,/home/agent/projects/cezar/.ai/cezar/worktrees/9ae05dcc-cc09-405c-9934-ab364076aa21/.ai/design-reference/iteration-3/runtime-verified/pairs/s6Ih0I-browser.png,/home/agent/projects/cezar/.ai/cezar/worktrees/9ae05dcc-cc09-405c-9934-ab364076aa21/.ai/design-reference/iteration-3/design/s6Ih0I.png
s6Ih0I,20A. Automations · List and activity · Dark,tasks 445,Enable,font-weight,600,400,candidate difference: exact text match; inspect per-node context before changing,/home/agent/projects/cezar/.ai/cezar/worktrees/9ae05dcc-cc09-405c-9934-ab364076aa21/.ai/design-reference/iteration-3/runtime-verified/pairs/s6Ih0I-browser.png,/home/agent/projects/cezar/.ai/cezar/worktrees/9ae05dcc-cc09-405c-9934-ab364076aa21/.ai/design-reference/iteration-3/design/s6Ih0I.png
s6Ih0I,20A. Automations · List and activity · Dark,tasks 445,Recent activity,font-weight,500,400,candidate difference: exact text match; inspect per-node context before changing,/home/agent/projects/cezar/.ai/cezar/worktrees/9ae05dcc-cc09-405c-9934-ab364076aa21/.ai/design-reference/iteration-3/runtime-verified/pairs/s6Ih0I-browser.png,/home/agent/projects/cezar/.ai/cezar/worktrees/9ae05dcc-cc09-405c-9934-ab364076aa21/.ai/design-reference/iteration-3/design/s6Ih0I.png
s6Ih0I,20A. Automations · List and activity · Dark,tasks 445,Recent activity,line-height,28px,27px,candidate difference: exact text match; inspect per-node context before changing,/home/agent/projects/cezar/.ai/cezar/worktrees/9ae05dcc-cc09-405c-9934-ab364076aa21/.ai/design-reference/iteration-3/runtime-verified/pairs/s6Ih0I-browser.png,/home/agent/projects/cezar/.ai/cezar/worktrees/9ae05dcc-cc09-405c-9934-ab364076aa21/.ai/design-reference/iteration-3/design/s6Ih0I.png
YVkaw,20B. Automations · Editor · Dark,tasks 445,Edit automation,font-weight,500,400,candidate difference: exact text match; inspect per-node context before changing,/home/agent/projects/cezar/.ai/cezar/worktrees/9ae05dcc-cc09-405c-9934-ab364076aa21/.ai/design-reference/iteration-3/runtime-verified/pairs/YVkaw-browser.png,/home/agent/projects/cezar/.ai/cezar/worktrees/9ae05dcc-cc09-405c-9934-ab364076aa21/.ai/design-reference/iteration-3/design/YVkaw.png
YVkaw,20B. Automations · Editor · Dark,tasks 445,Save automation,font-size,13px,12px,candidate difference: exact text match; inspect per-node context before changing,/home/agent/projects/cezar/.ai/cezar/worktrees/9ae05dcc-cc09-405c-9934-ab364076aa21/.ai/design-reference/iteration-3/runtime-verified/pairs/YVkaw-browser.png,/home/agent/projects/cezar/.ai/cezar/worktrees/9ae05dcc-cc09-405c-9934-ab364076aa21/.ai/design-reference/iteration-3/design/YVkaw.png
YVkaw,20B. Automations · Editor · Dark,tasks 445,Save automation,font-weight,600,400,candidate difference: exact text match; inspect per-node context before changing,/home/agent/projects/cezar/.ai/cezar/worktrees/9ae05dcc-cc09-405c-9934-ab364076aa21/.ai/design-reference/iteration-3/runtime-verified/pairs/YVkaw-browser.png,/home/agent/projects/cezar/.ai/cezar/worktrees/9ae05dcc-cc09-405c-9934-ab364076aa21/.ai/design-reference/iteration-3/design/YVkaw.png
YVkaw,20B. Automations · Editor · Dark,tasks 445,Cancel,font-size,13px,12px,candidate difference: exact text match; inspect per-node context before changing,/home/agent/projects/cezar/.ai/cezar/worktrees/9ae05dcc-cc09-405c-9934-ab364076aa21/.ai/design-reference/iteration-3/runtime-verified/pairs/YVkaw-browser.png,/home/agent/projects/cezar/.ai/cezar/worktrees/9ae05dcc-cc09-405c-9934-ab364076aa21/.ai/design-reference/iteration-3/design/YVkaw.png
YVkaw,20B. Automations · Editor · Dark,tasks 445,Cancel,font-weight,600,400,candidate difference: exact text match; inspect per-node context before changing,/home/agent/projects/cezar/.ai/cezar/worktrees/9ae05dcc-cc09-405c-9934-ab364076aa21/.ai/design-reference/iteration-3/runtime-verified/pairs/YVkaw-browser.png,/home/agent/projects/cezar/.ai/cezar/worktrees/9ae05dcc-cc09-405c-9934-ab364076aa21/.ai/design-reference/iteration-3/design/YVkaw.png
owGYp,21A. Variant comparison · Results · Dark,tasks 445,Compare variants,font-weight,500,400,candidate difference: exact text match; inspect per-node context before changing,/home/agent/projects/cezar/.ai/cezar/worktrees/9ae05dcc-cc09-405c-9934-ab364076aa21/.ai/design-reference/iteration-3/runtime-verified/pairs/owGYp-browser.png,/home/agent/projects/cezar/.ai/cezar/worktrees/9ae05dcc-cc09-405c-9934-ab364076aa21/.ai/design-reference/iteration-3/design/owGYp.png
owGYp,21A. Variant comparison · Results · Dark,tasks 445,Pick variant A,font-size,13px,12px,candidate difference: exact text match; inspect per-node context before changing,/home/agent/projects/cezar/.ai/cezar/worktrees/9ae05dcc-cc09-405c-9934-ab364076aa21/.ai/design-reference/iteration-3/runtime-verified/pairs/owGYp-browser.png,/home/agent/projects/cezar/.ai/cezar/worktrees/9ae05dcc-cc09-405c-9934-ab364076aa21/.ai/design-reference/iteration-3/design/owGYp.png
owGYp,21A. Variant comparison · Results · Dark,tasks 445,Pick variant A,font-weight,600,400,candidate difference: exact text match; inspect per-node context before changing,/home/agent/projects/cezar/.ai/cezar/worktrees/9ae05dcc-cc09-405c-9934-ab364076aa21/.ai/design-reference/iteration-3/runtime-verified/pairs/owGYp-browser.png,/home/agent/projects/cezar/.ai/cezar/worktrees/9ae05dcc-cc09-405c-9934-ab364076aa21/.ai/design-reference/iteration-3/design/owGYp.png
owGYp,21A. Variant comparison · Results · Dark,tasks 445,Pick variant B,font-size,13px,12px,candidate difference: exact text match; inspect per-node context before changing,/home/agent/projects/cezar/.ai/cezar/worktrees/9ae05dcc-cc09-405c-9934-ab364076aa21/.ai/design-reference/iteration-3/runtime-verified/pairs/owGYp-browser.png,/home/agent/projects/cezar/.ai/cezar/worktrees/9ae05dcc-cc09-405c-9934-ab364076aa21/.ai/design-reference/iteration-3/design/owGYp.png
owGYp,21A. Variant comparison · Results · Dark,tasks 445,Pick variant B,font-weight,600,400,candidate difference: exact text match; inspect per-node context before changing,/home/agent/projects/cezar/.ai/cezar/worktrees/9ae05dcc-cc09-405c-9934-ab364076aa21/.ai/design-reference/iteration-3/runtime-verified/pairs/owGYp-browser.png,/home/agent/projects/cezar/.ai/cezar/worktrees/9ae05dcc-cc09-405c-9934-ab364076aa21/.ai/design-reference/iteration-3/design/owGYp.png
pf8QM,23A. New task · Starters and follow-ups · Dark,session 06,New task,font-size,11px,13px,candidate difference: exact text match; inspect per-node context before changing,/home/agent/projects/cezar/.ai/cezar/worktrees/9ae05dcc-cc09-405c-9934-ab364076aa21/.ai/design-reference/iteration-3/runtime-verified/pairs/pf8QM-browser.png,/home/agent/projects/cezar/.ai/cezar/worktrees/9ae05dcc-cc09-405c-9934-ab364076aa21/.ai/design-reference/iteration-3/design/pf8QM.png
pf8QM,23A. New task · Starters and follow-ups · Dark,session 06,New task,font-weight,600,400|500,candidate difference: exact text match; inspect per-node context before changing,/home/agent/projects/cezar/.ai/cezar/worktrees/9ae05dcc-cc09-405c-9934-ab364076aa21/.ai/design-reference/iteration-3/runtime-verified/pairs/pf8QM-browser.png,/home/agent/projects/cezar/.ai/cezar/worktrees/9ae05dcc-cc09-405c-9934-ab364076aa21/.ai/design-reference/iteration-3/design/pf8QM.png
pf8QM,23A. New task · Starters and follow-ups · Dark,session 06,What should the agent work on?,font-size,28px,30px,candidate difference: exact text match; inspect per-node context before changing,/home/agent/projects/cezar/.ai/cezar/worktrees/9ae05dcc-cc09-405c-9934-ab364076aa21/.ai/design-reference/iteration-3/runtime-verified/pairs/pf8QM-browser.png,/home/agent/projects/cezar/.ai/cezar/worktrees/9ae05dcc-cc09-405c-9934-ab364076aa21/.ai/design-reference/iteration-3/design/pf8QM.png
pf8QM,23A. New task · Starters and follow-ups · Dark,session 06,Start with a suggestion,font-weight,500,400,candidate difference: exact text match; inspect per-node context before changing,/home/agent/projects/cezar/.ai/cezar/worktrees/9ae05dcc-cc09-405c-9934-ab364076aa21/.ai/design-reference/iteration-3/runtime-verified/pairs/pf8QM-browser.png,/home/agent/projects/cezar/.ai/cezar/worktrees/9ae05dcc-cc09-405c-9934-ab364076aa21/.ai/design-reference/iteration-3/design/pf8QM.png
pf8QM,23A. New task · Starters and follow-ups · Dark,session 06,Start with a suggestion,line-height,16px,18px,candidate difference: exact text match; inspect per-node context before changing,/home/agent/projects/cezar/.ai/cezar/worktrees/9ae05dcc-cc09-405c-9934-ab364076aa21/.ai/design-reference/iteration-3/runtime-verified/pairs/pf8QM-browser.png,/home/agent/projects/cezar/.ai/cezar/worktrees/9ae05dcc-cc09-405c-9934-ab364076aa21/.ai/design-reference/iteration-3/design/pf8QM.png
pf8QM,23A. New task · Starters and follow-ups · Dark,session 06,Template,font-weight,500,400,candidate difference: exact text match; inspect per-node context before changing,/home/agent/projects/cezar/.ai/cezar/worktrees/9ae05dcc-cc09-405c-9934-ab364076aa21/.ai/design-reference/iteration-3/runtime-verified/pairs/pf8QM-browser.png,/home/agent/projects/cezar/.ai/cezar/worktrees/9ae05dcc-cc09-405c-9934-ab364076aa21/.ai/design-reference/iteration-3/design/pf8QM.png
pf8QM,23A. New task · Starters and follow-ups · Dark,session 06,Skill,font-size,11.5px,12px,candidate difference: exact text match; inspect per-node context before changing,/home/agent/projects/cezar/.ai/cezar/worktrees/9ae05dcc-cc09-405c-9934-ab364076aa21/.ai/design-reference/iteration-3/runtime-verified/pairs/pf8QM-browser.png,/home/agent/projects/cezar/.ai/cezar/worktrees/9ae05dcc-cc09-405c-9934-ab364076aa21/.ai/design-reference/iteration-3/design/pf8QM.png
pf8QM,23A. New task · Starters and follow-ups · Dark,session 06,Control where and how this task runs.,line-height,16.5px,18px,candidate difference: exact text match; inspect per-node context before changing,/home/agent/projects/cezar/.ai/cezar/worktrees/9ae05dcc-cc09-405c-9934-ab364076aa21/.ai/design-reference/iteration-3/runtime-verified/pairs/pf8QM-browser.png,/home/agent/projects/cezar/.ai/cezar/worktrees/9ae05dcc-cc09-405c-9934-ab364076aa21/.ai/design-reference/iteration-3/design/pf8QM.png
pf8QM,23A. New task · Starters and follow-ups · Dark,session 06,"Changes stay in their own worktree, separate from your working directory.",line-height,20px,19px,candidate difference: exact text match; inspect per-node context before changing,/home/agent/projects/cezar/.ai/cezar/worktrees/9ae05dcc-cc09-405c-9934-ab364076aa21/.ai/design-reference/iteration-3/runtime-verified/pairs/pf8QM-browser.png,/home/agent/projects/cezar/.ai/cezar/worktrees/9ae05dcc-cc09-405c-9934-ab364076aa21/.ai/design-reference/iteration-3/design/pf8QM.png
pf8QM,23A. New task · Starters and follow-ups · Dark,session 06,Follow-ups,font-size,13px,15px,candidate difference: exact text match; inspect per-node context before changing,/home/agent/projects/cezar/.ai/cezar/worktrees/9ae05dcc-cc09-405c-9934-ab364076aa21/.ai/design-reference/iteration-3/runtime-verified/pairs/pf8QM-browser.png,/home/agent/projects/cezar/.ai/cezar/worktrees/9ae05dcc-cc09-405c-9934-ab364076aa21/.ai/design-reference/iteration-3/design/pf8QM.png
pf8QM,23A. New task · Starters and follow-ups · Dark,session 06,Follow-ups,font-weight,500,400,candidate difference: exact text match; inspect per-node context before changing,/home/agent/projects/cezar/.ai/cezar/worktrees/9ae05dcc-cc09-405c-9934-ab364076aa21/.ai/design-reference/iteration-3/runtime-verified/pairs/pf8QM-browser.png,/home/agent/projects/cezar/.ai/cezar/worktrees/9ae05dcc-cc09-405c-9934-ab364076aa21/.ai/design-reference/iteration-3/design/pf8QM.png
pf8QM,23A. New task · Starters and follow-ups · Dark,session 06,Follow-ups,line-height,19.5px,23px,candidate difference: exact text match; inspect per-node context before changing,/home/agent/projects/cezar/.ai/cezar/worktrees/9ae05dcc-cc09-405c-9934-ab364076aa21/.ai/design-reference/iteration-3/runtime-verified/pairs/pf8QM-browser.png,/home/agent/projects/cezar/.ai/cezar/worktrees/9ae05dcc-cc09-405c-9934-ab364076aa21/.ai/design-reference/iteration-3/design/pf8QM.png
pf8QM,23A. New task · Starters and follow-ups · Dark,session 06,Start,font-size,12px,13px,candidate difference: exact text match; inspect per-node context before changing,/home/agent/projects/cezar/.ai/cezar/worktrees/9ae05dcc-cc09-405c-9934-ab364076aa21/.ai/design-reference/iteration-3/runtime-verified/pairs/pf8QM-browser.png,/home/agent/projects/cezar/.ai/cezar/worktrees/9ae05dcc-cc09-405c-9934-ab364076aa21/.ai/design-reference/iteration-3/design/pf8QM.png
pf8QM,23A. New task · Starters and follow-ups · Dark,session 06,Plan first,font-size,12px,13px,candidate difference: exact text match; inspect per-node context before changing,/home/agent/projects/cezar/.ai/cezar/worktrees/9ae05dcc-cc09-405c-9934-ab364076aa21/.ai/design-reference/iteration-3/runtime-verified/pairs/pf8QM-browser.png,/home/agent/projects/cezar/.ai/cezar/worktrees/9ae05dcc-cc09-405c-9934-ab364076aa21/.ai/design-reference/iteration-3/design/pf8QM.png
pf8QM,23A. New task · Starters and follow-ups · Dark,session 06,Start task,font-size,16px,14px,candidate difference: exact text match; inspect per-node context before changing,/home/agent/projects/cezar/.ai/cezar/worktrees/9ae05dcc-cc09-405c-9934-ab364076aa21/.ai/design-reference/iteration-3/runtime-verified/pairs/pf8QM-browser.png,/home/agent/projects/cezar/.ai/cezar/worktrees/9ae05dcc-cc09-405c-9934-ab364076aa21/.ai/design-reference/iteration-3/design/pf8QM.png
OREDs,24A. Shared navigation · Optional tools and project entry · Dark,tools e2fa,Open an existing local folder or clone a GitHub repository.,line-height,19.5px,20px,candidate difference: exact text match; inspect per-node context before changing,/home/agent/projects/cezar/.ai/cezar/worktrees/9ae05dcc-cc09-405c-9934-ab364076aa21/.ai/design-reference/iteration-3/runtime-verified/pairs/OREDs-browser.png,/home/agent/projects/cezar/.ai/cezar/worktrees/9ae05dcc-cc09-405c-9934-ab364076aa21/.ai/design-reference/iteration-3/design/OREDs.png
OREDs,24A. Shared navigation · Optional tools and project entry · Dark,tools e2fa,Check the tools available to this local workspace.,line-height,19.5px,20px,candidate difference: exact text match; inspect per-node context before changing,/home/agent/projects/cezar/.ai/cezar/worktrees/9ae05dcc-cc09-405c-9934-ab364076aa21/.ai/design-reference/iteration-3/runtime-verified/pairs/OREDs-browser.png,/home/agent/projects/cezar/.ai/cezar/worktrees/9ae05dcc-cc09-405c-9934-ab364076aa21/.ai/design-reference/iteration-3/design/OREDs.png
cQJod,S02. Project settings / Agents · Desktop dark,settings ba089,Project settings,font-size,28px,13px|30px,candidate difference: exact text match; inspect per-node context before changing,/home/agent/projects/cezar/.ai/cezar/worktrees/9ae05dcc-cc09-405c-9934-ab364076aa21/.ai/design-reference/iteration-3/runtime-verified/pairs/cQJod-browser.png,/home/agent/projects/cezar/.ai/cezar/worktrees/9ae05dcc-cc09-405c-9934-ab364076aa21/.ai/design-reference/iteration-3/design/cQJod.png
cQJod,S02. Project settings / Agents · Desktop dark,settings ba089,Agents,font-size,20px,12px|21px,candidate difference: exact text match; inspect per-node context before changing,/home/agent/projects/cezar/.ai/cezar/worktrees/9ae05dcc-cc09-405c-9934-ab364076aa21/.ai/design-reference/iteration-3/runtime-verified/pairs/cQJod-browser.png,/home/agent/projects/cezar/.ai/cezar/worktrees/9ae05dcc-cc09-405c-9934-ab364076aa21/.ai/design-reference/iteration-3/design/cQJod.png
cQJod,S02. Project settings / Agents · Desktop dark,settings ba089,System prompt,line-height,20px,21px,candidate difference: exact text match; inspect per-node context before changing,/home/agent/projects/cezar/.ai/cezar/worktrees/9ae05dcc-cc09-405c-9934-ab364076aa21/.ai/design-reference/iteration-3/runtime-verified/pairs/cQJod-browser.png,/home/agent/projects/cezar/.ai/cezar/worktrees/9ae05dcc-cc09-405c-9934-ab364076aa21/.ai/design-reference/iteration-3/design/cQJod.png
cQJod,S02. Project settings / Agents · Desktop dark,settings ba089,Live title updates,font-size,14px,13px,candidate difference: exact text match; inspect per-node context before changing,/home/agent/projects/cezar/.ai/cezar/worktrees/9ae05dcc-cc09-405c-9934-ab364076aa21/.ai/design-reference/iteration-3/runtime-verified/pairs/cQJod-browser.png,/home/agent/projects/cezar/.ai/cezar/worktrees/9ae05dcc-cc09-405c-9934-ab364076aa21/.ai/design-reference/iteration-3/design/cQJod.png
cQJod,S02. Project settings / Agents · Desktop dark,settings ba089,Review changes before finishing,font-size,14px,13px,candidate difference: exact text match; inspect per-node context before changing,/home/agent/projects/cezar/.ai/cezar/worktrees/9ae05dcc-cc09-405c-9934-ab364076aa21/.ai/design-reference/iteration-3/runtime-verified/pairs/cQJod-browser.png,/home/agent/projects/cezar/.ai/cezar/worktrees/9ae05dcc-cc09-405c-9934-ab364076aa21/.ai/design-reference/iteration-3/design/cQJod.png
cQJod,S02. Project settings / Agents · Desktop dark,settings ba089,Base branch,line-height,20px,21px,candidate difference: exact text match; inspect per-node context before changing,/home/agent/projects/cezar/.ai/cezar/worktrees/9ae05dcc-cc09-405c-9934-ab364076aa21/.ai/design-reference/iteration-3/runtime-verified/pairs/cQJod-browser.png,/home/agent/projects/cezar/.ai/cezar/worktrees/9ae05dcc-cc09-405c-9934-ab364076aa21/.ai/design-reference/iteration-3/design/cQJod.png
v9iCdT,S03. Project settings / Agent config · Desktop dark,settings ba089,Project settings,font-size,28px,13px|30px,candidate difference: exact text match; inspect per-node context before changing,/home/agent/projects/cezar/.ai/cezar/worktrees/9ae05dcc-cc09-405c-9934-ab364076aa21/.ai/design-reference/iteration-3/runtime-verified/pairs/v9iCdT-browser.png,/home/agent/projects/cezar/.ai/cezar/worktrees/9ae05dcc-cc09-405c-9934-ab364076aa21/.ai/design-reference/iteration-3/design/v9iCdT.png
v9iCdT,S03. Project settings / Agent config · Desktop dark,settings ba089,Agent config,font-size,20px,12px|21px,candidate difference: exact text match; inspect per-node context before changing,/home/agent/projects/cezar/.ai/cezar/worktrees/9ae05dcc-cc09-405c-9934-ab364076aa21/.ai/design-reference/iteration-3/runtime-verified/pairs/v9iCdT-browser.png,/home/agent/projects/cezar/.ai/cezar/worktrees/9ae05dcc-cc09-405c-9934-ab364076aa21/.ai/design-reference/iteration-3/design/v9iCdT.png
v9iCdT,S03. Project settings / Agent config · Desktop dark,settings ba089,Settings,font-weight,500,400,candidate difference: exact text match; inspect per-node context before changing,/home/agent/projects/cezar/.ai/cezar/worktrees/9ae05dcc-cc09-405c-9934-ab364076aa21/.ai/design-reference/iteration-3/runtime-verified/pairs/v9iCdT-browser.png,/home/agent/projects/cezar/.ai/cezar/worktrees/9ae05dcc-cc09-405c-9934-ab364076aa21/.ai/design-reference/iteration-3/design/v9iCdT.png
u8PPZ3,S04. Project settings / Worktrees · Desktop dark,settings ba089,Project settings,font-size,28px,13px|30px,candidate difference: exact text match; inspect per-node context before changing,/home/agent/projects/cezar/.ai/cezar/worktrees/9ae05dcc-cc09-405c-9934-ab364076aa21/.ai/design-reference/iteration-3/runtime-verified/pairs/u8PPZ3-browser.png,/home/agent/projects/cezar/.ai/cezar/worktrees/9ae05dcc-cc09-405c-9934-ab364076aa21/.ai/design-reference/iteration-3/design/u8PPZ3.png
u8PPZ3,S04. Project settings / Worktrees · Desktop dark,settings ba089,Worktrees,font-size,20px,12px|21px,candidate difference: exact text match; inspect per-node context before changing,/home/agent/projects/cezar/.ai/cezar/worktrees/9ae05dcc-cc09-405c-9934-ab364076aa21/.ai/design-reference/iteration-3/runtime-verified/pairs/u8PPZ3-browser.png,/home/agent/projects/cezar/.ai/cezar/worktrees/9ae05dcc-cc09-405c-9934-ab364076aa21/.ai/design-reference/iteration-3/design/u8PPZ3.png
u8PPZ3,S04. Project settings / Worktrees · Desktop dark,settings ba089,Keep last N worktrees,line-height,20px,21px,candidate difference: exact text match; inspect per-node context before changing,/home/agent/projects/cezar/.ai/cezar/worktrees/9ae05dcc-cc09-405c-9934-ab364076aa21/.ai/design-reference/iteration-3/runtime-verified/pairs/u8PPZ3-browser.png,/home/agent/projects/cezar/.ai/cezar/worktrees/9ae05dcc-cc09-405c-9934-ab364076aa21/.ai/design-reference/iteration-3/design/u8PPZ3.png
u8PPZ3,S04. Project settings / Worktrees · Desktop dark,settings ba089,Worktrees,font-size,14px,12px|21px,candidate difference: exact text match; inspect per-node context before changing,/home/agent/projects/cezar/.ai/cezar/worktrees/9ae05dcc-cc09-405c-9934-ab364076aa21/.ai/design-reference/iteration-3/runtime-verified/pairs/u8PPZ3-browser.png,/home/agent/projects/cezar/.ai/cezar/worktrees/9ae05dcc-cc09-405c-9934-ab364076aa21/.ai/design-reference/iteration-3/design/u8PPZ3.png
u8PPZ3,S04. Project settings / Worktrees · Desktop dark,settings ba089,Open folder,font-size,13px,12px,candidate difference: exact text match; inspect per-node context before changing,/home/agent/projects/cezar/.ai/cezar/worktrees/9ae05dcc-cc09-405c-9934-ab364076aa21/.ai/design-reference/iteration-3/runtime-verified/pairs/u8PPZ3-browser.png,/home/agent/projects/cezar/.ai/cezar/worktrees/9ae05dcc-cc09-405c-9934-ab364076aa21/.ai/design-reference/iteration-3/design/u8PPZ3.png
u8PPZ3,S04. Project settings / Worktrees · Desktop dark,settings ba089,Open folder,font-weight,600,400,candidate difference: exact text match; inspect per-node context before changing,/home/agent/projects/cezar/.ai/cezar/worktrees/9ae05dcc-cc09-405c-9934-ab364076aa21/.ai/design-reference/iteration-3/runtime-verified/pairs/u8PPZ3-browser.png,/home/agent/projects/cezar/.ai/cezar/worktrees/9ae05dcc-cc09-405c-9934-ab364076aa21/.ai/design-reference/iteration-3/design/u8PPZ3.png
u8PPZ3,S04. Project settings / Worktrees · Desktop dark,settings ba089,Open folder,font-size,13px,12px,candidate difference: exact text match; inspect per-node context before changing,/home/agent/projects/cezar/.ai/cezar/worktrees/9ae05dcc-cc09-405c-9934-ab364076aa21/.ai/design-reference/iteration-3/runtime-verified/pairs/u8PPZ3-browser.png,/home/agent/projects/cezar/.ai/cezar/worktrees/9ae05dcc-cc09-405c-9934-ab364076aa21/.ai/design-reference/iteration-3/design/u8PPZ3.png
u8PPZ3,S04. Project settings / Worktrees · Desktop dark,settings ba089,Open folder,font-weight,600,400,candidate difference: exact text match; inspect per-node context before changing,/home/agent/projects/cezar/.ai/cezar/worktrees/9ae05dcc-cc09-405c-9934-ab364076aa21/.ai/design-reference/iteration-3/runtime-verified/pairs/u8PPZ3-browser.png,/home/agent/projects/cezar/.ai/cezar/worktrees/9ae05dcc-cc09-405c-9934-ab364076aa21/.ai/design-reference/iteration-3/design/u8PPZ3.png
u8PPZ3,S04. Project settings / Worktrees · Desktop dark,settings ba089,Open folder,font-size,13px,12px,candidate difference: exact text match; inspect per-node context before changing,/home/agent/projects/cezar/.ai/cezar/worktrees/9ae05dcc-cc09-405c-9934-ab364076aa21/.ai/design-reference/iteration-3/runtime-verified/pairs/u8PPZ3-browser.png,/home/agent/projects/cezar/.ai/cezar/worktrees/9ae05dcc-cc09-405c-9934-ab364076aa21/.ai/design-reference/iteration-3/design/u8PPZ3.png
u8PPZ3,S04. Project settings / Worktrees · Desktop dark,settings ba089,Open folder,font-weight,600,400,candidate difference: exact text match; inspect per-node context before changing,/home/agent/projects/cezar/.ai/cezar/worktrees/9ae05dcc-cc09-405c-9934-ab364076aa21/.ai/design-reference/iteration-3/runtime-verified/pairs/u8PPZ3-browser.png,/home/agent/projects/cezar/.ai/cezar/worktrees/9ae05dcc-cc09-405c-9934-ab364076aa21/.ai/design-reference/iteration-3/design/u8PPZ3.png
u8PPZ3,S04. Project settings / Worktrees · Desktop dark,settings ba089,Open folder,font-size,13px,12px,candidate difference: exact text match; inspect per-node context before changing,/home/agent/projects/cezar/.ai/cezar/worktrees/9ae05dcc-cc09-405c-9934-ab364076aa21/.ai/design-reference/iteration-3/runtime-verified/pairs/u8PPZ3-browser.png,/home/agent/projects/cezar/.ai/cezar/worktrees/9ae05dcc-cc09-405c-9934-ab364076aa21/.ai/design-reference/iteration-3/design/u8PPZ3.png
u8PPZ3,S04. Project settings / Worktrees · Desktop dark,settings ba089,Open folder,font-weight,600,400,candidate difference: exact text match; inspect per-node context before changing,/home/agent/projects/cezar/.ai/cezar/worktrees/9ae05dcc-cc09-405c-9934-ab364076aa21/.ai/design-reference/iteration-3/runtime-verified/pairs/u8PPZ3-browser.png,/home/agent/projects/cezar/.ai/cezar/worktrees/9ae05dcc-cc09-405c-9934-ab364076aa21/.ai/design-reference/iteration-3/design/u8PPZ3.png
v5h5dm,S06. Project settings / Prompt templates · Desktop dark,settings ba089,Project settings,font-size,28px,13px|30px,candidate difference: exact text match; inspect per-node context before changing,/home/agent/projects/cezar/.ai/cezar/worktrees/9ae05dcc-cc09-405c-9934-ab364076aa21/.ai/design-reference/iteration-3/runtime-verified/pairs/v5h5dm-browser.png,/home/agent/projects/cezar/.ai/cezar/worktrees/9ae05dcc-cc09-405c-9934-ab364076aa21/.ai/design-reference/iteration-3/design/v5h5dm.png
v5h5dm,S06. Project settings / Prompt templates · Desktop dark,settings ba089,Prompt templates,font-size,20px,12px|21px,candidate difference: exact text match; inspect per-node context before changing,/home/agent/projects/cezar/.ai/cezar/worktrees/9ae05dcc-cc09-405c-9934-ab364076aa21/.ai/design-reference/iteration-3/runtime-verified/pairs/v5h5dm-browser.png,/home/agent/projects/cezar/.ai/cezar/worktrees/9ae05dcc-cc09-405c-9934-ab364076aa21/.ai/design-reference/iteration-3/design/v5h5dm.png
v5h5dm,S06. Project settings / Prompt templates · Desktop dark,settings ba089,Apply automatically with skills,line-height,20px,21px,candidate difference: exact text match; inspect per-node context before changing,/home/agent/projects/cezar/.ai/cezar/worktrees/9ae05dcc-cc09-405c-9934-ab364076aa21/.ai/design-reference/iteration-3/runtime-verified/pairs/v5h5dm-browser.png,/home/agent/projects/cezar/.ai/cezar/worktrees/9ae05dcc-cc09-405c-9934-ab364076aa21/.ai/design-reference/iteration-3/design/v5h5dm.png
v5h5dm,S06. Project settings / Prompt templates · Desktop dark,settings ba089,Delete template,font-size,12.5px,12px,candidate difference: exact text match; inspect per-node context before changing,/home/agent/projects/cezar/.ai/cezar/worktrees/9ae05dcc-cc09-405c-9934-ab364076aa21/.ai/design-reference/iteration-3/runtime-verified/pairs/v5h5dm-browser.png,/home/agent/projects/cezar/.ai/cezar/worktrees/9ae05dcc-cc09-405c-9934-ab364076aa21/.ai/design-reference/iteration-3/design/v5h5dm.png
v5h5dm,S06. Project settings / Prompt templates · Desktop dark,settings ba089,Delete template,font-weight,600,400,candidate difference: exact text match; inspect per-node context before changing,/home/agent/projects/cezar/.ai/cezar/worktrees/9ae05dcc-cc09-405c-9934-ab364076aa21/.ai/design-reference/iteration-3/runtime-verified/pairs/v5h5dm-browser.png,/home/agent/projects/cezar/.ai/cezar/worktrees/9ae05dcc-cc09-405c-9934-ab364076aa21/.ai/design-reference/iteration-3/design/v5h5dm.png
v5h5dm,S06. Project settings / Prompt templates · Desktop dark,settings ba089,Apply automatically with skills,line-height,20px,21px,candidate difference: exact text match; inspect per-node context before changing,/home/agent/projects/cezar/.ai/cezar/worktrees/9ae05dcc-cc09-405c-9934-ab364076aa21/.ai/design-reference/iteration-3/runtime-verified/pairs/v5h5dm-browser.png,/home/agent/projects/cezar/.ai/cezar/worktrees/9ae05dcc-cc09-405c-9934-ab364076aa21/.ai/design-reference/iteration-3/design/v5h5dm.png
v5h5dm,S06. Project settings / Prompt templates · Desktop dark,settings ba089,Delete template,font-size,12.5px,12px,candidate difference: exact text match; inspect per-node context before changing,/home/agent/projects/cezar/.ai/cezar/worktrees/9ae05dcc-cc09-405c-9934-ab364076aa21/.ai/design-reference/iteration-3/runtime-verified/pairs/v5h5dm-browser.png,/home/agent/projects/cezar/.ai/cezar/worktrees/9ae05dcc-cc09-405c-9934-ab364076aa21/.ai/design-reference/iteration-3/design/v5h5dm.png
v5h5dm,S06. Project settings / Prompt templates · Desktop dark,settings ba089,Delete template,font-weight,600,400,candidate difference: exact text match; inspect per-node context before changing,/home/agent/projects/cezar/.ai/cezar/worktrees/9ae05dcc-cc09-405c-9934-ab364076aa21/.ai/design-reference/iteration-3/runtime-verified/pairs/v5h5dm-browser.png,/home/agent/projects/cezar/.ai/cezar/worktrees/9ae05dcc-cc09-405c-9934-ab364076aa21/.ai/design-reference/iteration-3/design/v5h5dm.png
v5h5dm,S06. Project settings / Prompt templates · Desktop dark,settings ba089,Apply automatically with skills,line-height,20px,21px,candidate difference: exact text match; inspect per-node context before changing,/home/agent/projects/cezar/.ai/cezar/worktrees/9ae05dcc-cc09-405c-9934-ab364076aa21/.ai/design-reference/iteration-3/runtime-verified/pairs/v5h5dm-browser.png,/home/agent/projects/cezar/.ai/cezar/worktrees/9ae05dcc-cc09-405c-9934-ab364076aa21/.ai/design-reference/iteration-3/design/v5h5dm.png
v5h5dm,S06. Project settings / Prompt templates · Desktop dark,settings ba089,Delete template,font-size,12.5px,12px,candidate difference: exact text match; inspect per-node context before changing,/home/agent/projects/cezar/.ai/cezar/worktrees/9ae05dcc-cc09-405c-9934-ab364076aa21/.ai/design-reference/iteration-3/runtime-verified/pairs/v5h5dm-browser.png,/home/agent/projects/cezar/.ai/cezar/worktrees/9ae05dcc-cc09-405c-9934-ab364076aa21/.ai/design-reference/iteration-3/design/v5h5dm.png
v5h5dm,S06. Project settings / Prompt templates · Desktop dark,settings ba089,Delete template,font-weight,600,400,candidate difference: exact text match; inspect per-node context before changing,/home/agent/projects/cezar/.ai/cezar/worktrees/9ae05dcc-cc09-405c-9934-ab364076aa21/.ai/design-reference/iteration-3/runtime-verified/pairs/v5h5dm-browser.png,/home/agent/projects/cezar/.ai/cezar/worktrees/9ae05dcc-cc09-405c-9934-ab364076aa21/.ai/design-reference/iteration-3/design/v5h5dm.png
v5h5dm,S06. Project settings / Prompt templates · Desktop dark,settings ba089,Apply automatically with skills,line-height,20px,21px,candidate difference: exact text match; inspect per-node context before changing,/home/agent/projects/cezar/.ai/cezar/worktrees/9ae05dcc-cc09-405c-9934-ab364076aa21/.ai/design-reference/iteration-3/runtime-verified/pairs/v5h5dm-browser.png,/home/agent/projects/cezar/.ai/cezar/worktrees/9ae05dcc-cc09-405c-9934-ab364076aa21/.ai/design-reference/iteration-3/design/v5h5dm.png
v5h5dm,S06. Project settings / Prompt templates · Desktop dark,settings ba089,Delete template,font-size,12.5px,12px,candidate difference: exact text match; inspect per-node context before changing,/home/agent/projects/cezar/.ai/cezar/worktrees/9ae05dcc-cc09-405c-9934-ab364076aa21/.ai/design-reference/iteration-3/runtime-verified/pairs/v5h5dm-browser.png,/home/agent/projects/cezar/.ai/cezar/worktrees/9ae05dcc-cc09-405c-9934-ab364076aa21/.ai/design-reference/iteration-3/design/v5h5dm.png
v5h5dm,S06. Project settings / Prompt templates · Desktop dark,settings ba089,Delete template,font-weight,600,400,candidate difference: exact text match; inspect per-node context before changing,/home/agent/projects/cezar/.ai/cezar/worktrees/9ae05dcc-cc09-405c-9934-ab364076aa21/.ai/design-reference/iteration-3/runtime-verified/pairs/v5h5dm-browser.png,/home/agent/projects/cezar/.ai/cezar/worktrees/9ae05dcc-cc09-405c-9934-ab364076aa21/.ai/design-reference/iteration-3/design/v5h5dm.png
v5h5dm,S06. Project settings / Prompt templates · Desktop dark,settings ba089,Apply automatically with skills,line-height,20px,21px,candidate difference: exact text match; inspect per-node context before changing,/home/agent/projects/cezar/.ai/cezar/worktrees/9ae05dcc-cc09-405c-9934-ab364076aa21/.ai/design-reference/iteration-3/runtime-verified/pairs/v5h5dm-browser.png,/home/agent/projects/cezar/.ai/cezar/worktrees/9ae05dcc-cc09-405c-9934-ab364076aa21/.ai/design-reference/iteration-3/design/v5h5dm.png
v5h5dm,S06. Project settings / Prompt templates · Desktop dark,settings ba089,Delete template,font-size,12.5px,12px,candidate difference: exact text match; inspect per-node context before changing,/home/agent/projects/cezar/.ai/cezar/worktrees/9ae05dcc-cc09-405c-9934-ab364076aa21/.ai/design-reference/iteration-3/runtime-verified/pairs/v5h5dm-browser.png,/home/agent/projects/cezar/.ai/cezar/worktrees/9ae05dcc-cc09-405c-9934-ab364076aa21/.ai/design-reference/iteration-3/design/v5h5dm.png
v5h5dm,S06. Project settings / Prompt templates · Desktop dark,settings ba089,Delete template,font-weight,600,400,candidate difference: exact text match; inspect per-node context before changing,/home/agent/projects/cezar/.ai/cezar/worktrees/9ae05dcc-cc09-405c-9934-ab364076aa21/.ai/design-reference/iteration-3/runtime-verified/pairs/v5h5dm-browser.png,/home/agent/projects/cezar/.ai/cezar/worktrees/9ae05dcc-cc09-405c-9934-ab364076aa21/.ai/design-reference/iteration-3/design/v5h5dm.png
v5h5dm,S06. Project settings / Prompt templates · Desktop dark,settings ba089,Add template,font-size,12.5px,12px,candidate difference: exact text match; inspect per-node context before changing,/home/agent/projects/cezar/.ai/cezar/worktrees/9ae05dcc-cc09-405c-9934-ab364076aa21/.ai/design-reference/iteration-3/runtime-verified/pairs/v5h5dm-browser.png,/home/agent/projects/cezar/.ai/cezar/worktrees/9ae05dcc-cc09-405c-9934-ab364076aa21/.ai/design-reference/iteration-3/design/v5h5dm.png
v5h5dm,S06. Project settings / Prompt templates · Desktop dark,settings ba089,Add template,font-weight,600,400,candidate difference: exact text match; inspect per-node context before changing,/home/agent/projects/cezar/.ai/cezar/worktrees/9ae05dcc-cc09-405c-9934-ab364076aa21/.ai/design-reference/iteration-3/runtime-verified/pairs/v5h5dm-browser.png,/home/agent/projects/cezar/.ai/cezar/worktrees/9ae05dcc-cc09-405c-9934-ab364076aa21/.ai/design-reference/iteration-3/design/v5h5dm.png
c96HBw,S09. Global settings / Notifications · Desktop dark,settings ba089,Global settings,font-size,28px,13px|30px,candidate difference: exact text match; inspect per-node context before changing,/home/agent/projects/cezar/.ai/cezar/worktrees/9ae05dcc-cc09-405c-9934-ab364076aa21/.ai/design-reference/iteration-3/runtime-verified/pairs/c96HBw-browser.png,/home/agent/projects/cezar/.ai/cezar/worktrees/9ae05dcc-cc09-405c-9934-ab364076aa21/.ai/design-reference/iteration-3/design/c96HBw.png
c96HBw,S09. Global settings / Notifications · Desktop dark,settings ba089,"Preferences for you and this machine, shared by every project.",line-height,19.5px,21px,candidate difference: exact text match; inspect per-node context before changing,/home/agent/projects/cezar/.ai/cezar/worktrees/9ae05dcc-cc09-405c-9934-ab364076aa21/.ai/design-reference/iteration-3/runtime-verified/pairs/c96HBw-browser.png,/home/agent/projects/cezar/.ai/cezar/worktrees/9ae05dcc-cc09-405c-9934-ab364076aa21/.ai/design-reference/iteration-3/design/c96HBw.png
c96HBw,S09. Global settings / Notifications · Desktop dark,settings ba089,Notifications,font-size,20px,12px|21px,candidate difference: exact text match; inspect per-node context before changing,/home/agent/projects/cezar/.ai/cezar/worktrees/9ae05dcc-cc09-405c-9934-ab364076aa21/.ai/design-reference/iteration-3/runtime-verified/pairs/c96HBw-browser.png,/home/agent/projects/cezar/.ai/cezar/worktrees/9ae05dcc-cc09-405c-9934-ab364076aa21/.ai/design-reference/iteration-3/design/c96HBw.png
c96HBw,S09. Global settings / Notifications · Desktop dark,settings ba089,Notify when an agent needs you,font-weight,600,400,candidate difference: exact text match; inspect per-node context before changing,/home/agent/projects/cezar/.ai/cezar/worktrees/9ae05dcc-cc09-405c-9934-ab364076aa21/.ai/design-reference/iteration-3/runtime-verified/pairs/c96HBw-browser.png,/home/agent/projects/cezar/.ai/cezar/worktrees/9ae05dcc-cc09-405c-9934-ab364076aa21/.ai/design-reference/iteration-3/design/c96HBw.png
c96HBw,S09. Global settings / Notifications · Desktop dark,settings ba089,Notify when an agent needs you,line-height,20px,21px,candidate difference: exact text match; inspect per-node context before changing,/home/agent/projects/cezar/.ai/cezar/worktrees/9ae05dcc-cc09-405c-9934-ab364076aa21/.ai/design-reference/iteration-3/runtime-verified/pairs/c96HBw-browser.png,/home/agent/projects/cezar/.ai/cezar/worktrees/9ae05dcc-cc09-405c-9934-ab364076aa21/.ai/design-reference/iteration-3/design/c96HBw.png
c96HBw,S09. Global settings / Notifications · Desktop dark,settings ba089,Permission is requested only when you enable notifications.,font-size,13px,12px,candidate difference: exact text match; inspect per-node context before changing,/home/agent/projects/cezar/.ai/cezar/worktrees/9ae05dcc-cc09-405c-9934-ab364076aa21/.ai/design-reference/iteration-3/runtime-verified/pairs/c96HBw-browser.png,/home/agent/projects/cezar/.ai/cezar/worktrees/9ae05dcc-cc09-405c-9934-ab364076aa21/.ai/design-reference/iteration-3/design/c96HBw.png
c96HBw,S09. Global settings / Notifications · Desktop dark,settings ba089,Permission is requested only when you enable notifications.,line-height,19.5px,18px,candidate difference: exact text match; inspect per-node context before changing,/home/agent/projects/cezar/.ai/cezar/worktrees/9ae05dcc-cc09-405c-9934-ab364076aa21/.ai/design-reference/iteration-3/runtime-verified/pairs/c96HBw-browser.png,/home/agent/projects/cezar/.ai/cezar/worktrees/9ae05dcc-cc09-405c-9934-ab364076aa21/.ai/design-reference/iteration-3/design/c96HBw.png
iBtG5,S10. Global settings / Resources · Desktop dark,settings ba089,Global settings,font-size,28px,13px|30px,candidate difference: exact text match; inspect per-node context before changing,/home/agent/projects/cezar/.ai/cezar/worktrees/9ae05dcc-cc09-405c-9934-ab364076aa21/.ai/design-reference/iteration-3/runtime-verified/pairs/iBtG5-browser.png,/home/agent/projects/cezar/.ai/cezar/worktrees/9ae05dcc-cc09-405c-9934-ab364076aa21/.ai/design-reference/iteration-3/design/iBtG5.png
iBtG5,S10. Global settings / Resources · Desktop dark,settings ba089,"Preferences for you and this machine, shared by every project.",line-height,19.5px,21px,candidate difference: exact text match; inspect per-node context before changing,/home/agent/projects/cezar/.ai/cezar/worktrees/9ae05dcc-cc09-405c-9934-ab364076aa21/.ai/design-reference/iteration-3/runtime-verified/pairs/iBtG5-browser.png,/home/agent/projects/cezar/.ai/cezar/worktrees/9ae05dcc-cc09-405c-9934-ab364076aa21/.ai/design-reference/iteration-3/design/iBtG5.png
iBtG5,S10. Global settings / Resources · Desktop dark,settings ba089,Resources,font-size,20px,12px|21px,candidate difference: exact text match; inspect per-node context before changing,/home/agent/projects/cezar/.ai/cezar/worktrees/9ae05dcc-cc09-405c-9934-ab364076aa21/.ai/design-reference/iteration-3/runtime-verified/pairs/iBtG5-browser.png,/home/agent/projects/cezar/.ai/cezar/worktrees/9ae05dcc-cc09-405c-9934-ab364076aa21/.ai/design-reference/iteration-3/design/iBtG5.png
iBtG5,S10. Global settings / Resources · Desktop dark,settings ba089,Max parallel tasks,line-height,20px,21px,candidate difference: exact text match; inspect per-node context before changing,/home/agent/projects/cezar/.ai/cezar/worktrees/9ae05dcc-cc09-405c-9934-ab364076aa21/.ai/design-reference/iteration-3/runtime-verified/pairs/iBtG5-browser.png,/home/agent/projects/cezar/.ai/cezar/worktrees/9ae05dcc-cc09-405c-9934-ab364076aa21/.ai/design-reference/iteration-3/design/iBtG5.png
iBtG5,S10. Global settings / Resources · Desktop dark,settings ba089,Extra monitoring sessions,line-height,20px,21px,candidate difference: exact text match; inspect per-node context before changing,/home/agent/projects/cezar/.ai/cezar/worktrees/9ae05dcc-cc09-405c-9934-ab364076aa21/.ai/design-reference/iteration-3/runtime-verified/pairs/iBtG5-browser.png,/home/agent/projects/cezar/.ai/cezar/worktrees/9ae05dcc-cc09-405c-9934-ab364076aa21/.ai/design-reference/iteration-3/design/iBtG5.png
iBtG5,S10. Global settings / Resources · Desktop dark,settings ba089,Monitoring wake-up,line-height,20px,21px,candidate difference: exact text match; inspect per-node context before changing,/home/agent/projects/cezar/.ai/cezar/worktrees/9ae05dcc-cc09-405c-9934-ab364076aa21/.ai/design-reference/iteration-3/runtime-verified/pairs/iBtG5-browser.png,/home/agent/projects/cezar/.ai/cezar/worktrees/9ae05dcc-cc09-405c-9934-ab364076aa21/.ai/design-reference/iteration-3/design/iBtG5.png
iBtG5,S10. Global settings / Resources · Desktop dark,settings ba089,Auto-resume after a usage limit,line-height,20px,21px,candidate difference: exact text match; inspect per-node context before changing,/home/agent/projects/cezar/.ai/cezar/worktrees/9ae05dcc-cc09-405c-9934-ab364076aa21/.ai/design-reference/iteration-3/runtime-verified/pairs/iBtG5-browser.png,/home/agent/projects/cezar/.ai/cezar/worktrees/9ae05dcc-cc09-405c-9934-ab364076aa21/.ai/design-reference/iteration-3/design/iBtG5.png
iBtG5,S10. Global settings / Resources · Desktop dark,settings ba089,Per-task memory limit,line-height,20px,21px,candidate difference: exact text match; inspect per-node context before changing,/home/agent/projects/cezar/.ai/cezar/worktrees/9ae05dcc-cc09-405c-9934-ab364076aa21/.ai/design-reference/iteration-3/runtime-verified/pairs/iBtG5-browser.png,/home/agent/projects/cezar/.ai/cezar/worktrees/9ae05dcc-cc09-405c-9934-ab364076aa21/.ai/design-reference/iteration-3/design/iBtG5.png
iBtG5,S10. Global settings / Resources · Desktop dark,settings ba089,New task defaults,font-size,14px,17px,candidate difference: exact text match; inspect per-node context before changing,/home/agent/projects/cezar/.ai/cezar/worktrees/9ae05dcc-cc09-405c-9934-ab364076aa21/.ai/design-reference/iteration-3/runtime-verified/pairs/iBtG5-browser.png,/home/agent/projects/cezar/.ai/cezar/worktrees/9ae05dcc-cc09-405c-9934-ab364076aa21/.ai/design-reference/iteration-3/design/iBtG5.png
iBtG5,S10. Global settings / Resources · Desktop dark,settings ba089,New task defaults,line-height,20px,26px,candidate difference: exact text match; inspect per-node context before changing,/home/agent/projects/cezar/.ai/cezar/worktrees/9ae05dcc-cc09-405c-9934-ab364076aa21/.ai/design-reference/iteration-3/runtime-verified/pairs/iBtG5-browser.png,/home/agent/projects/cezar/.ai/cezar/worktrees/9ae05dcc-cc09-405c-9934-ab364076aa21/.ai/design-reference/iteration-3/design/iBtG5.png
tWnpG,S11. Global settings / Skills · Desktop dark,settings ba089,Global settings,font-size,28px,13px|30px,candidate difference: exact text match; inspect per-node context before changing,/home/agent/projects/cezar/.ai/cezar/worktrees/9ae05dcc-cc09-405c-9934-ab364076aa21/.ai/design-reference/iteration-3/runtime-verified/pairs/tWnpG-browser.png,/home/agent/projects/cezar/.ai/cezar/worktrees/9ae05dcc-cc09-405c-9934-ab364076aa21/.ai/design-reference/iteration-3/design/tWnpG.png
tWnpG,S11. Global settings / Skills · Desktop dark,settings ba089,"Preferences for you and this machine, shared by every project.",line-height,19.5px,21px,candidate difference: exact text match; inspect per-node context before changing,/home/agent/projects/cezar/.ai/cezar/worktrees/9ae05dcc-cc09-405c-9934-ab364076aa21/.ai/design-reference/iteration-3/runtime-verified/pairs/tWnpG-browser.png,/home/agent/projects/cezar/.ai/cezar/worktrees/9ae05dcc-cc09-405c-9934-ab364076aa21/.ai/design-reference/iteration-3/design/tWnpG.png
tWnpG,S11. Global settings / Skills · Desktop dark,settings ba089,Skills,font-size,20px,11px|12px|21px,candidate difference: exact text match; inspect per-node context before changing,/home/agent/projects/cezar/.ai/cezar/worktrees/9ae05dcc-cc09-405c-9934-ab364076aa21/.ai/design-reference/iteration-3/runtime-verified/pairs/tWnpG-browser.png,/home/agent/projects/cezar/.ai/cezar/worktrees/9ae05dcc-cc09-405c-9934-ab364076aa21/.ai/design-reference/iteration-3/design/tWnpG.png
tWnpG,S11. Global settings / Skills · Desktop dark,settings ba089,Update Open Mercato skills automatically,font-weight,600,400,candidate difference: exact text match; inspect per-node context before changing,/home/agent/projects/cezar/.ai/cezar/worktrees/9ae05dcc-cc09-405c-9934-ab364076aa21/.ai/design-reference/iteration-3/runtime-verified/pairs/tWnpG-browser.png,/home/agent/projects/cezar/.ai/cezar/worktrees/9ae05dcc-cc09-405c-9934-ab364076aa21/.ai/design-reference/iteration-3/design/tWnpG.png
tWnpG,S11. Global settings / Skills · Desktop dark,settings ba089,Update Open Mercato skills automatically,line-height,20px,21px,candidate difference: exact text match; inspect per-node context before changing,/home/agent/projects/cezar/.ai/cezar/worktrees/9ae05dcc-cc09-405c-9934-ab364076aa21/.ai/design-reference/iteration-3/runtime-verified/pairs/tWnpG-browser.png,/home/agent/projects/cezar/.ai/cezar/worktrees/9ae05dcc-cc09-405c-9934-ab364076aa21/.ai/design-reference/iteration-3/design/tWnpG.png
tWnpG,S11. Global settings / Skills · Desktop dark,settings ba089,Manage installed skills and sources from the Skills catalog.,line-height,19.5px,20px,candidate difference: exact text match; inspect per-node context before changing,/home/agent/projects/cezar/.ai/cezar/worktrees/9ae05dcc-cc09-405c-9934-ab364076aa21/.ai/design-reference/iteration-3/runtime-verified/pairs/tWnpG-browser.png,/home/agent/projects/cezar/.ai/cezar/worktrees/9ae05dcc-cc09-405c-9934-ab364076aa21/.ai/design-reference/iteration-3/design/tWnpG.png
XvWFg,S12. Global settings / Agent accounts · Desktop dark,settings ba089,Global settings,font-size,28px,13px|30px,candidate difference: exact text match; inspect per-node context before changing,/home/agent/projects/cezar/.ai/cezar/worktrees/9ae05dcc-cc09-405c-9934-ab364076aa21/.ai/design-reference/iteration-3/runtime-verified/pairs/XvWFg-browser.png,/home/agent/projects/cezar/.ai/cezar/worktrees/9ae05dcc-cc09-405c-9934-ab364076aa21/.ai/design-reference/iteration-3/design/XvWFg.png
XvWFg,S12. Global settings / Agent accounts · Desktop dark,settings ba089,"Preferences for you and this machine, shared by every project.",line-height,19.5px,21px,candidate difference: exact text match; inspect per-node context before changing,/home/agent/projects/cezar/.ai/cezar/worktrees/9ae05dcc-cc09-405c-9934-ab364076aa21/.ai/design-reference/iteration-3/runtime-verified/pairs/XvWFg-browser.png,/home/agent/projects/cezar/.ai/cezar/worktrees/9ae05dcc-cc09-405c-9934-ab364076aa21/.ai/design-reference/iteration-3/design/XvWFg.png
XvWFg,S12. Global settings / Agent accounts · Desktop dark,settings ba089,Agent accounts,font-size,20px,12px|21px,candidate difference: exact text match; inspect per-node context before changing,/home/agent/projects/cezar/.ai/cezar/worktrees/9ae05dcc-cc09-405c-9934-ab364076aa21/.ai/design-reference/iteration-3/runtime-verified/pairs/XvWFg-browser.png,/home/agent/projects/cezar/.ai/cezar/worktrees/9ae05dcc-cc09-405c-9934-ab364076aa21/.ai/design-reference/iteration-3/design/XvWFg.png
XvWFg,S12. Global settings / Agent accounts · Desktop dark,settings ba089,Claude Code,font-size,12.5px,14px,candidate difference: exact text match; inspect per-node context before changing,/home/agent/projects/cezar/.ai/cezar/worktrees/9ae05dcc-cc09-405c-9934-ab364076aa21/.ai/design-reference/iteration-3/runtime-verified/pairs/XvWFg-browser.png,/home/agent/projects/cezar/.ai/cezar/worktrees/9ae05dcc-cc09-405c-9934-ab364076aa21/.ai/design-reference/iteration-3/design/XvWFg.png
XvWFg,S12. Global settings / Agent accounts · Desktop dark,settings ba089,Claude Code,font-weight,600,400,candidate difference: exact text match; inspect per-node context before changing,/home/agent/projects/cezar/.ai/cezar/worktrees/9ae05dcc-cc09-405c-9934-ab364076aa21/.ai/design-reference/iteration-3/runtime-verified/pairs/XvWFg-browser.png,/home/agent/projects/cezar/.ai/cezar/worktrees/9ae05dcc-cc09-405c-9934-ab364076aa21/.ai/design-reference/iteration-3/design/XvWFg.png
XvWFg,S12. Global settings / Agent accounts · Desktop dark,settings ba089,Claude Code,line-height,18.75px,21px,candidate difference: exact text match; inspect per-node context before changing,/home/agent/projects/cezar/.ai/cezar/worktrees/9ae05dcc-cc09-405c-9934-ab364076aa21/.ai/design-reference/iteration-3/runtime-verified/pairs/XvWFg-browser.png,/home/agent/projects/cezar/.ai/cezar/worktrees/9ae05dcc-cc09-405c-9934-ab364076aa21/.ai/design-reference/iteration-3/design/XvWFg.png
XvWFg,S12. Global settings / Agent accounts · Desktop dark,settings ba089,Codex,font-size,12.5px,12px|14px,candidate difference: exact text match; inspect per-node context before changing,/home/agent/projects/cezar/.ai/cezar/worktrees/9ae05dcc-cc09-405c-9934-ab364076aa21/.ai/design-reference/iteration-3/runtime-verified/pairs/XvWFg-browser.png,/home/agent/projects/cezar/.ai/cezar/worktrees/9ae05dcc-cc09-405c-9934-ab364076aa21/.ai/design-reference/iteration-3/design/XvWFg.png
XvWFg,S12. Global settings / Agent accounts · Desktop dark,settings ba089,Codex,font-weight,500,400,candidate difference: exact text match; inspect per-node context before changing,/home/agent/projects/cezar/.ai/cezar/worktrees/9ae05dcc-cc09-405c-9934-ab364076aa21/.ai/design-reference/iteration-3/runtime-verified/pairs/XvWFg-browser.png,/home/agent/projects/cezar/.ai/cezar/worktrees/9ae05dcc-cc09-405c-9934-ab364076aa21/.ai/design-reference/iteration-3/design/XvWFg.png
XvWFg,S12. Global settings / Agent accounts · Desktop dark,settings ba089,Add account,font-size,12.5px,12px,candidate difference: exact text match; inspect per-node context before changing,/home/agent/projects/cezar/.ai/cezar/worktrees/9ae05dcc-cc09-405c-9934-ab364076aa21/.ai/design-reference/iteration-3/runtime-verified/pairs/XvWFg-browser.png,/home/agent/projects/cezar/.ai/cezar/worktrees/9ae05dcc-cc09-405c-9934-ab364076aa21/.ai/design-reference/iteration-3/design/XvWFg.png
XvWFg,S12. Global settings / Agent accounts · Desktop dark,settings ba089,Add account,font-weight,600,400,candidate difference: exact text match; inspect per-node context before changing,/home/agent/projects/cezar/.ai/cezar/worktrees/9ae05dcc-cc09-405c-9934-ab364076aa21/.ai/design-reference/iteration-3/runtime-verified/pairs/XvWFg-browser.png,/home/agent/projects/cezar/.ai/cezar/worktrees/9ae05dcc-cc09-405c-9934-ab364076aa21/.ai/design-reference/iteration-3/design/XvWFg.png
pHBjV,S13. Global settings / Projects · Desktop dark,settings ba089,Global settings,font-size,28px,13px|30px,candidate difference: exact text match; inspect per-node context before changing,/home/agent/projects/cezar/.ai/cezar/worktrees/9ae05dcc-cc09-405c-9934-ab364076aa21/.ai/design-reference/iteration-3/runtime-verified/pairs/pHBjV-browser.png,/home/agent/projects/cezar/.ai/cezar/worktrees/9ae05dcc-cc09-405c-9934-ab364076aa21/.ai/design-reference/iteration-3/design/pHBjV.png
pHBjV,S13. Global settings / Projects · Desktop dark,settings ba089,"Preferences for you and this machine, shared by every project.",line-height,19.5px,21px,candidate difference: exact text match; inspect per-node context before changing,/home/agent/projects/cezar/.ai/cezar/worktrees/9ae05dcc-cc09-405c-9934-ab364076aa21/.ai/design-reference/iteration-3/runtime-verified/pairs/pHBjV-browser.png,/home/agent/projects/cezar/.ai/cezar/worktrees/9ae05dcc-cc09-405c-9934-ab364076aa21/.ai/design-reference/iteration-3/design/pHBjV.png
pHBjV,S13. Global settings / Projects · Desktop dark,settings ba089,Projects,font-size,20px,12px|21px,candidate difference: exact text match; inspect per-node context before changing,/home/agent/projects/cezar/.ai/cezar/worktrees/9ae05dcc-cc09-405c-9934-ab364076aa21/.ai/design-reference/iteration-3/runtime-verified/pairs/pHBjV-browser.png,/home/agent/projects/cezar/.ai/cezar/worktrees/9ae05dcc-cc09-405c-9934-ab364076aa21/.ai/design-reference/iteration-3/design/pHBjV.png
pHBjV,S13. Global settings / Projects · Desktop dark,settings ba089,Default browse folder,line-height,20px,21px,candidate difference: exact text match; inspect per-node context before changing,/home/agent/projects/cezar/.ai/cezar/worktrees/9ae05dcc-cc09-405c-9934-ab364076aa21/.ai/design-reference/iteration-3/runtime-verified/pairs/pHBjV-browser.png,/home/agent/projects/cezar/.ai/cezar/worktrees/9ae05dcc-cc09-405c-9934-ab364076aa21/.ai/design-reference/iteration-3/design/pHBjV.png
pHBjV,S13. Global settings / Projects · Desktop dark,settings ba089,Default checkout folder,line-height,20px,21px,candidate difference: exact text match; inspect per-node context before changing,/home/agent/projects/cezar/.ai/cezar/worktrees/9ae05dcc-cc09-405c-9934-ab364076aa21/.ai/design-reference/iteration-3/runtime-verified/pairs/pHBjV-browser.png,/home/agent/projects/cezar/.ai/cezar/worktrees/9ae05dcc-cc09-405c-9934-ab364076aa21/.ai/design-reference/iteration-3/design/pHBjV.png
pHBjV,S13. Global settings / Projects · Desktop dark,settings ba089,Registered projects,font-size,14px,18px,candidate difference: exact text match; inspect per-node context before changing,/home/agent/projects/cezar/.ai/cezar/worktrees/9ae05dcc-cc09-405c-9934-ab364076aa21/.ai/design-reference/iteration-3/runtime-verified/pairs/pHBjV-browser.png,/home/agent/projects/cezar/.ai/cezar/worktrees/9ae05dcc-cc09-405c-9934-ab364076aa21/.ai/design-reference/iteration-3/design/pHBjV.png
pHBjV,S13. Global settings / Projects · Desktop dark,settings ba089,Registered projects,line-height,20px,27px,candidate difference: exact text match; inspect per-node context before changing,/home/agent/projects/cezar/.ai/cezar/worktrees/9ae05dcc-cc09-405c-9934-ab364076aa21/.ai/design-reference/iteration-3/runtime-verified/pairs/pHBjV-browser.png,/home/agent/projects/cezar/.ai/cezar/worktrees/9ae05dcc-cc09-405c-9934-ab364076aa21/.ai/design-reference/iteration-3/design/pHBjV.png
ITZ94,19A. Inbox · Mobile dark,tasks 445,Inbox,font-weight,500,400,candidate difference: exact text match; inspect per-node context before changing,/home/agent/projects/cezar/.ai/cezar/worktrees/9ae05dcc-cc09-405c-9934-ab364076aa21/.ai/design-reference/iteration-3/runtime-verified/pairs/ITZ94-browser.png,/home/agent/projects/cezar/.ai/cezar/worktrees/9ae05dcc-cc09-405c-9934-ab364076aa21/.ai/design-reference/iteration-3/design/ITZ94.png
ITZ94,19A. Inbox · Mobile dark,tasks 445,Inbox,line-height,33px,34px,candidate difference: exact text match; inspect per-node context before changing,/home/agent/projects/cezar/.ai/cezar/worktrees/9ae05dcc-cc09-405c-9934-ab364076aa21/.ai/design-reference/iteration-3/runtime-verified/pairs/ITZ94-browser.png,/home/agent/projects/cezar/.ai/cezar/worktrees/9ae05dcc-cc09-405c-9934-ab364076aa21/.ai/design-reference/iteration-3/design/ITZ94.png
ITZ94,19A. Inbox · Mobile dark,tasks 445,"Follow-ups from your agents. Review the suggestion, then start a new task.",line-height,19.5px,20px,candidate difference: exact text match; inspect per-node context before changing,/home/agent/projects/cezar/.ai/cezar/worktrees/9ae05dcc-cc09-405c-9934-ab364076aa21/.ai/design-reference/iteration-3/runtime-verified/pairs/ITZ94-browser.png,/home/agent/projects/cezar/.ai/cezar/worktrees/9ae05dcc-cc09-405c-9934-ab364076aa21/.ai/design-reference/iteration-3/design/ITZ94.png
ITZ94,19A. Inbox · Mobile dark,tasks 445,Dismiss,font-size,12.5px,12px,candidate difference: exact text match; inspect per-node context before changing,/home/agent/projects/cezar/.ai/cezar/worktrees/9ae05dcc-cc09-405c-9934-ab364076aa21/.ai/design-reference/iteration-3/runtime-verified/pairs/ITZ94-browser.png,/home/agent/projects/cezar/.ai/cezar/worktrees/9ae05dcc-cc09-405c-9934-ab364076aa21/.ai/design-reference/iteration-3/design/ITZ94.png
ITZ94,19A. Inbox · Mobile dark,tasks 445,Dismiss,font-weight,600,500,candidate difference: exact text match; inspect per-node context before changing,/home/agent/projects/cezar/.ai/cezar/worktrees/9ae05dcc-cc09-405c-9934-ab364076aa21/.ai/design-reference/iteration-3/runtime-verified/pairs/ITZ94-browser.png,/home/agent/projects/cezar/.ai/cezar/worktrees/9ae05dcc-cc09-405c-9934-ab364076aa21/.ai/design-reference/iteration-3/design/ITZ94.png
Itxee,20B. Automation editor · Mobile dark,tasks 445,Edit automation,font-weight,500,400,candidate difference: exact text match; inspect per-node context before changing,/home/agent/projects/cezar/.ai/cezar/worktrees/9ae05dcc-cc09-405c-9934-ab364076aa21/.ai/design-reference/iteration-3/runtime-verified/pairs/Itxee-browser.png,/home/agent/projects/cezar/.ai/cezar/worktrees/9ae05dcc-cc09-405c-9934-ab364076aa21/.ai/design-reference/iteration-3/design/Itxee.png
Itxee,20B. Automation editor · Mobile dark,tasks 445,Save automation,font-size,13px,12px,candidate difference: exact text match; inspect per-node context before changing,/home/agent/projects/cezar/.ai/cezar/worktrees/9ae05dcc-cc09-405c-9934-ab364076aa21/.ai/design-reference/iteration-3/runtime-verified/pairs/Itxee-browser.png,/home/agent/projects/cezar/.ai/cezar/worktrees/9ae05dcc-cc09-405c-9934-ab364076aa21/.ai/design-reference/iteration-3/design/Itxee.png
Itxee,20B. Automation editor · Mobile dark,tasks 445,Save automation,font-weight,600,400,candidate difference: exact text match; inspect per-node context before changing,/home/agent/projects/cezar/.ai/cezar/worktrees/9ae05dcc-cc09-405c-9934-ab364076aa21/.ai/design-reference/iteration-3/runtime-verified/pairs/Itxee-browser.png,/home/agent/projects/cezar/.ai/cezar/worktrees/9ae05dcc-cc09-405c-9934-ab364076aa21/.ai/design-reference/iteration-3/design/Itxee.png
Itxee,20B. Automation editor · Mobile dark,tasks 445,Cancel,font-size,13px,12px,candidate difference: exact text match; inspect per-node context before changing,/home/agent/projects/cezar/.ai/cezar/worktrees/9ae05dcc-cc09-405c-9934-ab364076aa21/.ai/design-reference/iteration-3/runtime-verified/pairs/Itxee-browser.png,/home/agent/projects/cezar/.ai/cezar/worktrees/9ae05dcc-cc09-405c-9934-ab364076aa21/.ai/design-reference/iteration-3/design/Itxee.png
Itxee,20B. Automation editor · Mobile dark,tasks 445,Cancel,font-weight,600,400,candidate difference: exact text match; inspect per-node context before changing,/home/agent/projects/cezar/.ai/cezar/worktrees/9ae05dcc-cc09-405c-9934-ab364076aa21/.ai/design-reference/iteration-3/runtime-verified/pairs/Itxee-browser.png,/home/agent/projects/cezar/.ai/cezar/worktrees/9ae05dcc-cc09-405c-9934-ab364076aa21/.ai/design-reference/iteration-3/design/Itxee.png
iQvMt,21A. Compare variants · Mobile dark,tasks 445,Compare variants,font-weight,500,400,candidate difference: exact text match; inspect per-node context before changing,/home/agent/projects/cezar/.ai/cezar/worktrees/9ae05dcc-cc09-405c-9934-ab364076aa21/.ai/design-reference/iteration-3/runtime-verified/pairs/iQvMt-browser.png,/home/agent/projects/cezar/.ai/cezar/worktrees/9ae05dcc-cc09-405c-9934-ab364076aa21/.ai/design-reference/iteration-3/design/iQvMt.png
iQvMt,21A. Compare variants · Mobile dark,tasks 445,Compare variants,line-height,30.8px,33px,candidate difference: exact text match; inspect per-node context before changing,/home/agent/projects/cezar/.ai/cezar/worktrees/9ae05dcc-cc09-405c-9934-ab364076aa21/.ai/design-reference/iteration-3/runtime-verified/pairs/iQvMt-browser.png,/home/agent/projects/cezar/.ai/cezar/worktrees/9ae05dcc-cc09-405c-9934-ab364076aa21/.ai/design-reference/iteration-3/design/iQvMt.png
iQvMt,21A. Compare variants · Mobile dark,tasks 445,Pick variant A,font-size,13px,12px,candidate difference: exact text match; inspect per-node context before changing,/home/agent/projects/cezar/.ai/cezar/worktrees/9ae05dcc-cc09-405c-9934-ab364076aa21/.ai/design-reference/iteration-3/runtime-verified/pairs/iQvMt-browser.png,/home/agent/projects/cezar/.ai/cezar/worktrees/9ae05dcc-cc09-405c-9934-ab364076aa21/.ai/design-reference/iteration-3/design/iQvMt.png
iQvMt,21A. Compare variants · Mobile dark,tasks 445,Pick variant A,font-weight,600,400,candidate difference: exact text match; inspect per-node context before changing,/home/agent/projects/cezar/.ai/cezar/worktrees/9ae05dcc-cc09-405c-9934-ab364076aa21/.ai/design-reference/iteration-3/runtime-verified/pairs/iQvMt-browser.png,/home/agent/projects/cezar/.ai/cezar/worktrees/9ae05dcc-cc09-405c-9934-ab364076aa21/.ai/design-reference/iteration-3/design/iQvMt.png
iQvMt,21A. Compare variants · Mobile dark,tasks 445,Pick variant B,font-size,13px,12px,candidate difference: exact text match; inspect per-node context before changing,/home/agent/projects/cezar/.ai/cezar/worktrees/9ae05dcc-cc09-405c-9934-ab364076aa21/.ai/design-reference/iteration-3/runtime-verified/pairs/iQvMt-browser.png,/home/agent/projects/cezar/.ai/cezar/worktrees/9ae05dcc-cc09-405c-9934-ab364076aa21/.ai/design-reference/iteration-3/design/iQvMt.png
iQvMt,21A. Compare variants · Mobile dark,tasks 445,Pick variant B,font-weight,600,400,candidate difference: exact text match; inspect per-node context before changing,/home/agent/projects/cezar/.ai/cezar/worktrees/9ae05dcc-cc09-405c-9934-ab364076aa21/.ai/design-reference/iteration-3/runtime-verified/pairs/iQvMt-browser.png,/home/agent/projects/cezar/.ai/cezar/worktrees/9ae05dcc-cc09-405c-9934-ab364076aa21/.ai/design-reference/iteration-3/design/iQvMt.png
jCdnx,S10. Global settings / Resources · Mobile dark,settings ba089,Global settings,font-size,28px,25px,candidate difference: exact text match; inspect per-node context before changing,/home/agent/projects/cezar/.ai/cezar/worktrees/9ae05dcc-cc09-405c-9934-ab364076aa21/.ai/design-reference/iteration-3/runtime-verified/pairs/jCdnx-browser.png,/home/agent/projects/cezar/.ai/cezar/worktrees/9ae05dcc-cc09-405c-9934-ab364076aa21/.ai/design-reference/iteration-3/design/jCdnx.png
jCdnx,S10. Global settings / Resources · Mobile dark,settings ba089,Global settings,font-weight,600,400,candidate difference: exact text match; inspect per-node context before changing,/home/agent/projects/cezar/.ai/cezar/worktrees/9ae05dcc-cc09-405c-9934-ab364076aa21/.ai/design-reference/iteration-3/runtime-verified/pairs/jCdnx-browser.png,/home/agent/projects/cezar/.ai/cezar/worktrees/9ae05dcc-cc09-405c-9934-ab364076aa21/.ai/design-reference/iteration-3/design/jCdnx.png
jCdnx,S10. Global settings / Resources · Mobile dark,settings ba089,Global settings,line-height,42px,38px,candidate difference: exact text match; inspect per-node context before changing,/home/agent/projects/cezar/.ai/cezar/worktrees/9ae05dcc-cc09-405c-9934-ab364076aa21/.ai/design-reference/iteration-3/runtime-verified/pairs/jCdnx-browser.png,/home/agent/projects/cezar/.ai/cezar/worktrees/9ae05dcc-cc09-405c-9934-ab364076aa21/.ai/design-reference/iteration-3/design/jCdnx.png
jCdnx,S10. Global settings / Resources · Mobile dark,settings ba089,Resources,font-size,20px,14px|21px,candidate difference: exact text match; inspect per-node context before changing,/home/agent/projects/cezar/.ai/cezar/worktrees/9ae05dcc-cc09-405c-9934-ab364076aa21/.ai/design-reference/iteration-3/runtime-verified/pairs/jCdnx-browser.png,/home/agent/projects/cezar/.ai/cezar/worktrees/9ae05dcc-cc09-405c-9934-ab364076aa21/.ai/design-reference/iteration-3/design/jCdnx.png
jCdnx,S10. Global settings / Resources · Mobile dark,settings ba089,Max parallel tasks,line-height,20px,21px,candidate difference: exact text match; inspect per-node context before changing,/home/agent/projects/cezar/.ai/cezar/worktrees/9ae05dcc-cc09-405c-9934-ab364076aa21/.ai/design-reference/iteration-3/runtime-verified/pairs/jCdnx-browser.png,/home/agent/projects/cezar/.ai/cezar/worktrees/9ae05dcc-cc09-405c-9934-ab364076aa21/.ai/design-reference/iteration-3/design/jCdnx.png
jCdnx,S10. Global settings / Resources · Mobile dark,settings ba089,Extra monitoring sessions,line-height,20px,21px,candidate difference: exact text match; inspect per-node context before changing,/home/agent/projects/cezar/.ai/cezar/worktrees/9ae05dcc-cc09-405c-9934-ab364076aa21/.ai/design-reference/iteration-3/runtime-verified/pairs/jCdnx-browser.png,/home/agent/projects/cezar/.ai/cezar/worktrees/9ae05dcc-cc09-405c-9934-ab364076aa21/.ai/design-reference/iteration-3/design/jCdnx.png
jCdnx,S10. Global settings / Resources · Mobile dark,settings ba089,Monitoring wake-up,line-height,20px,21px,candidate difference: exact text match; inspect per-node context before changing,/home/agent/projects/cezar/.ai/cezar/worktrees/9ae05dcc-cc09-405c-9934-ab364076aa21/.ai/design-reference/iteration-3/runtime-verified/pairs/jCdnx-browser.png,/home/agent/projects/cezar/.ai/cezar/worktrees/9ae05dcc-cc09-405c-9934-ab364076aa21/.ai/design-reference/iteration-3/design/jCdnx.png
jCdnx,S10. Global settings / Resources · Mobile dark,settings ba089,Auto-resume after a usage limit,line-height,20px,21px,candidate difference: exact text match; inspect per-node context before changing,/home/agent/projects/cezar/.ai/cezar/worktrees/9ae05dcc-cc09-405c-9934-ab364076aa21/.ai/design-reference/iteration-3/runtime-verified/pairs/jCdnx-browser.png,/home/agent/projects/cezar/.ai/cezar/worktrees/9ae05dcc-cc09-405c-9934-ab364076aa21/.ai/design-reference/iteration-3/design/jCdnx.png
jCdnx,S10. Global settings / Resources · Mobile dark,settings ba089,Per-task memory limit,line-height,20px,21px,candidate difference: exact text match; inspect per-node context before changing,/home/agent/projects/cezar/.ai/cezar/worktrees/9ae05dcc-cc09-405c-9934-ab364076aa21/.ai/design-reference/iteration-3/runtime-verified/pairs/jCdnx-browser.png,/home/agent/projects/cezar/.ai/cezar/worktrees/9ae05dcc-cc09-405c-9934-ab364076aa21/.ai/design-reference/iteration-3/design/jCdnx.png
jCdnx,S10. Global settings / Resources · Mobile dark,settings ba089,New task defaults,font-size,14px,17px,candidate difference: exact text match; inspect per-node context before changing,/home/agent/projects/cezar/.ai/cezar/worktrees/9ae05dcc-cc09-405c-9934-ab364076aa21/.ai/design-reference/iteration-3/runtime-verified/pairs/jCdnx-browser.png,/home/agent/projects/cezar/.ai/cezar/worktrees/9ae05dcc-cc09-405c-9934-ab364076aa21/.ai/design-reference/iteration-3/design/jCdnx.png
jCdnx,S10. Global settings / Resources · Mobile dark,settings ba089,New task defaults,line-height,20px,26px,candidate difference: exact text match; inspect per-node context before changing,/home/agent/projects/cezar/.ai/cezar/worktrees/9ae05dcc-cc09-405c-9934-ab364076aa21/.ai/design-reference/iteration-3/runtime-verified/pairs/jCdnx-browser.png,/home/agent/projects/cezar/.ai/cezar/worktrees/9ae05dcc-cc09-405c-9934-ab364076aa21/.ai/design-reference/iteration-3/design/jCdnx.png
h8VpfA,S05. Project settings / Bookmarklets · Desktop light,settings ba089,Project settings,font-size,28px,13px|30px,candidate difference: exact text match; inspect per-node context before changing,/home/agent/projects/cezar/.ai/cezar/worktrees/9ae05dcc-cc09-405c-9934-ab364076aa21/.ai/design-reference/iteration-3/runtime-verified/pairs/h8VpfA-browser.png,/home/agent/projects/cezar/.ai/cezar/worktrees/9ae05dcc-cc09-405c-9934-ab364076aa21/.ai/design-reference/iteration-3/design/h8VpfA.png
h8VpfA,S05. Project settings / Bookmarklets · Desktop light,settings ba089,Bookmarklets,font-size,20px,12px|22px,candidate difference: exact text match; inspect per-node context before changing,/home/agent/projects/cezar/.ai/cezar/worktrees/9ae05dcc-cc09-405c-9934-ab364076aa21/.ai/design-reference/iteration-3/runtime-verified/pairs/h8VpfA-browser.png,/home/agent/projects/cezar/.ai/cezar/worktrees/9ae05dcc-cc09-405c-9934-ab364076aa21/.ai/design-reference/iteration-3/design/h8VpfA.png
h8VpfA,S05. Project settings / Bookmarklets · Desktop light,settings ba089,Run from GitHub,font-size,20px,18px,candidate difference: exact text match; inspect per-node context before changing,/home/agent/projects/cezar/.ai/cezar/worktrees/9ae05dcc-cc09-405c-9934-ab364076aa21/.ai/design-reference/iteration-3/runtime-verified/pairs/h8VpfA-browser.png,/home/agent/projects/cezar/.ai/cezar/worktrees/9ae05dcc-cc09-405c-9934-ab364076aa21/.ai/design-reference/iteration-3/design/h8VpfA.png
h8VpfA,S05. Project settings / Bookmarklets · Desktop light,settings ba089,Run from GitHub,font-weight,600,400,candidate difference: exact text match; inspect per-node context before changing,/home/agent/projects/cezar/.ai/cezar/worktrees/9ae05dcc-cc09-405c-9934-ab364076aa21/.ai/design-reference/iteration-3/runtime-verified/pairs/h8VpfA-browser.png,/home/agent/projects/cezar/.ai/cezar/worktrees/9ae05dcc-cc09-405c-9934-ab364076aa21/.ai/design-reference/iteration-3/design/h8VpfA.png
h8VpfA,S05. Project settings / Bookmarklets · Desktop light,settings ba089,Run from GitHub,line-height,28px,27px,candidate difference: exact text match; inspect per-node context before changing,/home/agent/projects/cezar/.ai/cezar/worktrees/9ae05dcc-cc09-405c-9934-ab364076aa21/.ai/design-reference/iteration-3/runtime-verified/pairs/h8VpfA-browser.png,/home/agent/projects/cezar/.ai/cezar/worktrees/9ae05dcc-cc09-405c-9934-ab364076aa21/.ai/design-reference/iteration-3/design/h8VpfA.png
f03Qc,S08. Global settings / Appearance · Desktop light,settings ba089,Global settings,font-size,28px,13px|30px,candidate difference: exact text match; inspect per-node context before changing,/home/agent/projects/cezar/.ai/cezar/worktrees/9ae05dcc-cc09-405c-9934-ab364076aa21/.ai/design-reference/iteration-3/runtime-verified/pairs/f03Qc-browser.png,/home/agent/projects/cezar/.ai/cezar/worktrees/9ae05dcc-cc09-405c-9934-ab364076aa21/.ai/design-reference/iteration-3/design/f03Qc.png
f03Qc,S08. Global settings / Appearance · Desktop light,settings ba089,"Preferences for you and this machine, shared by every project.",line-height,19.5px,21px,candidate difference: exact text match; inspect per-node context before changing,/home/agent/projects/cezar/.ai/cezar/worktrees/9ae05dcc-cc09-405c-9934-ab364076aa21/.ai/design-reference/iteration-3/runtime-verified/pairs/f03Qc-browser.png,/home/agent/projects/cezar/.ai/cezar/worktrees/9ae05dcc-cc09-405c-9934-ab364076aa21/.ai/design-reference/iteration-3/design/f03Qc.png
f03Qc,S08. Global settings / Appearance · Desktop light,settings ba089,Appearance,font-size,20px,12px|22px,candidate difference: exact text match; inspect per-node context before changing,/home/agent/projects/cezar/.ai/cezar/worktrees/9ae05dcc-cc09-405c-9934-ab364076aa21/.ai/design-reference/iteration-3/runtime-verified/pairs/f03Qc-browser.png,/home/agent/projects/cezar/.ai/cezar/worktrees/9ae05dcc-cc09-405c-9934-ab364076aa21/.ai/design-reference/iteration-3/design/f03Qc.png
f03Qc,S08. Global settings / Appearance · Desktop light,settings ba089,Theme,font-size,14px,16px,candidate difference: exact text match; inspect per-node context before changing,/home/agent/projects/cezar/.ai/cezar/worktrees/9ae05dcc-cc09-405c-9934-ab364076aa21/.ai/design-reference/iteration-3/runtime-verified/pairs/f03Qc-browser.png,/home/agent/projects/cezar/.ai/cezar/worktrees/9ae05dcc-cc09-405c-9934-ab364076aa21/.ai/design-reference/iteration-3/design/f03Qc.png
f03Qc,S08. Global settings / Appearance · Desktop light,settings ba089,Theme,font-weight,600,400,candidate difference: exact text match; inspect per-node context before changing,/home/agent/projects/cezar/.ai/cezar/worktrees/9ae05dcc-cc09-405c-9934-ab364076aa21/.ai/design-reference/iteration-3/runtime-verified/pairs/f03Qc-browser.png,/home/agent/projects/cezar/.ai/cezar/worktrees/9ae05dcc-cc09-405c-9934-ab364076aa21/.ai/design-reference/iteration-3/design/f03Qc.png
f03Qc,S08. Global settings / Appearance · Desktop light,settings ba089,Theme,line-height,20px,24px,candidate difference: exact text match; inspect per-node context before changing,/home/agent/projects/cezar/.ai/cezar/worktrees/9ae05dcc-cc09-405c-9934-ab364076aa21/.ai/design-reference/iteration-3/runtime-verified/pairs/f03Qc-browser.png,/home/agent/projects/cezar/.ai/cezar/worktrees/9ae05dcc-cc09-405c-9934-ab364076aa21/.ai/design-reference/iteration-3/design/f03Qc.png
f03Qc,S08. Global settings / Appearance · Desktop light,settings ba089,System,font-size,13px,12px,candidate difference: exact text match; inspect per-node context before changing,/home/agent/projects/cezar/.ai/cezar/worktrees/9ae05dcc-cc09-405c-9934-ab364076aa21/.ai/design-reference/iteration-3/runtime-verified/pairs/f03Qc-browser.png,/home/agent/projects/cezar/.ai/cezar/worktrees/9ae05dcc-cc09-405c-9934-ab364076aa21/.ai/design-reference/iteration-3/design/f03Qc.png
f03Qc,S08. Global settings / Appearance · Desktop light,settings ba089,Light,font-size,13px,12px,candidate difference: exact text match; inspect per-node context before changing,/home/agent/projects/cezar/.ai/cezar/worktrees/9ae05dcc-cc09-405c-9934-ab364076aa21/.ai/design-reference/iteration-3/runtime-verified/pairs/f03Qc-browser.png,/home/agent/projects/cezar/.ai/cezar/worktrees/9ae05dcc-cc09-405c-9934-ab364076aa21/.ai/design-reference/iteration-3/design/f03Qc.png
f03Qc,S08. Global settings / Appearance · Desktop light,settings ba089,Dark,font-size,13px,12px,candidate difference: exact text match; inspect per-node context before changing,/home/agent/projects/cezar/.ai/cezar/worktrees/9ae05dcc-cc09-405c-9934-ab364076aa21/.ai/design-reference/iteration-3/runtime-verified/pairs/f03Qc-browser.png,/home/agent/projects/cezar/.ai/cezar/worktrees/9ae05dcc-cc09-405c-9934-ab364076aa21/.ai/design-reference/iteration-3/design/f03Qc.png
f03Qc,S08. Global settings / Appearance · Desktop light,settings ba089,Density,font-size,14px,16px,candidate difference: exact text match; inspect per-node context before changing,/home/agent/projects/cezar/.ai/cezar/worktrees/9ae05dcc-cc09-405c-9934-ab364076aa21/.ai/design-reference/iteration-3/runtime-verified/pairs/f03Qc-browser.png,/home/agent/projects/cezar/.ai/cezar/worktrees/9ae05dcc-cc09-405c-9934-ab364076aa21/.ai/design-reference/iteration-3/design/f03Qc.png
f03Qc,S08. Global settings / Appearance · Desktop light,settings ba089,Density,font-weight,600,400,candidate difference: exact text match; inspect per-node context before changing,/home/agent/projects/cezar/.ai/cezar/worktrees/9ae05dcc-cc09-405c-9934-ab364076aa21/.ai/design-reference/iteration-3/runtime-verified/pairs/f03Qc-browser.png,/home/agent/projects/cezar/.ai/cezar/worktrees/9ae05dcc-cc09-405c-9934-ab364076aa21/.ai/design-reference/iteration-3/design/f03Qc.png
f03Qc,S08. Global settings / Appearance · Desktop light,settings ba089,Density,line-height,20px,24px,candidate difference: exact text match; inspect per-node context before changing,/home/agent/projects/cezar/.ai/cezar/worktrees/9ae05dcc-cc09-405c-9934-ab364076aa21/.ai/design-reference/iteration-3/runtime-verified/pairs/f03Qc-browser.png,/home/agent/projects/cezar/.ai/cezar/worktrees/9ae05dcc-cc09-405c-9934-ab364076aa21/.ai/design-reference/iteration-3/design/f03Qc.png
f03Qc,S08. Global settings / Appearance · Desktop light,settings ba089,Comfortable,font-size,13px,12px,candidate difference: exact text match; inspect per-node context before changing,/home/agent/projects/cezar/.ai/cezar/worktrees/9ae05dcc-cc09-405c-9934-ab364076aa21/.ai/design-reference/iteration-3/runtime-verified/pairs/f03Qc-browser.png,/home/agent/projects/cezar/.ai/cezar/worktrees/9ae05dcc-cc09-405c-9934-ab364076aa21/.ai/design-reference/iteration-3/design/f03Qc.png
f03Qc,S08. Global settings / Appearance · Desktop light,settings ba089,Compact,font-size,13px,12px,candidate difference: exact text match; inspect per-node context before changing,/home/agent/projects/cezar/.ai/cezar/worktrees/9ae05dcc-cc09-405c-9934-ab364076aa21/.ai/design-reference/iteration-3/runtime-verified/pairs/f03Qc-browser.png,/home/agent/projects/cezar/.ai/cezar/worktrees/9ae05dcc-cc09-405c-9934-ab364076aa21/.ai/design-reference/iteration-3/design/f03Qc.png
f03Qc,S08. Global settings / Appearance · Desktop light,settings ba089,Compact for real,font-size,13px,12px,candidate difference: exact text match; inspect per-node context before changing,/home/agent/projects/cezar/.ai/cezar/worktrees/9ae05dcc-cc09-405c-9934-ab364076aa21/.ai/design-reference/iteration-3/runtime-verified/pairs/f03Qc-browser.png,/home/agent/projects/cezar/.ai/cezar/worktrees/9ae05dcc-cc09-405c-9934-ab364076aa21/.ai/design-reference/iteration-3/design/f03Qc.png
f03Qc,S08. Global settings / Appearance · Desktop light,settings ba089,Reading width,font-size,14px,16px,candidate difference: exact text match; inspect per-node context before changing,/home/agent/projects/cezar/.ai/cezar/worktrees/9ae05dcc-cc09-405c-9934-ab364076aa21/.ai/design-reference/iteration-3/runtime-verified/pairs/f03Qc-browser.png,/home/agent/projects/cezar/.ai/cezar/worktrees/9ae05dcc-cc09-405c-9934-ab364076aa21/.ai/design-reference/iteration-3/design/f03Qc.png
f03Qc,S08. Global settings / Appearance · Desktop light,settings ba089,Reading width,font-weight,600,400,candidate difference: exact text match; inspect per-node context before changing,/home/agent/projects/cezar/.ai/cezar/worktrees/9ae05dcc-cc09-405c-9934-ab364076aa21/.ai/design-reference/iteration-3/runtime-verified/pairs/f03Qc-browser.png,/home/agent/projects/cezar/.ai/cezar/worktrees/9ae05dcc-cc09-405c-9934-ab364076aa21/.ai/design-reference/iteration-3/design/f03Qc.png
f03Qc,S08. Global settings / Appearance · Desktop light,settings ba089,Reading width,line-height,20px,24px,candidate difference: exact text match; inspect per-node context before changing,/home/agent/projects/cezar/.ai/cezar/worktrees/9ae05dcc-cc09-405c-9934-ab364076aa21/.ai/design-reference/iteration-3/runtime-verified/pairs/f03Qc-browser.png,/home/agent/projects/cezar/.ai/cezar/worktrees/9ae05dcc-cc09-405c-9934-ab364076aa21/.ai/design-reference/iteration-3/design/f03Qc.png
f03Qc,S08. Global settings / Appearance · Desktop light,settings ba089,Narrow,font-size,13px,12px,candidate difference: exact text match; inspect per-node context before changing,/home/agent/projects/cezar/.ai/cezar/worktrees/9ae05dcc-cc09-405c-9934-ab364076aa21/.ai/design-reference/iteration-3/runtime-verified/pairs/f03Qc-browser.png,/home/agent/projects/cezar/.ai/cezar/worktrees/9ae05dcc-cc09-405c-9934-ab364076aa21/.ai/design-reference/iteration-3/design/f03Qc.png
f03Qc,S08. Global settings / Appearance · Desktop light,settings ba089,Wide,font-size,13px,12px,candidate difference: exact text match; inspect per-node context before changing,/home/agent/projects/cezar/.ai/cezar/worktrees/9ae05dcc-cc09-405c-9934-ab364076aa21/.ai/design-reference/iteration-3/runtime-verified/pairs/f03Qc-browser.png,/home/agent/projects/cezar/.ai/cezar/worktrees/9ae05dcc-cc09-405c-9934-ab364076aa21/.ai/design-reference/iteration-3/design/f03Qc.png
JWelK,S02. Project settings / Agents · Mobile light,settings ba089,Project settings,font-size,28px,25px,candidate difference: exact text match; inspect per-node context before changing,/home/agent/projects/cezar/.ai/cezar/worktrees/9ae05dcc-cc09-405c-9934-ab364076aa21/.ai/design-reference/iteration-3/runtime-verified/pairs/JWelK-browser.png,/home/agent/projects/cezar/.ai/cezar/worktrees/9ae05dcc-cc09-405c-9934-ab364076aa21/.ai/design-reference/iteration-3/design/JWelK.png
JWelK,S02. Project settings / Agents · Mobile light,settings ba089,Project settings,font-weight,600,400,candidate difference: exact text match; inspect per-node context before changing,/home/agent/projects/cezar/.ai/cezar/worktrees/9ae05dcc-cc09-405c-9934-ab364076aa21/.ai/design-reference/iteration-3/runtime-verified/pairs/JWelK-browser.png,/home/agent/projects/cezar/.ai/cezar/worktrees/9ae05dcc-cc09-405c-9934-ab364076aa21/.ai/design-reference/iteration-3/design/JWelK.png
JWelK,S02. Project settings / Agents · Mobile light,settings ba089,Project settings,line-height,42px,38px,candidate difference: exact text match; inspect per-node context before changing,/home/agent/projects/cezar/.ai/cezar/worktrees/9ae05dcc-cc09-405c-9934-ab364076aa21/.ai/design-reference/iteration-3/runtime-verified/pairs/JWelK-browser.png,/home/agent/projects/cezar/.ai/cezar/worktrees/9ae05dcc-cc09-405c-9934-ab364076aa21/.ai/design-reference/iteration-3/design/JWelK.png
JWelK,S02. Project settings / Agents · Mobile light,settings ba089,Agents,font-size,20px,14px|21px,candidate difference: exact text match; inspect per-node context before changing,/home/agent/projects/cezar/.ai/cezar/worktrees/9ae05dcc-cc09-405c-9934-ab364076aa21/.ai/design-reference/iteration-3/runtime-verified/pairs/JWelK-browser.png,/home/agent/projects/cezar/.ai/cezar/worktrees/9ae05dcc-cc09-405c-9934-ab364076aa21/.ai/design-reference/iteration-3/design/JWelK.png
JWelK,S02. Project settings / Agents · Mobile light,settings ba089,Agents,line-height,30px,21px|32px,candidate difference: exact text match; inspect per-node context before changing,/home/agent/projects/cezar/.ai/cezar/worktrees/9ae05dcc-cc09-405c-9934-ab364076aa21/.ai/design-reference/iteration-3/runtime-verified/pairs/JWelK-browser.png,/home/agent/projects/cezar/.ai/cezar/worktrees/9ae05dcc-cc09-405c-9934-ab364076aa21/.ai/design-reference/iteration-3/design/JWelK.png
JWelK,S02. Project settings / Agents · Mobile light,settings ba089,System prompt,line-height,20px,21px,candidate difference: exact text match; inspect per-node context before changing,/home/agent/projects/cezar/.ai/cezar/worktrees/9ae05dcc-cc09-405c-9934-ab364076aa21/.ai/design-reference/iteration-3/runtime-verified/pairs/JWelK-browser.png,/home/agent/projects/cezar/.ai/cezar/worktrees/9ae05dcc-cc09-405c-9934-ab364076aa21/.ai/design-reference/iteration-3/design/JWelK.png
JWelK,S02. Project settings / Agents · Mobile light,settings ba089,Live title updates,font-size,14px,13px,candidate difference: exact text match; inspect per-node context before changing,/home/agent/projects/cezar/.ai/cezar/worktrees/9ae05dcc-cc09-405c-9934-ab364076aa21/.ai/design-reference/iteration-3/runtime-verified/pairs/JWelK-browser.png,/home/agent/projects/cezar/.ai/cezar/worktrees/9ae05dcc-cc09-405c-9934-ab364076aa21/.ai/design-reference/iteration-3/design/JWelK.png
JWelK,S02. Project settings / Agents · Mobile light,settings ba089,Review changes before finishing,font-size,14px,13px,candidate difference: exact text match; inspect per-node context before changing,/home/agent/projects/cezar/.ai/cezar/worktrees/9ae05dcc-cc09-405c-9934-ab364076aa21/.ai/design-reference/iteration-3/runtime-verified/pairs/JWelK-browser.png,/home/agent/projects/cezar/.ai/cezar/worktrees/9ae05dcc-cc09-405c-9934-ab364076aa21/.ai/design-reference/iteration-3/design/JWelK.png
JWelK,S02. Project settings / Agents · Mobile light,settings ba089,Base branch,line-height,20px,21px,candidate difference: exact text match; inspect per-node context before changing,/home/agent/projects/cezar/.ai/cezar/worktrees/9ae05dcc-cc09-405c-9934-ab364076aa21/.ai/design-reference/iteration-3/runtime-verified/pairs/JWelK-browser.png,/home/agent/projects/cezar/.ai/cezar/worktrees/9ae05dcc-cc09-405c-9934-ab364076aa21/.ai/design-reference/iteration-3/design/JWelK.png
f7OdkB,S03. Project settings / Agent config · Mobile light,settings ba089,Project settings,font-size,28px,25px,candidate difference: exact text match; inspect per-node context before changing,/home/agent/projects/cezar/.ai/cezar/worktrees/9ae05dcc-cc09-405c-9934-ab364076aa21/.ai/design-reference/iteration-3/runtime-verified/pairs/f7OdkB-browser.png,/home/agent/projects/cezar/.ai/cezar/worktrees/9ae05dcc-cc09-405c-9934-ab364076aa21/.ai/design-reference/iteration-3/design/f7OdkB.png
f7OdkB,S03. Project settings / Agent config · Mobile light,settings ba089,Project settings,font-weight,600,400,candidate difference: exact text match; inspect per-node context before changing,/home/agent/projects/cezar/.ai/cezar/worktrees/9ae05dcc-cc09-405c-9934-ab364076aa21/.ai/design-reference/iteration-3/runtime-verified/pairs/f7OdkB-browser.png,/home/agent/projects/cezar/.ai/cezar/worktrees/9ae05dcc-cc09-405c-9934-ab364076aa21/.ai/design-reference/iteration-3/design/f7OdkB.png
f7OdkB,S03. Project settings / Agent config · Mobile light,settings ba089,Project settings,line-height,42px,38px,candidate difference: exact text match; inspect per-node context before changing,/home/agent/projects/cezar/.ai/cezar/worktrees/9ae05dcc-cc09-405c-9934-ab364076aa21/.ai/design-reference/iteration-3/runtime-verified/pairs/f7OdkB-browser.png,/home/agent/projects/cezar/.ai/cezar/worktrees/9ae05dcc-cc09-405c-9934-ab364076aa21/.ai/design-reference/iteration-3/design/f7OdkB.png
f7OdkB,S03. Project settings / Agent config · Mobile light,settings ba089,Agent config,font-size,20px,14px|21px,candidate difference: exact text match; inspect per-node context before changing,/home/agent/projects/cezar/.ai/cezar/worktrees/9ae05dcc-cc09-405c-9934-ab364076aa21/.ai/design-reference/iteration-3/runtime-verified/pairs/f7OdkB-browser.png,/home/agent/projects/cezar/.ai/cezar/worktrees/9ae05dcc-cc09-405c-9934-ab364076aa21/.ai/design-reference/iteration-3/design/f7OdkB.png
f7OdkB,S03. Project settings / Agent config · Mobile light,settings ba089,Agent config,line-height,30px,21px|32px,candidate difference: exact text match; inspect per-node context before changing,/home/agent/projects/cezar/.ai/cezar/worktrees/9ae05dcc-cc09-405c-9934-ab364076aa21/.ai/design-reference/iteration-3/runtime-verified/pairs/f7OdkB-browser.png,/home/agent/projects/cezar/.ai/cezar/worktrees/9ae05dcc-cc09-405c-9934-ab364076aa21/.ai/design-reference/iteration-3/design/f7OdkB.png
M6nNaF,S04. Project settings / Worktrees · Mobile light,settings ba089,Project settings,font-size,28px,25px,candidate difference: exact text match; inspect per-node context before changing,/home/agent/projects/cezar/.ai/cezar/worktrees/9ae05dcc-cc09-405c-9934-ab364076aa21/.ai/design-reference/iteration-3/runtime-verified/pairs/M6nNaF-browser.png,/home/agent/projects/cezar/.ai/cezar/worktrees/9ae05dcc-cc09-405c-9934-ab364076aa21/.ai/design-reference/iteration-3/design/M6nNaF.png
M6nNaF,S04. Project settings / Worktrees · Mobile light,settings ba089,Project settings,font-weight,600,400,candidate difference: exact text match; inspect per-node context before changing,/home/agent/projects/cezar/.ai/cezar/worktrees/9ae05dcc-cc09-405c-9934-ab364076aa21/.ai/design-reference/iteration-3/runtime-verified/pairs/M6nNaF-browser.png,/home/agent/projects/cezar/.ai/cezar/worktrees/9ae05dcc-cc09-405c-9934-ab364076aa21/.ai/design-reference/iteration-3/design/M6nNaF.png
M6nNaF,S04. Project settings / Worktrees · Mobile light,settings ba089,Project settings,line-height,42px,38px,candidate difference: exact text match; inspect per-node context before changing,/home/agent/projects/cezar/.ai/cezar/worktrees/9ae05dcc-cc09-405c-9934-ab364076aa21/.ai/design-reference/iteration-3/runtime-verified/pairs/M6nNaF-browser.png,/home/agent/projects/cezar/.ai/cezar/worktrees/9ae05dcc-cc09-405c-9934-ab364076aa21/.ai/design-reference/iteration-3/design/M6nNaF.png
M6nNaF,S04. Project settings / Worktrees · Mobile light,settings ba089,Worktrees,font-size,20px,14px|21px,candidate difference: exact text match; inspect per-node context before changing,/home/agent/projects/cezar/.ai/cezar/worktrees/9ae05dcc-cc09-405c-9934-ab364076aa21/.ai/design-reference/iteration-3/runtime-verified/pairs/M6nNaF-browser.png,/home/agent/projects/cezar/.ai/cezar/worktrees/9ae05dcc-cc09-405c-9934-ab364076aa21/.ai/design-reference/iteration-3/design/M6nNaF.png
M6nNaF,S04. Project settings / Worktrees · Mobile light,settings ba089,Worktrees,line-height,30px,21px|32px,candidate difference: exact text match; inspect per-node context before changing,/home/agent/projects/cezar/.ai/cezar/worktrees/9ae05dcc-cc09-405c-9934-ab364076aa21/.ai/design-reference/iteration-3/runtime-verified/pairs/M6nNaF-browser.png,/home/agent/projects/cezar/.ai/cezar/worktrees/9ae05dcc-cc09-405c-9934-ab364076aa21/.ai/design-reference/iteration-3/design/M6nNaF.png
M6nNaF,S04. Project settings / Worktrees · Mobile light,settings ba089,Keep last N worktrees,line-height,20px,21px,candidate difference: exact text match; inspect per-node context before changing,/home/agent/projects/cezar/.ai/cezar/worktrees/9ae05dcc-cc09-405c-9934-ab364076aa21/.ai/design-reference/iteration-3/runtime-verified/pairs/M6nNaF-browser.png,/home/agent/projects/cezar/.ai/cezar/worktrees/9ae05dcc-cc09-405c-9934-ab364076aa21/.ai/design-reference/iteration-3/design/M6nNaF.png
M6nNaF,S04. Project settings / Worktrees · Mobile light,settings ba089,Worktrees,line-height,20px,21px|32px,candidate difference: exact text match; inspect per-node context before changing,/home/agent/projects/cezar/.ai/cezar/worktrees/9ae05dcc-cc09-405c-9934-ab364076aa21/.ai/design-reference/iteration-3/runtime-verified/pairs/M6nNaF-browser.png,/home/agent/projects/cezar/.ai/cezar/worktrees/9ae05dcc-cc09-405c-9934-ab364076aa21/.ai/design-reference/iteration-3/design/M6nNaF.png
M6nNaF,S04. Project settings / Worktrees · Mobile light,settings ba089,Open folder,font-size,13px,12px,candidate difference: exact text match; inspect per-node context before changing,/home/agent/projects/cezar/.ai/cezar/worktrees/9ae05dcc-cc09-405c-9934-ab364076aa21/.ai/design-reference/iteration-3/runtime-verified/pairs/M6nNaF-browser.png,/home/agent/projects/cezar/.ai/cezar/worktrees/9ae05dcc-cc09-405c-9934-ab364076aa21/.ai/design-reference/iteration-3/design/M6nNaF.png
M6nNaF,S04. Project settings / Worktrees · Mobile light,settings ba089,Open folder,font-weight,600,400,candidate difference: exact text match; inspect per-node context before changing,/home/agent/projects/cezar/.ai/cezar/worktrees/9ae05dcc-cc09-405c-9934-ab364076aa21/.ai/design-reference/iteration-3/runtime-verified/pairs/M6nNaF-browser.png,/home/agent/projects/cezar/.ai/cezar/worktrees/9ae05dcc-cc09-405c-9934-ab364076aa21/.ai/design-reference/iteration-3/design/M6nNaF.png
M6nNaF,S04. Project settings / Worktrees · Mobile light,settings ba089,Open folder,font-size,13px,12px,candidate difference: exact text match; inspect per-node context before changing,/home/agent/projects/cezar/.ai/cezar/worktrees/9ae05dcc-cc09-405c-9934-ab364076aa21/.ai/design-reference/iteration-3/runtime-verified/pairs/M6nNaF-browser.png,/home/agent/projects/cezar/.ai/cezar/worktrees/9ae05dcc-cc09-405c-9934-ab364076aa21/.ai/design-reference/iteration-3/design/M6nNaF.png
M6nNaF,S04. Project settings / Worktrees · Mobile light,settings ba089,Open folder,font-weight,600,400,candidate difference: exact text match; inspect per-node context before changing,/home/agent/projects/cezar/.ai/cezar/worktrees/9ae05dcc-cc09-405c-9934-ab364076aa21/.ai/design-reference/iteration-3/runtime-verified/pairs/M6nNaF-browser.png,/home/agent/projects/cezar/.ai/cezar/worktrees/9ae05dcc-cc09-405c-9934-ab364076aa21/.ai/design-reference/iteration-3/design/M6nNaF.png
M6nNaF,S04. Project settings / Worktrees · Mobile light,settings ba089,Open folder,font-size,13px,12px,candidate difference: exact text match; inspect per-node context before changing,/home/agent/projects/cezar/.ai/cezar/worktrees/9ae05dcc-cc09-405c-9934-ab364076aa21/.ai/design-reference/iteration-3/runtime-verified/pairs/M6nNaF-browser.png,/home/agent/projects/cezar/.ai/cezar/worktrees/9ae05dcc-cc09-405c-9934-ab364076aa21/.ai/design-reference/iteration-3/design/M6nNaF.png
M6nNaF,S04. Project settings / Worktrees · Mobile light,settings ba089,Open folder,font-weight,600,400,candidate difference: exact text match; inspect per-node context before changing,/home/agent/projects/cezar/.ai/cezar/worktrees/9ae05dcc-cc09-405c-9934-ab364076aa21/.ai/design-reference/iteration-3/runtime-verified/pairs/M6nNaF-browser.png,/home/agent/projects/cezar/.ai/cezar/worktrees/9ae05dcc-cc09-405c-9934-ab364076aa21/.ai/design-reference/iteration-3/design/M6nNaF.png
M6nNaF,S04. Project settings / Worktrees · Mobile light,settings ba089,Open folder,font-size,13px,12px,candidate difference: exact text match; inspect per-node context before changing,/home/agent/projects/cezar/.ai/cezar/worktrees/9ae05dcc-cc09-405c-9934-ab364076aa21/.ai/design-reference/iteration-3/runtime-verified/pairs/M6nNaF-browser.png,/home/agent/projects/cezar/.ai/cezar/worktrees/9ae05dcc-cc09-405c-9934-ab364076aa21/.ai/design-reference/iteration-3/design/M6nNaF.png
M6nNaF,S04. Project settings / Worktrees · Mobile light,settings ba089,Open folder,font-weight,600,400,candidate difference: exact text match; inspect per-node context before changing,/home/agent/projects/cezar/.ai/cezar/worktrees/9ae05dcc-cc09-405c-9934-ab364076aa21/.ai/design-reference/iteration-3/runtime-verified/pairs/M6nNaF-browser.png,/home/agent/projects/cezar/.ai/cezar/worktrees/9ae05dcc-cc09-405c-9934-ab364076aa21/.ai/design-reference/iteration-3/design/M6nNaF.png
mQkaN,S06. Project settings / Prompt templates · Mobile light,settings ba089,Project settings,font-size,28px,25px,candidate difference: exact text match; inspect per-node context before changing,/home/agent/projects/cezar/.ai/cezar/worktrees/9ae05dcc-cc09-405c-9934-ab364076aa21/.ai/design-reference/iteration-3/runtime-verified/pairs/mQkaN-browser.png,/home/agent/projects/cezar/.ai/cezar/worktrees/9ae05dcc-cc09-405c-9934-ab364076aa21/.ai/design-reference/iteration-3/design/mQkaN.png
mQkaN,S06. Project settings / Prompt templates · Mobile light,settings ba089,Project settings,font-weight,600,400,candidate difference: exact text match; inspect per-node context before changing,/home/agent/projects/cezar/.ai/cezar/worktrees/9ae05dcc-cc09-405c-9934-ab364076aa21/.ai/design-reference/iteration-3/runtime-verified/pairs/mQkaN-browser.png,/home/agent/projects/cezar/.ai/cezar/worktrees/9ae05dcc-cc09-405c-9934-ab364076aa21/.ai/design-reference/iteration-3/design/mQkaN.png
mQkaN,S06. Project settings / Prompt templates · Mobile light,settings ba089,Project settings,line-height,42px,38px,candidate difference: exact text match; inspect per-node context before changing,/home/agent/projects/cezar/.ai/cezar/worktrees/9ae05dcc-cc09-405c-9934-ab364076aa21/.ai/design-reference/iteration-3/runtime-verified/pairs/mQkaN-browser.png,/home/agent/projects/cezar/.ai/cezar/worktrees/9ae05dcc-cc09-405c-9934-ab364076aa21/.ai/design-reference/iteration-3/design/mQkaN.png
mQkaN,S06. Project settings / Prompt templates · Mobile light,settings ba089,Prompt templates,font-size,20px,14px|21px,candidate difference: exact text match; inspect per-node context before changing,/home/agent/projects/cezar/.ai/cezar/worktrees/9ae05dcc-cc09-405c-9934-ab364076aa21/.ai/design-reference/iteration-3/runtime-verified/pairs/mQkaN-browser.png,/home/agent/projects/cezar/.ai/cezar/worktrees/9ae05dcc-cc09-405c-9934-ab364076aa21/.ai/design-reference/iteration-3/design/mQkaN.png
mQkaN,S06. Project settings / Prompt templates · Mobile light,settings ba089,Prompt templates,line-height,30px,21px|32px,candidate difference: exact text match; inspect per-node context before changing,/home/agent/projects/cezar/.ai/cezar/worktrees/9ae05dcc-cc09-405c-9934-ab364076aa21/.ai/design-reference/iteration-3/runtime-verified/pairs/mQkaN-browser.png,/home/agent/projects/cezar/.ai/cezar/worktrees/9ae05dcc-cc09-405c-9934-ab364076aa21/.ai/design-reference/iteration-3/design/mQkaN.png
mQkaN,S06. Project settings / Prompt templates · Mobile light,settings ba089,Apply automatically with skills,line-height,20px,21px,candidate difference: exact text match; inspect per-node context before changing,/home/agent/projects/cezar/.ai/cezar/worktrees/9ae05dcc-cc09-405c-9934-ab364076aa21/.ai/design-reference/iteration-3/runtime-verified/pairs/mQkaN-browser.png,/home/agent/projects/cezar/.ai/cezar/worktrees/9ae05dcc-cc09-405c-9934-ab364076aa21/.ai/design-reference/iteration-3/design/mQkaN.png
mQkaN,S06. Project settings / Prompt templates · Mobile light,settings ba089,Delete template,font-size,12.5px,12px,candidate difference: exact text match; inspect per-node context before changing,/home/agent/projects/cezar/.ai/cezar/worktrees/9ae05dcc-cc09-405c-9934-ab364076aa21/.ai/design-reference/iteration-3/runtime-verified/pairs/mQkaN-browser.png,/home/agent/projects/cezar/.ai/cezar/worktrees/9ae05dcc-cc09-405c-9934-ab364076aa21/.ai/design-reference/iteration-3/design/mQkaN.png
mQkaN,S06. Project settings / Prompt templates · Mobile light,settings ba089,Delete template,font-weight,600,400,candidate difference: exact text match; inspect per-node context before changing,/home/agent/projects/cezar/.ai/cezar/worktrees/9ae05dcc-cc09-405c-9934-ab364076aa21/.ai/design-reference/iteration-3/runtime-verified/pairs/mQkaN-browser.png,/home/agent/projects/cezar/.ai/cezar/worktrees/9ae05dcc-cc09-405c-9934-ab364076aa21/.ai/design-reference/iteration-3/design/mQkaN.png
mQkaN,S06. Project settings / Prompt templates · Mobile light,settings ba089,Apply automatically with skills,line-height,20px,21px,candidate difference: exact text match; inspect per-node context before changing,/home/agent/projects/cezar/.ai/cezar/worktrees/9ae05dcc-cc09-405c-9934-ab364076aa21/.ai/design-reference/iteration-3/runtime-verified/pairs/mQkaN-browser.png,/home/agent/projects/cezar/.ai/cezar/worktrees/9ae05dcc-cc09-405c-9934-ab364076aa21/.ai/design-reference/iteration-3/design/mQkaN.png
mQkaN,S06. Project settings / Prompt templates · Mobile light,settings ba089,Delete template,font-size,12.5px,12px,candidate difference: exact text match; inspect per-node context before changing,/home/agent/projects/cezar/.ai/cezar/worktrees/9ae05dcc-cc09-405c-9934-ab364076aa21/.ai/design-reference/iteration-3/runtime-verified/pairs/mQkaN-browser.png,/home/agent/projects/cezar/.ai/cezar/worktrees/9ae05dcc-cc09-405c-9934-ab364076aa21/.ai/design-reference/iteration-3/design/mQkaN.png
mQkaN,S06. Project settings / Prompt templates · Mobile light,settings ba089,Delete template,font-weight,600,400,candidate difference: exact text match; inspect per-node context before changing,/home/agent/projects/cezar/.ai/cezar/worktrees/9ae05dcc-cc09-405c-9934-ab364076aa21/.ai/design-reference/iteration-3/runtime-verified/pairs/mQkaN-browser.png,/home/agent/projects/cezar/.ai/cezar/worktrees/9ae05dcc-cc09-405c-9934-ab364076aa21/.ai/design-reference/iteration-3/design/mQkaN.png
mQkaN,S06. Project settings / Prompt templates · Mobile light,settings ba089,Apply automatically with skills,line-height,20px,21px,candidate difference: exact text match; inspect per-node context before changing,/home/agent/projects/cezar/.ai/cezar/worktrees/9ae05dcc-cc09-405c-9934-ab364076aa21/.ai/design-reference/iteration-3/runtime-verified/pairs/mQkaN-browser.png,/home/agent/projects/cezar/.ai/cezar/worktrees/9ae05dcc-cc09-405c-9934-ab364076aa21/.ai/design-reference/iteration-3/design/mQkaN.png
mQkaN,S06. Project settings / Prompt templates · Mobile light,settings ba089,Delete template,font-size,12.5px,12px,candidate difference: exact text match; inspect per-node context before changing,/home/agent/projects/cezar/.ai/cezar/worktrees/9ae05dcc-cc09-405c-9934-ab364076aa21/.ai/design-reference/iteration-3/runtime-verified/pairs/mQkaN-browser.png,/home/agent/projects/cezar/.ai/cezar/worktrees/9ae05dcc-cc09-405c-9934-ab364076aa21/.ai/design-reference/iteration-3/design/mQkaN.png
mQkaN,S06. Project settings / Prompt templates · Mobile light,settings ba089,Delete template,font-weight,600,400,candidate difference: exact text match; inspect per-node context before changing,/home/agent/projects/cezar/.ai/cezar/worktrees/9ae05dcc-cc09-405c-9934-ab364076aa21/.ai/design-reference/iteration-3/runtime-verified/pairs/mQkaN-browser.png,/home/agent/projects/cezar/.ai/cezar/worktrees/9ae05dcc-cc09-405c-9934-ab364076aa21/.ai/design-reference/iteration-3/design/mQkaN.png
mQkaN,S06. Project settings / Prompt templates · Mobile light,settings ba089,Apply automatically with skills,line-height,20px,21px,candidate difference: exact text match; inspect per-node context before changing,/home/agent/projects/cezar/.ai/cezar/worktrees/9ae05dcc-cc09-405c-9934-ab364076aa21/.ai/design-reference/iteration-3/runtime-verified/pairs/mQkaN-browser.png,/home/agent/projects/cezar/.ai/cezar/worktrees/9ae05dcc-cc09-405c-9934-ab364076aa21/.ai/design-reference/iteration-3/design/mQkaN.png
mQkaN,S06. Project settings / Prompt templates · Mobile light,settings ba089,Delete template,font-size,12.5px,12px,candidate difference: exact text match; inspect per-node context before changing,/home/agent/projects/cezar/.ai/cezar/worktrees/9ae05dcc-cc09-405c-9934-ab364076aa21/.ai/design-reference/iteration-3/runtime-verified/pairs/mQkaN-browser.png,/home/agent/projects/cezar/.ai/cezar/worktrees/9ae05dcc-cc09-405c-9934-ab364076aa21/.ai/design-reference/iteration-3/design/mQkaN.png
mQkaN,S06. Project settings / Prompt templates · Mobile light,settings ba089,Delete template,font-weight,600,400,candidate difference: exact text match; inspect per-node context before changing,/home/agent/projects/cezar/.ai/cezar/worktrees/9ae05dcc-cc09-405c-9934-ab364076aa21/.ai/design-reference/iteration-3/runtime-verified/pairs/mQkaN-browser.png,/home/agent/projects/cezar/.ai/cezar/worktrees/9ae05dcc-cc09-405c-9934-ab364076aa21/.ai/design-reference/iteration-3/design/mQkaN.png
mQkaN,S06. Project settings / Prompt templates · Mobile light,settings ba089,Apply automatically with skills,line-height,20px,21px,candidate difference: exact text match; inspect per-node context before changing,/home/agent/projects/cezar/.ai/cezar/worktrees/9ae05dcc-cc09-405c-9934-ab364076aa21/.ai/design-reference/iteration-3/runtime-verified/pairs/mQkaN-browser.png,/home/agent/projects/cezar/.ai/cezar/worktrees/9ae05dcc-cc09-405c-9934-ab364076aa21/.ai/design-reference/iteration-3/design/mQkaN.png
mQkaN,S06. Project settings / Prompt templates · Mobile light,settings ba089,Delete template,font-size,12.5px,12px,candidate difference: exact text match; inspect per-node context before changing,/home/agent/projects/cezar/.ai/cezar/worktrees/9ae05dcc-cc09-405c-9934-ab364076aa21/.ai/design-reference/iteration-3/runtime-verified/pairs/mQkaN-browser.png,/home/agent/projects/cezar/.ai/cezar/worktrees/9ae05dcc-cc09-405c-9934-ab364076aa21/.ai/design-reference/iteration-3/design/mQkaN.png
mQkaN,S06. Project settings / Prompt templates · Mobile light,settings ba089,Delete template,font-weight,600,400,candidate difference: exact text match; inspect per-node context before changing,/home/agent/projects/cezar/.ai/cezar/worktrees/9ae05dcc-cc09-405c-9934-ab364076aa21/.ai/design-reference/iteration-3/runtime-verified/pairs/mQkaN-browser.png,/home/agent/projects/cezar/.ai/cezar/worktrees/9ae05dcc-cc09-405c-9934-ab364076aa21/.ai/design-reference/iteration-3/design/mQkaN.png
mQkaN,S06. Project settings / Prompt templates · Mobile light,settings ba089,Add template,font-size,12.5px,12px,candidate difference: exact text match; inspect per-node context before changing,/home/agent/projects/cezar/.ai/cezar/worktrees/9ae05dcc-cc09-405c-9934-ab364076aa21/.ai/design-reference/iteration-3/runtime-verified/pairs/mQkaN-browser.png,/home/agent/projects/cezar/.ai/cezar/worktrees/9ae05dcc-cc09-405c-9934-ab364076aa21/.ai/design-reference/iteration-3/design/mQkaN.png
mQkaN,S06. Project settings / Prompt templates · Mobile light,settings ba089,Add template,font-weight,600,400,candidate difference: exact text match; inspect per-node context before changing,/home/agent/projects/cezar/.ai/cezar/worktrees/9ae05dcc-cc09-405c-9934-ab364076aa21/.ai/design-reference/iteration-3/runtime-verified/pairs/mQkaN-browser.png,/home/agent/projects/cezar/.ai/cezar/worktrees/9ae05dcc-cc09-405c-9934-ab364076aa21/.ai/design-reference/iteration-3/design/mQkaN.png
h7wNTk,S09. Global settings / Notifications · Mobile light,settings ba089,Global settings,font-size,28px,25px,candidate difference: exact text match; inspect per-node context before changing,/home/agent/projects/cezar/.ai/cezar/worktrees/9ae05dcc-cc09-405c-9934-ab364076aa21/.ai/design-reference/iteration-3/runtime-verified/pairs/h7wNTk-browser.png,/home/agent/projects/cezar/.ai/cezar/worktrees/9ae05dcc-cc09-405c-9934-ab364076aa21/.ai/design-reference/iteration-3/design/h7wNTk.png
h7wNTk,S09. Global settings / Notifications · Mobile light,settings ba089,Global settings,font-weight,600,400,candidate difference: exact text match; inspect per-node context before changing,/home/agent/projects/cezar/.ai/cezar/worktrees/9ae05dcc-cc09-405c-9934-ab364076aa21/.ai/design-reference/iteration-3/runtime-verified/pairs/h7wNTk-browser.png,/home/agent/projects/cezar/.ai/cezar/worktrees/9ae05dcc-cc09-405c-9934-ab364076aa21/.ai/design-reference/iteration-3/design/h7wNTk.png
h7wNTk,S09. Global settings / Notifications · Mobile light,settings ba089,Global settings,line-height,42px,38px,candidate difference: exact text match; inspect per-node context before changing,/home/agent/projects/cezar/.ai/cezar/worktrees/9ae05dcc-cc09-405c-9934-ab364076aa21/.ai/design-reference/iteration-3/runtime-verified/pairs/h7wNTk-browser.png,/home/agent/projects/cezar/.ai/cezar/worktrees/9ae05dcc-cc09-405c-9934-ab364076aa21/.ai/design-reference/iteration-3/design/h7wNTk.png
h7wNTk,S09. Global settings / Notifications · Mobile light,settings ba089,Notifications,font-size,20px,14px|21px,candidate difference: exact text match; inspect per-node context before changing,/home/agent/projects/cezar/.ai/cezar/worktrees/9ae05dcc-cc09-405c-9934-ab364076aa21/.ai/design-reference/iteration-3/runtime-verified/pairs/h7wNTk-browser.png,/home/agent/projects/cezar/.ai/cezar/worktrees/9ae05dcc-cc09-405c-9934-ab364076aa21/.ai/design-reference/iteration-3/design/h7wNTk.png
h7wNTk,S09. Global settings / Notifications · Mobile light,settings ba089,Notifications,line-height,30px,21px|32px,candidate difference: exact text match; inspect per-node context before changing,/home/agent/projects/cezar/.ai/cezar/worktrees/9ae05dcc-cc09-405c-9934-ab364076aa21/.ai/design-reference/iteration-3/runtime-verified/pairs/h7wNTk-browser.png,/home/agent/projects/cezar/.ai/cezar/worktrees/9ae05dcc-cc09-405c-9934-ab364076aa21/.ai/design-reference/iteration-3/design/h7wNTk.png
h7wNTk,S09. Global settings / Notifications · Mobile light,settings ba089,Notify when an agent needs you,font-weight,600,400,candidate difference: exact text match; inspect per-node context before changing,/home/agent/projects/cezar/.ai/cezar/worktrees/9ae05dcc-cc09-405c-9934-ab364076aa21/.ai/design-reference/iteration-3/runtime-verified/pairs/h7wNTk-browser.png,/home/agent/projects/cezar/.ai/cezar/worktrees/9ae05dcc-cc09-405c-9934-ab364076aa21/.ai/design-reference/iteration-3/design/h7wNTk.png
h7wNTk,S09. Global settings / Notifications · Mobile light,settings ba089,Notify when an agent needs you,line-height,20px,21px,candidate difference: exact text match; inspect per-node context before changing,/home/agent/projects/cezar/.ai/cezar/worktrees/9ae05dcc-cc09-405c-9934-ab364076aa21/.ai/design-reference/iteration-3/runtime-verified/pairs/h7wNTk-browser.png,/home/agent/projects/cezar/.ai/cezar/worktrees/9ae05dcc-cc09-405c-9934-ab364076aa21/.ai/design-reference/iteration-3/design/h7wNTk.png
h7wNTk,S09. Global settings / Notifications · Mobile light,settings ba089,Permission is requested only when you enable notifications.,font-size,13px,12px,candidate difference: exact text match; inspect per-node context before changing,/home/agent/projects/cezar/.ai/cezar/worktrees/9ae05dcc-cc09-405c-9934-ab364076aa21/.ai/design-reference/iteration-3/runtime-verified/pairs/h7wNTk-browser.png,/home/agent/projects/cezar/.ai/cezar/worktrees/9ae05dcc-cc09-405c-9934-ab364076aa21/.ai/design-reference/iteration-3/design/h7wNTk.png
h7wNTk,S09. Global settings / Notifications · Mobile light,settings ba089,Permission is requested only when you enable notifications.,line-height,19.5px,18px,candidate difference: exact text match; inspect per-node context before changing,/home/agent/projects/cezar/.ai/cezar/worktrees/9ae05dcc-cc09-405c-9934-ab364076aa21/.ai/design-reference/iteration-3/runtime-verified/pairs/h7wNTk-browser.png,/home/agent/projects/cezar/.ai/cezar/worktrees/9ae05dcc-cc09-405c-9934-ab364076aa21/.ai/design-reference/iteration-3/design/h7wNTk.png
aYBO5,S11. Global settings / Skills · Mobile light,settings ba089,Global settings,font-size,28px,25px,candidate difference: exact text match; inspect per-node context before changing,/home/agent/projects/cezar/.ai/cezar/worktrees/9ae05dcc-cc09-405c-9934-ab364076aa21/.ai/design-reference/iteration-3/runtime-verified/pairs/aYBO5-browser.png,/home/agent/projects/cezar/.ai/cezar/worktrees/9ae05dcc-cc09-405c-9934-ab364076aa21/.ai/design-reference/iteration-3/design/aYBO5.png
aYBO5,S11. Global settings / Skills · Mobile light,settings ba089,Global settings,font-weight,600,400,candidate difference: exact text match; inspect per-node context before changing,/home/agent/projects/cezar/.ai/cezar/worktrees/9ae05dcc-cc09-405c-9934-ab364076aa21/.ai/design-reference/iteration-3/runtime-verified/pairs/aYBO5-browser.png,/home/agent/projects/cezar/.ai/cezar/worktrees/9ae05dcc-cc09-405c-9934-ab364076aa21/.ai/design-reference/iteration-3/design/aYBO5.png
aYBO5,S11. Global settings / Skills · Mobile light,settings ba089,Global settings,line-height,42px,38px,candidate difference: exact text match; inspect per-node context before changing,/home/agent/projects/cezar/.ai/cezar/worktrees/9ae05dcc-cc09-405c-9934-ab364076aa21/.ai/design-reference/iteration-3/runtime-verified/pairs/aYBO5-browser.png,/home/agent/projects/cezar/.ai/cezar/worktrees/9ae05dcc-cc09-405c-9934-ab364076aa21/.ai/design-reference/iteration-3/design/aYBO5.png
aYBO5,S11. Global settings / Skills · Mobile light,settings ba089,Skills,font-size,20px,14px|21px,candidate difference: exact text match; inspect per-node context before changing,/home/agent/projects/cezar/.ai/cezar/worktrees/9ae05dcc-cc09-405c-9934-ab364076aa21/.ai/design-reference/iteration-3/runtime-verified/pairs/aYBO5-browser.png,/home/agent/projects/cezar/.ai/cezar/worktrees/9ae05dcc-cc09-405c-9934-ab364076aa21/.ai/design-reference/iteration-3/design/aYBO5.png
aYBO5,S11. Global settings / Skills · Mobile light,settings ba089,Skills,line-height,30px,21px|32px,candidate difference: exact text match; inspect per-node context before changing,/home/agent/projects/cezar/.ai/cezar/worktrees/9ae05dcc-cc09-405c-9934-ab364076aa21/.ai/design-reference/iteration-3/runtime-verified/pairs/aYBO5-browser.png,/home/agent/projects/cezar/.ai/cezar/worktrees/9ae05dcc-cc09-405c-9934-ab364076aa21/.ai/design-reference/iteration-3/design/aYBO5.png
aYBO5,S11. Global settings / Skills · Mobile light,settings ba089,Update Open Mercato skills automatically,font-weight,600,400,candidate difference: exact text match; inspect per-node context before changing,/home/agent/projects/cezar/.ai/cezar/worktrees/9ae05dcc-cc09-405c-9934-ab364076aa21/.ai/design-reference/iteration-3/runtime-verified/pairs/aYBO5-browser.png,/home/agent/projects/cezar/.ai/cezar/worktrees/9ae05dcc-cc09-405c-9934-ab364076aa21/.ai/design-reference/iteration-3/design/aYBO5.png
aYBO5,S11. Global settings / Skills · Mobile light,settings ba089,Update Open Mercato skills automatically,line-height,20px,21px,candidate difference: exact text match; inspect per-node context before changing,/home/agent/projects/cezar/.ai/cezar/worktrees/9ae05dcc-cc09-405c-9934-ab364076aa21/.ai/design-reference/iteration-3/runtime-verified/pairs/aYBO5-browser.png,/home/agent/projects/cezar/.ai/cezar/worktrees/9ae05dcc-cc09-405c-9934-ab364076aa21/.ai/design-reference/iteration-3/design/aYBO5.png
aYBO5,S11. Global settings / Skills · Mobile light,settings ba089,Manage installed skills and sources from the Skills catalog.,line-height,19.5px,20px,candidate difference: exact text match; inspect per-node context before changing,/home/agent/projects/cezar/.ai/cezar/worktrees/9ae05dcc-cc09-405c-9934-ab364076aa21/.ai/design-reference/iteration-3/runtime-verified/pairs/aYBO5-browser.png,/home/agent/projects/cezar/.ai/cezar/worktrees/9ae05dcc-cc09-405c-9934-ab364076aa21/.ai/design-reference/iteration-3/design/aYBO5.png
giEbe,S12. Global settings / Agent accounts · Mobile light,settings ba089,Global settings,font-size,28px,25px,candidate difference: exact text match; inspect per-node context before changing,/home/agent/projects/cezar/.ai/cezar/worktrees/9ae05dcc-cc09-405c-9934-ab364076aa21/.ai/design-reference/iteration-3/runtime-verified/pairs/giEbe-browser.png,/home/agent/projects/cezar/.ai/cezar/worktrees/9ae05dcc-cc09-405c-9934-ab364076aa21/.ai/design-reference/iteration-3/design/giEbe.png
giEbe,S12. Global settings / Agent accounts · Mobile light,settings ba089,Global settings,font-weight,600,400,candidate difference: exact text match; inspect per-node context before changing,/home/agent/projects/cezar/.ai/cezar/worktrees/9ae05dcc-cc09-405c-9934-ab364076aa21/.ai/design-reference/iteration-3/runtime-verified/pairs/giEbe-browser.png,/home/agent/projects/cezar/.ai/cezar/worktrees/9ae05dcc-cc09-405c-9934-ab364076aa21/.ai/design-reference/iteration-3/design/giEbe.png
giEbe,S12. Global settings / Agent accounts · Mobile light,settings ba089,Global settings,line-height,42px,38px,candidate difference: exact text match; inspect per-node context before changing,/home/agent/projects/cezar/.ai/cezar/worktrees/9ae05dcc-cc09-405c-9934-ab364076aa21/.ai/design-reference/iteration-3/runtime-verified/pairs/giEbe-browser.png,/home/agent/projects/cezar/.ai/cezar/worktrees/9ae05dcc-cc09-405c-9934-ab364076aa21/.ai/design-reference/iteration-3/design/giEbe.png
giEbe,S12. Global settings / Agent accounts · Mobile light,settings ba089,Agent accounts,font-size,20px,14px|21px,candidate difference: exact text match; inspect per-node context before changing,/home/agent/projects/cezar/.ai/cezar/worktrees/9ae05dcc-cc09-405c-9934-ab364076aa21/.ai/design-reference/iteration-3/runtime-verified/pairs/giEbe-browser.png,/home/agent/projects/cezar/.ai/cezar/worktrees/9ae05dcc-cc09-405c-9934-ab364076aa21/.ai/design-reference/iteration-3/design/giEbe.png
giEbe,S12. Global settings / Agent accounts · Mobile light,settings ba089,Agent accounts,line-height,30px,21px|32px,candidate difference: exact text match; inspect per-node context before changing,/home/agent/projects/cezar/.ai/cezar/worktrees/9ae05dcc-cc09-405c-9934-ab364076aa21/.ai/design-reference/iteration-3/runtime-verified/pairs/giEbe-browser.png,/home/agent/projects/cezar/.ai/cezar/worktrees/9ae05dcc-cc09-405c-9934-ab364076aa21/.ai/design-reference/iteration-3/design/giEbe.png
giEbe,S12. Global settings / Agent accounts · Mobile light,settings ba089,Claude Code,font-size,12.5px,14px,candidate difference: exact text match; inspect per-node context before changing,/home/agent/projects/cezar/.ai/cezar/worktrees/9ae05dcc-cc09-405c-9934-ab364076aa21/.ai/design-reference/iteration-3/runtime-verified/pairs/giEbe-browser.png,/home/agent/projects/cezar/.ai/cezar/worktrees/9ae05dcc-cc09-405c-9934-ab364076aa21/.ai/design-reference/iteration-3/design/giEbe.png
giEbe,S12. Global settings / Agent accounts · Mobile light,settings ba089,Claude Code,font-weight,600,400,candidate difference: exact text match; inspect per-node context before changing,/home/agent/projects/cezar/.ai/cezar/worktrees/9ae05dcc-cc09-405c-9934-ab364076aa21/.ai/design-reference/iteration-3/runtime-verified/pairs/giEbe-browser.png,/home/agent/projects/cezar/.ai/cezar/worktrees/9ae05dcc-cc09-405c-9934-ab364076aa21/.ai/design-reference/iteration-3/design/giEbe.png
giEbe,S12. Global settings / Agent accounts · Mobile light,settings ba089,Claude Code,line-height,18.75px,21px,candidate difference: exact text match; inspect per-node context before changing,/home/agent/projects/cezar/.ai/cezar/worktrees/9ae05dcc-cc09-405c-9934-ab364076aa21/.ai/design-reference/iteration-3/runtime-verified/pairs/giEbe-browser.png,/home/agent/projects/cezar/.ai/cezar/worktrees/9ae05dcc-cc09-405c-9934-ab364076aa21/.ai/design-reference/iteration-3/design/giEbe.png
giEbe,S12. Global settings / Agent accounts · Mobile light,settings ba089,Codex,font-size,12.5px,12px|14px,candidate difference: exact text match; inspect per-node context before changing,/home/agent/projects/cezar/.ai/cezar/worktrees/9ae05dcc-cc09-405c-9934-ab364076aa21/.ai/design-reference/iteration-3/runtime-verified/pairs/giEbe-browser.png,/home/agent/projects/cezar/.ai/cezar/worktrees/9ae05dcc-cc09-405c-9934-ab364076aa21/.ai/design-reference/iteration-3/design/giEbe.png
giEbe,S12. Global settings / Agent accounts · Mobile light,settings ba089,Codex,font-weight,500,400,candidate difference: exact text match; inspect per-node context before changing,/home/agent/projects/cezar/.ai/cezar/worktrees/9ae05dcc-cc09-405c-9934-ab364076aa21/.ai/design-reference/iteration-3/runtime-verified/pairs/giEbe-browser.png,/home/agent/projects/cezar/.ai/cezar/worktrees/9ae05dcc-cc09-405c-9934-ab364076aa21/.ai/design-reference/iteration-3/design/giEbe.png
giEbe,S12. Global settings / Agent accounts · Mobile light,settings ba089,Add account,font-size,12.5px,12px,candidate difference: exact text match; inspect per-node context before changing,/home/agent/projects/cezar/.ai/cezar/worktrees/9ae05dcc-cc09-405c-9934-ab364076aa21/.ai/design-reference/iteration-3/runtime-verified/pairs/giEbe-browser.png,/home/agent/projects/cezar/.ai/cezar/worktrees/9ae05dcc-cc09-405c-9934-ab364076aa21/.ai/design-reference/iteration-3/design/giEbe.png
giEbe,S12. Global settings / Agent accounts · Mobile light,settings ba089,Add account,font-weight,600,400,candidate difference: exact text match; inspect per-node context before changing,/home/agent/projects/cezar/.ai/cezar/worktrees/9ae05dcc-cc09-405c-9934-ab364076aa21/.ai/design-reference/iteration-3/runtime-verified/pairs/giEbe-browser.png,/home/agent/projects/cezar/.ai/cezar/worktrees/9ae05dcc-cc09-405c-9934-ab364076aa21/.ai/design-reference/iteration-3/design/giEbe.png
UylPc,S13. Global settings / Projects · Mobile light,settings ba089,Global settings,font-size,28px,25px,candidate difference: exact text match; inspect per-node context before changing,/home/agent/projects/cezar/.ai/cezar/worktrees/9ae05dcc-cc09-405c-9934-ab364076aa21/.ai/design-reference/iteration-3/runtime-verified/pairs/UylPc-browser.png,/home/agent/projects/cezar/.ai/cezar/worktrees/9ae05dcc-cc09-405c-9934-ab364076aa21/.ai/design-reference/iteration-3/design/UylPc.png
UylPc,S13. Global settings / Projects · Mobile light,settings ba089,Global settings,font-weight,600,400,candidate difference: exact text match; inspect per-node context before changing,/home/agent/projects/cezar/.ai/cezar/worktrees/9ae05dcc-cc09-405c-9934-ab364076aa21/.ai/design-reference/iteration-3/runtime-verified/pairs/UylPc-browser.png,/home/agent/projects/cezar/.ai/cezar/worktrees/9ae05dcc-cc09-405c-9934-ab364076aa21/.ai/design-reference/iteration-3/design/UylPc.png
UylPc,S13. Global settings / Projects · Mobile light,settings ba089,Global settings,line-height,42px,38px,candidate difference: exact text match; inspect per-node context before changing,/home/agent/projects/cezar/.ai/cezar/worktrees/9ae05dcc-cc09-405c-9934-ab364076aa21/.ai/design-reference/iteration-3/runtime-verified/pairs/UylPc-browser.png,/home/agent/projects/cezar/.ai/cezar/worktrees/9ae05dcc-cc09-405c-9934-ab364076aa21/.ai/design-reference/iteration-3/design/UylPc.png
UylPc,S13. Global settings / Projects · Mobile light,settings ba089,Projects,font-size,20px,14px|21px,candidate difference: exact text match; inspect per-node context before changing,/home/agent/projects/cezar/.ai/cezar/worktrees/9ae05dcc-cc09-405c-9934-ab364076aa21/.ai/design-reference/iteration-3/runtime-verified/pairs/UylPc-browser.png,/home/agent/projects/cezar/.ai/cezar/worktrees/9ae05dcc-cc09-405c-9934-ab364076aa21/.ai/design-reference/iteration-3/design/UylPc.png
UylPc,S13. Global settings / Projects · Mobile light,settings ba089,Projects,line-height,30px,21px|32px,candidate difference: exact text match; inspect per-node context before changing,/home/agent/projects/cezar/.ai/cezar/worktrees/9ae05dcc-cc09-405c-9934-ab364076aa21/.ai/design-reference/iteration-3/runtime-verified/pairs/UylPc-browser.png,/home/agent/projects/cezar/.ai/cezar/worktrees/9ae05dcc-cc09-405c-9934-ab364076aa21/.ai/design-reference/iteration-3/design/UylPc.png
UylPc,S13. Global settings / Projects · Mobile light,settings ba089,Default browse folder,line-height,20px,21px,candidate difference: exact text match; inspect per-node context before changing,/home/agent/projects/cezar/.ai/cezar/worktrees/9ae05dcc-cc09-405c-9934-ab364076aa21/.ai/design-reference/iteration-3/runtime-verified/pairs/UylPc-browser.png,/home/agent/projects/cezar/.ai/cezar/worktrees/9ae05dcc-cc09-405c-9934-ab364076aa21/.ai/design-reference/iteration-3/design/UylPc.png
UylPc,S13. Global settings / Projects · Mobile light,settings ba089,Default checkout folder,line-height,20px,21px,candidate difference: exact text match; inspect per-node context before changing,/home/agent/projects/cezar/.ai/cezar/worktrees/9ae05dcc-cc09-405c-9934-ab364076aa21/.ai/design-reference/iteration-3/runtime-verified/pairs/UylPc-browser.png,/home/agent/projects/cezar/.ai/cezar/worktrees/9ae05dcc-cc09-405c-9934-ab364076aa21/.ai/design-reference/iteration-3/design/UylPc.png
UylPc,S13. Global settings / Projects · Mobile light,settings ba089,Registered projects,font-size,14px,18px,candidate difference: exact text match; inspect per-node context before changing,/home/agent/projects/cezar/.ai/cezar/worktrees/9ae05dcc-cc09-405c-9934-ab364076aa21/.ai/design-reference/iteration-3/runtime-verified/pairs/UylPc-browser.png,/home/agent/projects/cezar/.ai/cezar/worktrees/9ae05dcc-cc09-405c-9934-ab364076aa21/.ai/design-reference/iteration-3/design/UylPc.png
UylPc,S13. Global settings / Projects · Mobile light,settings ba089,Registered projects,line-height,20px,27px,candidate difference: exact text match; inspect per-node context before changing,/home/agent/projects/cezar/.ai/cezar/worktrees/9ae05dcc-cc09-405c-9934-ab364076aa21/.ai/design-reference/iteration-3/runtime-verified/pairs/UylPc-browser.png,/home/agent/projects/cezar/.ai/cezar/worktrees/9ae05dcc-cc09-405c-9934-ab364076aa21/.ai/design-reference/iteration-3/design/UylPc.png
Z58Tuz,S05. Project settings / Bookmarklets · Mobile light,settings ba089,Project settings,font-size,28px,25px,candidate difference: exact text match; inspect per-node context before changing,/home/agent/projects/cezar/.ai/cezar/worktrees/9ae05dcc-cc09-405c-9934-ab364076aa21/.ai/design-reference/iteration-3/runtime-verified/pairs/Z58Tuz-browser.png,/home/agent/projects/cezar/.ai/cezar/worktrees/9ae05dcc-cc09-405c-9934-ab364076aa21/.ai/design-reference/iteration-3/design/Z58Tuz.png
Z58Tuz,S05. Project settings / Bookmarklets · Mobile light,settings ba089,Project settings,font-weight,600,400,candidate difference: exact text match; inspect per-node context before changing,/home/agent/projects/cezar/.ai/cezar/worktrees/9ae05dcc-cc09-405c-9934-ab364076aa21/.ai/design-reference/iteration-3/runtime-verified/pairs/Z58Tuz-browser.png,/home/agent/projects/cezar/.ai/cezar/worktrees/9ae05dcc-cc09-405c-9934-ab364076aa21/.ai/design-reference/iteration-3/design/Z58Tuz.png
Z58Tuz,S05. Project settings / Bookmarklets · Mobile light,settings ba089,Project settings,line-height,42px,38px,candidate difference: exact text match; inspect per-node context before changing,/home/agent/projects/cezar/.ai/cezar/worktrees/9ae05dcc-cc09-405c-9934-ab364076aa21/.ai/design-reference/iteration-3/runtime-verified/pairs/Z58Tuz-browser.png,/home/agent/projects/cezar/.ai/cezar/worktrees/9ae05dcc-cc09-405c-9934-ab364076aa21/.ai/design-reference/iteration-3/design/Z58Tuz.png
Z58Tuz,S05. Project settings / Bookmarklets · Mobile light,settings ba089,Bookmarklets,font-size,20px,14px|22px,candidate difference: exact text match; inspect per-node context before changing,/home/agent/projects/cezar/.ai/cezar/worktrees/9ae05dcc-cc09-405c-9934-ab364076aa21/.ai/design-reference/iteration-3/runtime-verified/pairs/Z58Tuz-browser.png,/home/agent/projects/cezar/.ai/cezar/worktrees/9ae05dcc-cc09-405c-9934-ab364076aa21/.ai/design-reference/iteration-3/design/Z58Tuz.png
Z58Tuz,S05. Project settings / Bookmarklets · Mobile light,settings ba089,Bookmarklets,line-height,30px,21px|33px,candidate difference: exact text match; inspect per-node context before changing,/home/agent/projects/cezar/.ai/cezar/worktrees/9ae05dcc-cc09-405c-9934-ab364076aa21/.ai/design-reference/iteration-3/runtime-verified/pairs/Z58Tuz-browser.png,/home/agent/projects/cezar/.ai/cezar/worktrees/9ae05dcc-cc09-405c-9934-ab364076aa21/.ai/design-reference/iteration-3/design/Z58Tuz.png
Z58Tuz,S05. Project settings / Bookmarklets · Mobile light,settings ba089,Run from GitHub,font-size,20px,18px,candidate difference: exact text match; inspect per-node context before changing,/home/agent/projects/cezar/.ai/cezar/worktrees/9ae05dcc-cc09-405c-9934-ab364076aa21/.ai/design-reference/iteration-3/runtime-verified/pairs/Z58Tuz-browser.png,/home/agent/projects/cezar/.ai/cezar/worktrees/9ae05dcc-cc09-405c-9934-ab364076aa21/.ai/design-reference/iteration-3/design/Z58Tuz.png
Z58Tuz,S05. Project settings / Bookmarklets · Mobile light,settings ba089,Run from GitHub,font-weight,600,400,candidate difference: exact text match; inspect per-node context before changing,/home/agent/projects/cezar/.ai/cezar/worktrees/9ae05dcc-cc09-405c-9934-ab364076aa21/.ai/design-reference/iteration-3/runtime-verified/pairs/Z58Tuz-browser.png,/home/agent/projects/cezar/.ai/cezar/worktrees/9ae05dcc-cc09-405c-9934-ab364076aa21/.ai/design-reference/iteration-3/design/Z58Tuz.png
Z58Tuz,S05. Project settings / Bookmarklets · Mobile light,settings ba089,Run from GitHub,line-height,28px,27px,candidate difference: exact text match; inspect per-node context before changing,/home/agent/projects/cezar/.ai/cezar/worktrees/9ae05dcc-cc09-405c-9934-ab364076aa21/.ai/design-reference/iteration-3/runtime-verified/pairs/Z58Tuz-browser.png,/home/agent/projects/cezar/.ai/cezar/worktrees/9ae05dcc-cc09-405c-9934-ab364076aa21/.ai/design-reference/iteration-3/design/Z58Tuz.png
P416t,S08. Global settings / Appearance · Mobile light,settings ba089,Global settings,font-size,28px,25px,candidate difference: exact text match; inspect per-node context before changing,/home/agent/projects/cezar/.ai/cezar/worktrees/9ae05dcc-cc09-405c-9934-ab364076aa21/.ai/design-reference/iteration-3/runtime-verified/pairs/P416t-browser.png,/home/agent/projects/cezar/.ai/cezar/worktrees/9ae05dcc-cc09-405c-9934-ab364076aa21/.ai/design-reference/iteration-3/design/P416t.png
P416t,S08. Global settings / Appearance · Mobile light,settings ba089,Global settings,font-weight,600,400,candidate difference: exact text match; inspect per-node context before changing,/home/agent/projects/cezar/.ai/cezar/worktrees/9ae05dcc-cc09-405c-9934-ab364076aa21/.ai/design-reference/iteration-3/runtime-verified/pairs/P416t-browser.png,/home/agent/projects/cezar/.ai/cezar/worktrees/9ae05dcc-cc09-405c-9934-ab364076aa21/.ai/design-reference/iteration-3/design/P416t.png
P416t,S08. Global settings / Appearance · Mobile light,settings ba089,Global settings,line-height,42px,38px,candidate difference: exact text match; inspect per-node context before changing,/home/agent/projects/cezar/.ai/cezar/worktrees/9ae05dcc-cc09-405c-9934-ab364076aa21/.ai/design-reference/iteration-3/runtime-verified/pairs/P416t-browser.png,/home/agent/projects/cezar/.ai/cezar/worktrees/9ae05dcc-cc09-405c-9934-ab364076aa21/.ai/design-reference/iteration-3/design/P416t.png
P416t,S08. Global settings / Appearance · Mobile light,settings ba089,Appearance,font-size,20px,14px|22px,candidate difference: exact text match; inspect per-node context before changing,/home/agent/projects/cezar/.ai/cezar/worktrees/9ae05dcc-cc09-405c-9934-ab364076aa21/.ai/design-reference/iteration-3/runtime-verified/pairs/P416t-browser.png,/home/agent/projects/cezar/.ai/cezar/worktrees/9ae05dcc-cc09-405c-9934-ab364076aa21/.ai/design-reference/iteration-3/design/P416t.png
P416t,S08. Global settings / Appearance · Mobile light,settings ba089,Appearance,line-height,30px,21px|33px,candidate difference: exact text match; inspect per-node context before changing,/home/agent/projects/cezar/.ai/cezar/worktrees/9ae05dcc-cc09-405c-9934-ab364076aa21/.ai/design-reference/iteration-3/runtime-verified/pairs/P416t-browser.png,/home/agent/projects/cezar/.ai/cezar/worktrees/9ae05dcc-cc09-405c-9934-ab364076aa21/.ai/design-reference/iteration-3/design/P416t.png
P416t,S08. Global settings / Appearance · Mobile light,settings ba089,Theme,font-size,14px,16px,candidate difference: exact text match; inspect per-node context before changing,/home/agent/projects/cezar/.ai/cezar/worktrees/9ae05dcc-cc09-405c-9934-ab364076aa21/.ai/design-reference/iteration-3/runtime-verified/pairs/P416t-browser.png,/home/agent/projects/cezar/.ai/cezar/worktrees/9ae05dcc-cc09-405c-9934-ab364076aa21/.ai/design-reference/iteration-3/design/P416t.png
P416t,S08. Global settings / Appearance · Mobile light,settings ba089,Theme,font-weight,600,400,candidate difference: exact text match; inspect per-node context before changing,/home/agent/projects/cezar/.ai/cezar/worktrees/9ae05dcc-cc09-405c-9934-ab364076aa21/.ai/design-reference/iteration-3/runtime-verified/pairs/P416t-browser.png,/home/agent/projects/cezar/.ai/cezar/worktrees/9ae05dcc-cc09-405c-9934-ab364076aa21/.ai/design-reference/iteration-3/design/P416t.png
P416t,S08. Global settings / Appearance · Mobile light,settings ba089,Theme,line-height,20px,24px,candidate difference: exact text match; inspect per-node context before changing,/home/agent/projects/cezar/.ai/cezar/worktrees/9ae05dcc-cc09-405c-9934-ab364076aa21/.ai/design-reference/iteration-3/runtime-verified/pairs/P416t-browser.png,/home/agent/projects/cezar/.ai/cezar/worktrees/9ae05dcc-cc09-405c-9934-ab364076aa21/.ai/design-reference/iteration-3/design/P416t.png
P416t,S08. Global settings / Appearance · Mobile light,settings ba089,System,font-size,13px,12px,candidate difference: exact text match; inspect per-node context before changing,/home/agent/projects/cezar/.ai/cezar/worktrees/9ae05dcc-cc09-405c-9934-ab364076aa21/.ai/design-reference/iteration-3/runtime-verified/pairs/P416t-browser.png,/home/agent/projects/cezar/.ai/cezar/worktrees/9ae05dcc-cc09-405c-9934-ab364076aa21/.ai/design-reference/iteration-3/design/P416t.png
P416t,S08. Global settings / Appearance · Mobile light,settings ba089,Light,font-size,13px,12px,candidate difference: exact text match; inspect per-node context before changing,/home/agent/projects/cezar/.ai/cezar/worktrees/9ae05dcc-cc09-405c-9934-ab364076aa21/.ai/design-reference/iteration-3/runtime-verified/pairs/P416t-browser.png,/home/agent/projects/cezar/.ai/cezar/worktrees/9ae05dcc-cc09-405c-9934-ab364076aa21/.ai/design-reference/iteration-3/design/P416t.png
P416t,S08. Global settings / Appearance · Mobile light,settings ba089,Dark,font-size,13px,12px,candidate difference: exact text match; inspect per-node context before changing,/home/agent/projects/cezar/.ai/cezar/worktrees/9ae05dcc-cc09-405c-9934-ab364076aa21/.ai/design-reference/iteration-3/runtime-verified/pairs/P416t-browser.png,/home/agent/projects/cezar/.ai/cezar/worktrees/9ae05dcc-cc09-405c-9934-ab364076aa21/.ai/design-reference/iteration-3/design/P416t.png
P416t,S08. Global settings / Appearance · Mobile light,settings ba089,Density,font-size,14px,16px,candidate difference: exact text match; inspect per-node context before changing,/home/agent/projects/cezar/.ai/cezar/worktrees/9ae05dcc-cc09-405c-9934-ab364076aa21/.ai/design-reference/iteration-3/runtime-verified/pairs/P416t-browser.png,/home/agent/projects/cezar/.ai/cezar/worktrees/9ae05dcc-cc09-405c-9934-ab364076aa21/.ai/design-reference/iteration-3/design/P416t.png
P416t,S08. Global settings / Appearance · Mobile light,settings ba089,Density,font-weight,600,400,candidate difference: exact text match; inspect per-node context before changing,/home/agent/projects/cezar/.ai/cezar/worktrees/9ae05dcc-cc09-405c-9934-ab364076aa21/.ai/design-reference/iteration-3/runtime-verified/pairs/P416t-browser.png,/home/agent/projects/cezar/.ai/cezar/worktrees/9ae05dcc-cc09-405c-9934-ab364076aa21/.ai/design-reference/iteration-3/design/P416t.png
P416t,S08. Global settings / Appearance · Mobile light,settings ba089,Density,line-height,20px,24px,candidate difference: exact text match; inspect per-node context before changing,/home/agent/projects/cezar/.ai/cezar/worktrees/9ae05dcc-cc09-405c-9934-ab364076aa21/.ai/design-reference/iteration-3/runtime-verified/pairs/P416t-browser.png,/home/agent/projects/cezar/.ai/cezar/worktrees/9ae05dcc-cc09-405c-9934-ab364076aa21/.ai/design-reference/iteration-3/design/P416t.png
P416t,S08. Global settings / Appearance · Mobile light,settings ba089,Comfortable,font-size,13px,12px,candidate difference: exact text match; inspect per-node context before changing,/home/agent/projects/cezar/.ai/cezar/worktrees/9ae05dcc-cc09-405c-9934-ab364076aa21/.ai/design-reference/iteration-3/runtime-verified/pairs/P416t-browser.png,/home/agent/projects/cezar/.ai/cezar/worktrees/9ae05dcc-cc09-405c-9934-ab364076aa21/.ai/design-reference/iteration-3/design/P416t.png
P416t,S08. Global settings / Appearance · Mobile light,settings ba089,Compact,font-size,13px,12px,candidate difference: exact text match; inspect per-node context before changing,/home/agent/projects/cezar/.ai/cezar/worktrees/9ae05dcc-cc09-405c-9934-ab364076aa21/.ai/design-reference/iteration-3/runtime-verified/pairs/P416t-browser.png,/home/agent/projects/cezar/.ai/cezar/worktrees/9ae05dcc-cc09-405c-9934-ab364076aa21/.ai/design-reference/iteration-3/design/P416t.png
P416t,S08. Global settings / Appearance · Mobile light,settings ba089,Compact for real,font-size,13px,12px,candidate difference: exact text match; inspect per-node context before changing,/home/agent/projects/cezar/.ai/cezar/worktrees/9ae05dcc-cc09-405c-9934-ab364076aa21/.ai/design-reference/iteration-3/runtime-verified/pairs/P416t-browser.png,/home/agent/projects/cezar/.ai/cezar/worktrees/9ae05dcc-cc09-405c-9934-ab364076aa21/.ai/design-reference/iteration-3/design/P416t.png
P416t,S08. Global settings / Appearance · Mobile light,settings ba089,Reading width,font-size,14px,16px,candidate difference: exact text match; inspect per-node context before changing,/home/agent/projects/cezar/.ai/cezar/worktrees/9ae05dcc-cc09-405c-9934-ab364076aa21/.ai/design-reference/iteration-3/runtime-verified/pairs/P416t-browser.png,/home/agent/projects/cezar/.ai/cezar/worktrees/9ae05dcc-cc09-405c-9934-ab364076aa21/.ai/design-reference/iteration-3/design/P416t.png
P416t,S08. Global settings / Appearance · Mobile light,settings ba089,Reading width,font-weight,600,400,candidate difference: exact text match; inspect per-node context before changing,/home/agent/projects/cezar/.ai/cezar/worktrees/9ae05dcc-cc09-405c-9934-ab364076aa21/.ai/design-reference/iteration-3/runtime-verified/pairs/P416t-browser.png,/home/agent/projects/cezar/.ai/cezar/worktrees/9ae05dcc-cc09-405c-9934-ab364076aa21/.ai/design-reference/iteration-3/design/P416t.png
P416t,S08. Global settings / Appearance · Mobile light,settings ba089,Reading width,line-height,20px,24px,candidate difference: exact text match; inspect per-node context before changing,/home/agent/projects/cezar/.ai/cezar/worktrees/9ae05dcc-cc09-405c-9934-ab364076aa21/.ai/design-reference/iteration-3/runtime-verified/pairs/P416t-browser.png,/home/agent/projects/cezar/.ai/cezar/worktrees/9ae05dcc-cc09-405c-9934-ab364076aa21/.ai/design-reference/iteration-3/design/P416t.png
P416t,S08. Global settings / Appearance · Mobile light,settings ba089,Narrow,font-size,13px,12px,candidate difference: exact text match; inspect per-node context before changing,/home/agent/projects/cezar/.ai/cezar/worktrees/9ae05dcc-cc09-405c-9934-ab364076aa21/.ai/design-reference/iteration-3/runtime-verified/pairs/P416t-browser.png,/home/agent/projects/cezar/.ai/cezar/worktrees/9ae05dcc-cc09-405c-9934-ab364076aa21/.ai/design-reference/iteration-3/design/P416t.png
P416t,S08. Global settings / Appearance · Mobile light,settings ba089,Wide,font-size,13px,12px,candidate difference: exact text match; inspect per-node context before changing,/home/agent/projects/cezar/.ai/cezar/worktrees/9ae05dcc-cc09-405c-9934-ab364076aa21/.ai/design-reference/iteration-3/runtime-verified/pairs/P416t-browser.png,/home/agent/projects/cezar/.ai/cezar/worktrees/9ae05dcc-cc09-405c-9934-ab364076aa21/.ai/design-reference/iteration-3/design/P416t.png
U6TLR,S02. Project settings / Agents · Mobile dark,settings ba089,Project settings,font-size,28px,25px,candidate difference: exact text match; inspect per-node context before changing,/home/agent/projects/cezar/.ai/cezar/worktrees/9ae05dcc-cc09-405c-9934-ab364076aa21/.ai/design-reference/iteration-3/runtime-verified/pairs/U6TLR-browser.png,/home/agent/projects/cezar/.ai/cezar/worktrees/9ae05dcc-cc09-405c-9934-ab364076aa21/.ai/design-reference/iteration-3/design/U6TLR.png
U6TLR,S02. Project settings / Agents · Mobile dark,settings ba089,Project settings,font-weight,600,400,candidate difference: exact text match; inspect per-node context before changing,/home/agent/projects/cezar/.ai/cezar/worktrees/9ae05dcc-cc09-405c-9934-ab364076aa21/.ai/design-reference/iteration-3/runtime-verified/pairs/U6TLR-browser.png,/home/agent/projects/cezar/.ai/cezar/worktrees/9ae05dcc-cc09-405c-9934-ab364076aa21/.ai/design-reference/iteration-3/design/U6TLR.png
U6TLR,S02. Project settings / Agents · Mobile dark,settings ba089,Project settings,line-height,42px,38px,candidate difference: exact text match; inspect per-node context before changing,/home/agent/projects/cezar/.ai/cezar/worktrees/9ae05dcc-cc09-405c-9934-ab364076aa21/.ai/design-reference/iteration-3/runtime-verified/pairs/U6TLR-browser.png,/home/agent/projects/cezar/.ai/cezar/worktrees/9ae05dcc-cc09-405c-9934-ab364076aa21/.ai/design-reference/iteration-3/design/U6TLR.png
U6TLR,S02. Project settings / Agents · Mobile dark,settings ba089,Agents,font-size,20px,14px|21px,candidate difference: exact text match; inspect per-node context before changing,/home/agent/projects/cezar/.ai/cezar/worktrees/9ae05dcc-cc09-405c-9934-ab364076aa21/.ai/design-reference/iteration-3/runtime-verified/pairs/U6TLR-browser.png,/home/agent/projects/cezar/.ai/cezar/worktrees/9ae05dcc-cc09-405c-9934-ab364076aa21/.ai/design-reference/iteration-3/design/U6TLR.png
U6TLR,S02. Project settings / Agents · Mobile dark,settings ba089,Agents,line-height,30px,21px|32px,candidate difference: exact text match; inspect per-node context before changing,/home/agent/projects/cezar/.ai/cezar/worktrees/9ae05dcc-cc09-405c-9934-ab364076aa21/.ai/design-reference/iteration-3/runtime-verified/pairs/U6TLR-browser.png,/home/agent/projects/cezar/.ai/cezar/worktrees/9ae05dcc-cc09-405c-9934-ab364076aa21/.ai/design-reference/iteration-3/design/U6TLR.png
U6TLR,S02. Project settings / Agents · Mobile dark,settings ba089,System prompt,line-height,20px,21px,candidate difference: exact text match; inspect per-node context before changing,/home/agent/projects/cezar/.ai/cezar/worktrees/9ae05dcc-cc09-405c-9934-ab364076aa21/.ai/design-reference/iteration-3/runtime-verified/pairs/U6TLR-browser.png,/home/agent/projects/cezar/.ai/cezar/worktrees/9ae05dcc-cc09-405c-9934-ab364076aa21/.ai/design-reference/iteration-3/design/U6TLR.png
U6TLR,S02. Project settings / Agents · Mobile dark,settings ba089,Live title updates,font-size,14px,13px,candidate difference: exact text match; inspect per-node context before changing,/home/agent/projects/cezar/.ai/cezar/worktrees/9ae05dcc-cc09-405c-9934-ab364076aa21/.ai/design-reference/iteration-3/runtime-verified/pairs/U6TLR-browser.png,/home/agent/projects/cezar/.ai/cezar/worktrees/9ae05dcc-cc09-405c-9934-ab364076aa21/.ai/design-reference/iteration-3/design/U6TLR.png
U6TLR,S02. Project settings / Agents · Mobile dark,settings ba089,Review changes before finishing,font-size,14px,13px,candidate difference: exact text match; inspect per-node context before changing,/home/agent/projects/cezar/.ai/cezar/worktrees/9ae05dcc-cc09-405c-9934-ab364076aa21/.ai/design-reference/iteration-3/runtime-verified/pairs/U6TLR-browser.png,/home/agent/projects/cezar/.ai/cezar/worktrees/9ae05dcc-cc09-405c-9934-ab364076aa21/.ai/design-reference/iteration-3/design/U6TLR.png
U6TLR,S02. Project settings / Agents · Mobile dark,settings ba089,Base branch,line-height,20px,21px,candidate difference: exact text match; inspect per-node context before changing,/home/agent/projects/cezar/.ai/cezar/worktrees/9ae05dcc-cc09-405c-9934-ab364076aa21/.ai/design-reference/iteration-3/runtime-verified/pairs/U6TLR-browser.png,/home/agent/projects/cezar/.ai/cezar/worktrees/9ae05dcc-cc09-405c-9934-ab364076aa21/.ai/design-reference/iteration-3/design/U6TLR.png
Sizxn,S03. Project settings / Agent config · Mobile dark,settings ba089,Project settings,font-size,28px,25px,candidate difference: exact text match; inspect per-node context before changing,/home/agent/projects/cezar/.ai/cezar/worktrees/9ae05dcc-cc09-405c-9934-ab364076aa21/.ai/design-reference/iteration-3/runtime-verified/pairs/Sizxn-browser.png,/home/agent/projects/cezar/.ai/cezar/worktrees/9ae05dcc-cc09-405c-9934-ab364076aa21/.ai/design-reference/iteration-3/design/Sizxn.png
Sizxn,S03. Project settings / Agent config · Mobile dark,settings ba089,Project settings,font-weight,600,400,candidate difference: exact text match; inspect per-node context before changing,/home/agent/projects/cezar/.ai/cezar/worktrees/9ae05dcc-cc09-405c-9934-ab364076aa21/.ai/design-reference/iteration-3/runtime-verified/pairs/Sizxn-browser.png,/home/agent/projects/cezar/.ai/cezar/worktrees/9ae05dcc-cc09-405c-9934-ab364076aa21/.ai/design-reference/iteration-3/design/Sizxn.png
Sizxn,S03. Project settings / Agent config · Mobile dark,settings ba089,Project settings,line-height,42px,38px,candidate difference: exact text match; inspect per-node context before changing,/home/agent/projects/cezar/.ai/cezar/worktrees/9ae05dcc-cc09-405c-9934-ab364076aa21/.ai/design-reference/iteration-3/runtime-verified/pairs/Sizxn-browser.png,/home/agent/projects/cezar/.ai/cezar/worktrees/9ae05dcc-cc09-405c-9934-ab364076aa21/.ai/design-reference/iteration-3/design/Sizxn.png
Sizxn,S03. Project settings / Agent config · Mobile dark,settings ba089,Agent config,font-size,20px,14px|21px,candidate difference: exact text match; inspect per-node context before changing,/home/agent/projects/cezar/.ai/cezar/worktrees/9ae05dcc-cc09-405c-9934-ab364076aa21/.ai/design-reference/iteration-3/runtime-verified/pairs/Sizxn-browser.png,/home/agent/projects/cezar/.ai/cezar/worktrees/9ae05dcc-cc09-405c-9934-ab364076aa21/.ai/design-reference/iteration-3/design/Sizxn.png
Sizxn,S03. Project settings / Agent config · Mobile dark,settings ba089,Agent config,line-height,30px,21px|32px,candidate difference: exact text match; inspect per-node context before changing,/home/agent/projects/cezar/.ai/cezar/worktrees/9ae05dcc-cc09-405c-9934-ab364076aa21/.ai/design-reference/iteration-3/runtime-verified/pairs/Sizxn-browser.png,/home/agent/projects/cezar/.ai/cezar/worktrees/9ae05dcc-cc09-405c-9934-ab364076aa21/.ai/design-reference/iteration-3/design/Sizxn.png
nMfbp,S04. Project settings / Worktrees · Mobile dark,settings ba089,Project settings,font-size,28px,25px,candidate difference: exact text match; inspect per-node context before changing,/home/agent/projects/cezar/.ai/cezar/worktrees/9ae05dcc-cc09-405c-9934-ab364076aa21/.ai/design-reference/iteration-3/runtime-verified/pairs/nMfbp-browser.png,/home/agent/projects/cezar/.ai/cezar/worktrees/9ae05dcc-cc09-405c-9934-ab364076aa21/.ai/design-reference/iteration-3/design/nMfbp.png
nMfbp,S04. Project settings / Worktrees · Mobile dark,settings ba089,Project settings,font-weight,600,400,candidate difference: exact text match; inspect per-node context before changing,/home/agent/projects/cezar/.ai/cezar/worktrees/9ae05dcc-cc09-405c-9934-ab364076aa21/.ai/design-reference/iteration-3/runtime-verified/pairs/nMfbp-browser.png,/home/agent/projects/cezar/.ai/cezar/worktrees/9ae05dcc-cc09-405c-9934-ab364076aa21/.ai/design-reference/iteration-3/design/nMfbp.png
nMfbp,S04. Project settings / Worktrees · Mobile dark,settings ba089,Project settings,line-height,42px,38px,candidate difference: exact text match; inspect per-node context before changing,/home/agent/projects/cezar/.ai/cezar/worktrees/9ae05dcc-cc09-405c-9934-ab364076aa21/.ai/design-reference/iteration-3/runtime-verified/pairs/nMfbp-browser.png,/home/agent/projects/cezar/.ai/cezar/worktrees/9ae05dcc-cc09-405c-9934-ab364076aa21/.ai/design-reference/iteration-3/design/nMfbp.png
nMfbp,S04. Project settings / Worktrees · Mobile dark,settings ba089,Worktrees,font-size,20px,14px|21px,candidate difference: exact text match; inspect per-node context before changing,/home/agent/projects/cezar/.ai/cezar/worktrees/9ae05dcc-cc09-405c-9934-ab364076aa21/.ai/design-reference/iteration-3/runtime-verified/pairs/nMfbp-browser.png,/home/agent/projects/cezar/.ai/cezar/worktrees/9ae05dcc-cc09-405c-9934-ab364076aa21/.ai/design-reference/iteration-3/design/nMfbp.png
nMfbp,S04. Project settings / Worktrees · Mobile dark,settings ba089,Worktrees,line-height,30px,21px|32px,candidate difference: exact text match; inspect per-node context before changing,/home/agent/projects/cezar/.ai/cezar/worktrees/9ae05dcc-cc09-405c-9934-ab364076aa21/.ai/design-reference/iteration-3/runtime-verified/pairs/nMfbp-browser.png,/home/agent/projects/cezar/.ai/cezar/worktrees/9ae05dcc-cc09-405c-9934-ab364076aa21/.ai/design-reference/iteration-3/design/nMfbp.png
nMfbp,S04. Project settings / Worktrees · Mobile dark,settings ba089,Keep last N worktrees,line-height,20px,21px,candidate difference: exact text match; inspect per-node context before changing,/home/agent/projects/cezar/.ai/cezar/worktrees/9ae05dcc-cc09-405c-9934-ab364076aa21/.ai/design-reference/iteration-3/runtime-verified/pairs/nMfbp-browser.png,/home/agent/projects/cezar/.ai/cezar/worktrees/9ae05dcc-cc09-405c-9934-ab364076aa21/.ai/design-reference/iteration-3/design/nMfbp.png
nMfbp,S04. Project settings / Worktrees · Mobile dark,settings ba089,Worktrees,line-height,20px,21px|32px,candidate difference: exact text match; inspect per-node context before changing,/home/agent/projects/cezar/.ai/cezar/worktrees/9ae05dcc-cc09-405c-9934-ab364076aa21/.ai/design-reference/iteration-3/runtime-verified/pairs/nMfbp-browser.png,/home/agent/projects/cezar/.ai/cezar/worktrees/9ae05dcc-cc09-405c-9934-ab364076aa21/.ai/design-reference/iteration-3/design/nMfbp.png
nMfbp,S04. Project settings / Worktrees · Mobile dark,settings ba089,Open folder,font-size,13px,12px,candidate difference: exact text match; inspect per-node context before changing,/home/agent/projects/cezar/.ai/cezar/worktrees/9ae05dcc-cc09-405c-9934-ab364076aa21/.ai/design-reference/iteration-3/runtime-verified/pairs/nMfbp-browser.png,/home/agent/projects/cezar/.ai/cezar/worktrees/9ae05dcc-cc09-405c-9934-ab364076aa21/.ai/design-reference/iteration-3/design/nMfbp.png
nMfbp,S04. Project settings / Worktrees · Mobile dark,settings ba089,Open folder,font-weight,600,400,candidate difference: exact text match; inspect per-node context before changing,/home/agent/projects/cezar/.ai/cezar/worktrees/9ae05dcc-cc09-405c-9934-ab364076aa21/.ai/design-reference/iteration-3/runtime-verified/pairs/nMfbp-browser.png,/home/agent/projects/cezar/.ai/cezar/worktrees/9ae05dcc-cc09-405c-9934-ab364076aa21/.ai/design-reference/iteration-3/design/nMfbp.png
nMfbp,S04. Project settings / Worktrees · Mobile dark,settings ba089,Open folder,font-size,13px,12px,candidate difference: exact text match; inspect per-node context before changing,/home/agent/projects/cezar/.ai/cezar/worktrees/9ae05dcc-cc09-405c-9934-ab364076aa21/.ai/design-reference/iteration-3/runtime-verified/pairs/nMfbp-browser.png,/home/agent/projects/cezar/.ai/cezar/worktrees/9ae05dcc-cc09-405c-9934-ab364076aa21/.ai/design-reference/iteration-3/design/nMfbp.png
nMfbp,S04. Project settings / Worktrees · Mobile dark,settings ba089,Open folder,font-weight,600,400,candidate difference: exact text match; inspect per-node context before changing,/home/agent/projects/cezar/.ai/cezar/worktrees/9ae05dcc-cc09-405c-9934-ab364076aa21/.ai/design-reference/iteration-3/runtime-verified/pairs/nMfbp-browser.png,/home/agent/projects/cezar/.ai/cezar/worktrees/9ae05dcc-cc09-405c-9934-ab364076aa21/.ai/design-reference/iteration-3/design/nMfbp.png
nMfbp,S04. Project settings / Worktrees · Mobile dark,settings ba089,Open folder,font-size,13px,12px,candidate difference: exact text match; inspect per-node context before changing,/home/agent/projects/cezar/.ai/cezar/worktrees/9ae05dcc-cc09-405c-9934-ab364076aa21/.ai/design-reference/iteration-3/runtime-verified/pairs/nMfbp-browser.png,/home/agent/projects/cezar/.ai/cezar/worktrees/9ae05dcc-cc09-405c-9934-ab364076aa21/.ai/design-reference/iteration-3/design/nMfbp.png
nMfbp,S04. Project settings / Worktrees · Mobile dark,settings ba089,Open folder,font-weight,600,400,candidate difference: exact text match; inspect per-node context before changing,/home/agent/projects/cezar/.ai/cezar/worktrees/9ae05dcc-cc09-405c-9934-ab364076aa21/.ai/design-reference/iteration-3/runtime-verified/pairs/nMfbp-browser.png,/home/agent/projects/cezar/.ai/cezar/worktrees/9ae05dcc-cc09-405c-9934-ab364076aa21/.ai/design-reference/iteration-3/design/nMfbp.png
nMfbp,S04. Project settings / Worktrees · Mobile dark,settings ba089,Open folder,font-size,13px,12px,candidate difference: exact text match; inspect per-node context before changing,/home/agent/projects/cezar/.ai/cezar/worktrees/9ae05dcc-cc09-405c-9934-ab364076aa21/.ai/design-reference/iteration-3/runtime-verified/pairs/nMfbp-browser.png,/home/agent/projects/cezar/.ai/cezar/worktrees/9ae05dcc-cc09-405c-9934-ab364076aa21/.ai/design-reference/iteration-3/design/nMfbp.png
nMfbp,S04. Project settings / Worktrees · Mobile dark,settings ba089,Open folder,font-weight,600,400,candidate difference: exact text match; inspect per-node context before changing,/home/agent/projects/cezar/.ai/cezar/worktrees/9ae05dcc-cc09-405c-9934-ab364076aa21/.ai/design-reference/iteration-3/runtime-verified/pairs/nMfbp-browser.png,/home/agent/projects/cezar/.ai/cezar/worktrees/9ae05dcc-cc09-405c-9934-ab364076aa21/.ai/design-reference/iteration-3/design/nMfbp.png
U8r6vF,S06. Project settings / Prompt templates · Mobile dark,settings ba089,Project settings,font-size,28px,25px,candidate difference: exact text match; inspect per-node context before changing,/home/agent/projects/cezar/.ai/cezar/worktrees/9ae05dcc-cc09-405c-9934-ab364076aa21/.ai/design-reference/iteration-3/runtime-verified/pairs/U8r6vF-browser.png,/home/agent/projects/cezar/.ai/cezar/worktrees/9ae05dcc-cc09-405c-9934-ab364076aa21/.ai/design-reference/iteration-3/design/U8r6vF.png
U8r6vF,S06. Project settings / Prompt templates · Mobile dark,settings ba089,Project settings,font-weight,600,400,candidate difference: exact text match; inspect per-node context before changing,/home/agent/projects/cezar/.ai/cezar/worktrees/9ae05dcc-cc09-405c-9934-ab364076aa21/.ai/design-reference/iteration-3/runtime-verified/pairs/U8r6vF-browser.png,/home/agent/projects/cezar/.ai/cezar/worktrees/9ae05dcc-cc09-405c-9934-ab364076aa21/.ai/design-reference/iteration-3/design/U8r6vF.png
U8r6vF,S06. Project settings / Prompt templates · Mobile dark,settings ba089,Project settings,line-height,42px,38px,candidate difference: exact text match; inspect per-node context before changing,/home/agent/projects/cezar/.ai/cezar/worktrees/9ae05dcc-cc09-405c-9934-ab364076aa21/.ai/design-reference/iteration-3/runtime-verified/pairs/U8r6vF-browser.png,/home/agent/projects/cezar/.ai/cezar/worktrees/9ae05dcc-cc09-405c-9934-ab364076aa21/.ai/design-reference/iteration-3/design/U8r6vF.png
U8r6vF,S06. Project settings / Prompt templates · Mobile dark,settings ba089,Prompt templates,font-size,20px,14px|21px,candidate difference: exact text match; inspect per-node context before changing,/home/agent/projects/cezar/.ai/cezar/worktrees/9ae05dcc-cc09-405c-9934-ab364076aa21/.ai/design-reference/iteration-3/runtime-verified/pairs/U8r6vF-browser.png,/home/agent/projects/cezar/.ai/cezar/worktrees/9ae05dcc-cc09-405c-9934-ab364076aa21/.ai/design-reference/iteration-3/design/U8r6vF.png
U8r6vF,S06. Project settings / Prompt templates · Mobile dark,settings ba089,Prompt templates,line-height,30px,21px|32px,candidate difference: exact text match; inspect per-node context before changing,/home/agent/projects/cezar/.ai/cezar/worktrees/9ae05dcc-cc09-405c-9934-ab364076aa21/.ai/design-reference/iteration-3/runtime-verified/pairs/U8r6vF-browser.png,/home/agent/projects/cezar/.ai/cezar/worktrees/9ae05dcc-cc09-405c-9934-ab364076aa21/.ai/design-reference/iteration-3/design/U8r6vF.png
U8r6vF,S06. Project settings / Prompt templates · Mobile dark,settings ba089,Apply automatically with skills,line-height,20px,21px,candidate difference: exact text match; inspect per-node context before changing,/home/agent/projects/cezar/.ai/cezar/worktrees/9ae05dcc-cc09-405c-9934-ab364076aa21/.ai/design-reference/iteration-3/runtime-verified/pairs/U8r6vF-browser.png,/home/agent/projects/cezar/.ai/cezar/worktrees/9ae05dcc-cc09-405c-9934-ab364076aa21/.ai/design-reference/iteration-3/design/U8r6vF.png
U8r6vF,S06. Project settings / Prompt templates · Mobile dark,settings ba089,Delete template,font-size,12.5px,12px,candidate difference: exact text match; inspect per-node context before changing,/home/agent/projects/cezar/.ai/cezar/worktrees/9ae05dcc-cc09-405c-9934-ab364076aa21/.ai/design-reference/iteration-3/runtime-verified/pairs/U8r6vF-browser.png,/home/agent/projects/cezar/.ai/cezar/worktrees/9ae05dcc-cc09-405c-9934-ab364076aa21/.ai/design-reference/iteration-3/design/U8r6vF.png
U8r6vF,S06. Project settings / Prompt templates · Mobile dark,settings ba089,Delete template,font-weight,600,400,candidate difference: exact text match; inspect per-node context before changing,/home/agent/projects/cezar/.ai/cezar/worktrees/9ae05dcc-cc09-405c-9934-ab364076aa21/.ai/design-reference/iteration-3/runtime-verified/pairs/U8r6vF-browser.png,/home/agent/projects/cezar/.ai/cezar/worktrees/9ae05dcc-cc09-405c-9934-ab364076aa21/.ai/design-reference/iteration-3/design/U8r6vF.png
U8r6vF,S06. Project settings / Prompt templates · Mobile dark,settings ba089,Apply automatically with skills,line-height,20px,21px,candidate difference: exact text match; inspect per-node context before changing,/home/agent/projects/cezar/.ai/cezar/worktrees/9ae05dcc-cc09-405c-9934-ab364076aa21/.ai/design-reference/iteration-3/runtime-verified/pairs/U8r6vF-browser.png,/home/agent/projects/cezar/.ai/cezar/worktrees/9ae05dcc-cc09-405c-9934-ab364076aa21/.ai/design-reference/iteration-3/design/U8r6vF.png
U8r6vF,S06. Project settings / Prompt templates · Mobile dark,settings ba089,Delete template,font-size,12.5px,12px,candidate difference: exact text match; inspect per-node context before changing,/home/agent/projects/cezar/.ai/cezar/worktrees/9ae05dcc-cc09-405c-9934-ab364076aa21/.ai/design-reference/iteration-3/runtime-verified/pairs/U8r6vF-browser.png,/home/agent/projects/cezar/.ai/cezar/worktrees/9ae05dcc-cc09-405c-9934-ab364076aa21/.ai/design-reference/iteration-3/design/U8r6vF.png
U8r6vF,S06. Project settings / Prompt templates · Mobile dark,settings ba089,Delete template,font-weight,600,400,candidate difference: exact text match; inspect per-node context before changing,/home/agent/projects/cezar/.ai/cezar/worktrees/9ae05dcc-cc09-405c-9934-ab364076aa21/.ai/design-reference/iteration-3/runtime-verified/pairs/U8r6vF-browser.png,/home/agent/projects/cezar/.ai/cezar/worktrees/9ae05dcc-cc09-405c-9934-ab364076aa21/.ai/design-reference/iteration-3/design/U8r6vF.png
U8r6vF,S06. Project settings / Prompt templates · Mobile dark,settings ba089,Apply automatically with skills,line-height,20px,21px,candidate difference: exact text match; inspect per-node context before changing,/home/agent/projects/cezar/.ai/cezar/worktrees/9ae05dcc-cc09-405c-9934-ab364076aa21/.ai/design-reference/iteration-3/runtime-verified/pairs/U8r6vF-browser.png,/home/agent/projects/cezar/.ai/cezar/worktrees/9ae05dcc-cc09-405c-9934-ab364076aa21/.ai/design-reference/iteration-3/design/U8r6vF.png
U8r6vF,S06. Project settings / Prompt templates · Mobile dark,settings ba089,Delete template,font-size,12.5px,12px,candidate difference: exact text match; inspect per-node context before changing,/home/agent/projects/cezar/.ai/cezar/worktrees/9ae05dcc-cc09-405c-9934-ab364076aa21/.ai/design-reference/iteration-3/runtime-verified/pairs/U8r6vF-browser.png,/home/agent/projects/cezar/.ai/cezar/worktrees/9ae05dcc-cc09-405c-9934-ab364076aa21/.ai/design-reference/iteration-3/design/U8r6vF.png
U8r6vF,S06. Project settings / Prompt templates · Mobile dark,settings ba089,Delete template,font-weight,600,400,candidate difference: exact text match; inspect per-node context before changing,/home/agent/projects/cezar/.ai/cezar/worktrees/9ae05dcc-cc09-405c-9934-ab364076aa21/.ai/design-reference/iteration-3/runtime-verified/pairs/U8r6vF-browser.png,/home/agent/projects/cezar/.ai/cezar/worktrees/9ae05dcc-cc09-405c-9934-ab364076aa21/.ai/design-reference/iteration-3/design/U8r6vF.png
U8r6vF,S06. Project settings / Prompt templates · Mobile dark,settings ba089,Apply automatically with skills,line-height,20px,21px,candidate difference: exact text match; inspect per-node context before changing,/home/agent/projects/cezar/.ai/cezar/worktrees/9ae05dcc-cc09-405c-9934-ab364076aa21/.ai/design-reference/iteration-3/runtime-verified/pairs/U8r6vF-browser.png,/home/agent/projects/cezar/.ai/cezar/worktrees/9ae05dcc-cc09-405c-9934-ab364076aa21/.ai/design-reference/iteration-3/design/U8r6vF.png
U8r6vF,S06. Project settings / Prompt templates · Mobile dark,settings ba089,Delete template,font-size,12.5px,12px,candidate difference: exact text match; inspect per-node context before changing,/home/agent/projects/cezar/.ai/cezar/worktrees/9ae05dcc-cc09-405c-9934-ab364076aa21/.ai/design-reference/iteration-3/runtime-verified/pairs/U8r6vF-browser.png,/home/agent/projects/cezar/.ai/cezar/worktrees/9ae05dcc-cc09-405c-9934-ab364076aa21/.ai/design-reference/iteration-3/design/U8r6vF.png
U8r6vF,S06. Project settings / Prompt templates · Mobile dark,settings ba089,Delete template,font-weight,600,400,candidate difference: exact text match; inspect per-node context before changing,/home/agent/projects/cezar/.ai/cezar/worktrees/9ae05dcc-cc09-405c-9934-ab364076aa21/.ai/design-reference/iteration-3/runtime-verified/pairs/U8r6vF-browser.png,/home/agent/projects/cezar/.ai/cezar/worktrees/9ae05dcc-cc09-405c-9934-ab364076aa21/.ai/design-reference/iteration-3/design/U8r6vF.png
U8r6vF,S06. Project settings / Prompt templates · Mobile dark,settings ba089,Apply automatically with skills,line-height,20px,21px,candidate difference: exact text match; inspect per-node context before changing,/home/agent/projects/cezar/.ai/cezar/worktrees/9ae05dcc-cc09-405c-9934-ab364076aa21/.ai/design-reference/iteration-3/runtime-verified/pairs/U8r6vF-browser.png,/home/agent/projects/cezar/.ai/cezar/worktrees/9ae05dcc-cc09-405c-9934-ab364076aa21/.ai/design-reference/iteration-3/design/U8r6vF.png
U8r6vF,S06. Project settings / Prompt templates · Mobile dark,settings ba089,Delete template,font-size,12.5px,12px,candidate difference: exact text match; inspect per-node context before changing,/home/agent/projects/cezar/.ai/cezar/worktrees/9ae05dcc-cc09-405c-9934-ab364076aa21/.ai/design-reference/iteration-3/runtime-verified/pairs/U8r6vF-browser.png,/home/agent/projects/cezar/.ai/cezar/worktrees/9ae05dcc-cc09-405c-9934-ab364076aa21/.ai/design-reference/iteration-3/design/U8r6vF.png
U8r6vF,S06. Project settings / Prompt templates · Mobile dark,settings ba089,Delete template,font-weight,600,400,candidate difference: exact text match; inspect per-node context before changing,/home/agent/projects/cezar/.ai/cezar/worktrees/9ae05dcc-cc09-405c-9934-ab364076aa21/.ai/design-reference/iteration-3/runtime-verified/pairs/U8r6vF-browser.png,/home/agent/projects/cezar/.ai/cezar/worktrees/9ae05dcc-cc09-405c-9934-ab364076aa21/.ai/design-reference/iteration-3/design/U8r6vF.png
U8r6vF,S06. Project settings / Prompt templates · Mobile dark,settings ba089,Add template,font-size,12.5px,12px,candidate difference: exact text match; inspect per-node context before changing,/home/agent/projects/cezar/.ai/cezar/worktrees/9ae05dcc-cc09-405c-9934-ab364076aa21/.ai/design-reference/iteration-3/runtime-verified/pairs/U8r6vF-browser.png,/home/agent/projects/cezar/.ai/cezar/worktrees/9ae05dcc-cc09-405c-9934-ab364076aa21/.ai/design-reference/iteration-3/design/U8r6vF.png
U8r6vF,S06. Project settings / Prompt templates · Mobile dark,settings ba089,Add template,font-weight,600,400,candidate difference: exact text match; inspect per-node context before changing,/home/agent/projects/cezar/.ai/cezar/worktrees/9ae05dcc-cc09-405c-9934-ab364076aa21/.ai/design-reference/iteration-3/runtime-verified/pairs/U8r6vF-browser.png,/home/agent/projects/cezar/.ai/cezar/worktrees/9ae05dcc-cc09-405c-9934-ab364076aa21/.ai/design-reference/iteration-3/design/U8r6vF.png
ZavY5,S09. Global settings / Notifications · Mobile dark,settings ba089,Global settings,font-size,28px,25px,candidate difference: exact text match; inspect per-node context before changing,/home/agent/projects/cezar/.ai/cezar/worktrees/9ae05dcc-cc09-405c-9934-ab364076aa21/.ai/design-reference/iteration-3/runtime-verified/pairs/ZavY5-browser.png,/home/agent/projects/cezar/.ai/cezar/worktrees/9ae05dcc-cc09-405c-9934-ab364076aa21/.ai/design-reference/iteration-3/design/ZavY5.png
ZavY5,S09. Global settings / Notifications · Mobile dark,settings ba089,Global settings,font-weight,600,400,candidate difference: exact text match; inspect per-node context before changing,/home/agent/projects/cezar/.ai/cezar/worktrees/9ae05dcc-cc09-405c-9934-ab364076aa21/.ai/design-reference/iteration-3/runtime-verified/pairs/ZavY5-browser.png,/home/agent/projects/cezar/.ai/cezar/worktrees/9ae05dcc-cc09-405c-9934-ab364076aa21/.ai/design-reference/iteration-3/design/ZavY5.png
ZavY5,S09. Global settings / Notifications · Mobile dark,settings ba089,Global settings,line-height,42px,38px,candidate difference: exact text match; inspect per-node context before changing,/home/agent/projects/cezar/.ai/cezar/worktrees/9ae05dcc-cc09-405c-9934-ab364076aa21/.ai/design-reference/iteration-3/runtime-verified/pairs/ZavY5-browser.png,/home/agent/projects/cezar/.ai/cezar/worktrees/9ae05dcc-cc09-405c-9934-ab364076aa21/.ai/design-reference/iteration-3/design/ZavY5.png
ZavY5,S09. Global settings / Notifications · Mobile dark,settings ba089,Notifications,font-size,20px,14px|21px,candidate difference: exact text match; inspect per-node context before changing,/home/agent/projects/cezar/.ai/cezar/worktrees/9ae05dcc-cc09-405c-9934-ab364076aa21/.ai/design-reference/iteration-3/runtime-verified/pairs/ZavY5-browser.png,/home/agent/projects/cezar/.ai/cezar/worktrees/9ae05dcc-cc09-405c-9934-ab364076aa21/.ai/design-reference/iteration-3/design/ZavY5.png
ZavY5,S09. Global settings / Notifications · Mobile dark,settings ba089,Notifications,line-height,30px,21px|32px,candidate difference: exact text match; inspect per-node context before changing,/home/agent/projects/cezar/.ai/cezar/worktrees/9ae05dcc-cc09-405c-9934-ab364076aa21/.ai/design-reference/iteration-3/runtime-verified/pairs/ZavY5-browser.png,/home/agent/projects/cezar/.ai/cezar/worktrees/9ae05dcc-cc09-405c-9934-ab364076aa21/.ai/design-reference/iteration-3/design/ZavY5.png
ZavY5,S09. Global settings / Notifications · Mobile dark,settings ba089,Notify when an agent needs you,font-weight,600,400,candidate difference: exact text match; inspect per-node context before changing,/home/agent/projects/cezar/.ai/cezar/worktrees/9ae05dcc-cc09-405c-9934-ab364076aa21/.ai/design-reference/iteration-3/runtime-verified/pairs/ZavY5-browser.png,/home/agent/projects/cezar/.ai/cezar/worktrees/9ae05dcc-cc09-405c-9934-ab364076aa21/.ai/design-reference/iteration-3/design/ZavY5.png
ZavY5,S09. Global settings / Notifications · Mobile dark,settings ba089,Notify when an agent needs you,line-height,20px,21px,candidate difference: exact text match; inspect per-node context before changing,/home/agent/projects/cezar/.ai/cezar/worktrees/9ae05dcc-cc09-405c-9934-ab364076aa21/.ai/design-reference/iteration-3/runtime-verified/pairs/ZavY5-browser.png,/home/agent/projects/cezar/.ai/cezar/worktrees/9ae05dcc-cc09-405c-9934-ab364076aa21/.ai/design-reference/iteration-3/design/ZavY5.png
ZavY5,S09. Global settings / Notifications · Mobile dark,settings ba089,Permission is requested only when you enable notifications.,font-size,13px,12px,candidate difference: exact text match; inspect per-node context before changing,/home/agent/projects/cezar/.ai/cezar/worktrees/9ae05dcc-cc09-405c-9934-ab364076aa21/.ai/design-reference/iteration-3/runtime-verified/pairs/ZavY5-browser.png,/home/agent/projects/cezar/.ai/cezar/worktrees/9ae05dcc-cc09-405c-9934-ab364076aa21/.ai/design-reference/iteration-3/design/ZavY5.png
ZavY5,S09. Global settings / Notifications · Mobile dark,settings ba089,Permission is requested only when you enable notifications.,line-height,19.5px,18px,candidate difference: exact text match; inspect per-node context before changing,/home/agent/projects/cezar/.ai/cezar/worktrees/9ae05dcc-cc09-405c-9934-ab364076aa21/.ai/design-reference/iteration-3/runtime-verified/pairs/ZavY5-browser.png,/home/agent/projects/cezar/.ai/cezar/worktrees/9ae05dcc-cc09-405c-9934-ab364076aa21/.ai/design-reference/iteration-3/design/ZavY5.png
kyWF8,S11. Global settings / Skills · Mobile dark,settings ba089,Global settings,font-size,28px,25px,candidate difference: exact text match; inspect per-node context before changing,/home/agent/projects/cezar/.ai/cezar/worktrees/9ae05dcc-cc09-405c-9934-ab364076aa21/.ai/design-reference/iteration-3/runtime-verified/pairs/kyWF8-browser.png,/home/agent/projects/cezar/.ai/cezar/worktrees/9ae05dcc-cc09-405c-9934-ab364076aa21/.ai/design-reference/iteration-3/design/kyWF8.png
kyWF8,S11. Global settings / Skills · Mobile dark,settings ba089,Global settings,font-weight,600,400,candidate difference: exact text match; inspect per-node context before changing,/home/agent/projects/cezar/.ai/cezar/worktrees/9ae05dcc-cc09-405c-9934-ab364076aa21/.ai/design-reference/iteration-3/runtime-verified/pairs/kyWF8-browser.png,/home/agent/projects/cezar/.ai/cezar/worktrees/9ae05dcc-cc09-405c-9934-ab364076aa21/.ai/design-reference/iteration-3/design/kyWF8.png
kyWF8,S11. Global settings / Skills · Mobile dark,settings ba089,Global settings,line-height,42px,38px,candidate difference: exact text match; inspect per-node context before changing,/home/agent/projects/cezar/.ai/cezar/worktrees/9ae05dcc-cc09-405c-9934-ab364076aa21/.ai/design-reference/iteration-3/runtime-verified/pairs/kyWF8-browser.png,/home/agent/projects/cezar/.ai/cezar/worktrees/9ae05dcc-cc09-405c-9934-ab364076aa21/.ai/design-reference/iteration-3/design/kyWF8.png
kyWF8,S11. Global settings / Skills · Mobile dark,settings ba089,Skills,font-size,20px,14px|21px,candidate difference: exact text match; inspect per-node context before changing,/home/agent/projects/cezar/.ai/cezar/worktrees/9ae05dcc-cc09-405c-9934-ab364076aa21/.ai/design-reference/iteration-3/runtime-verified/pairs/kyWF8-browser.png,/home/agent/projects/cezar/.ai/cezar/worktrees/9ae05dcc-cc09-405c-9934-ab364076aa21/.ai/design-reference/iteration-3/design/kyWF8.png
kyWF8,S11. Global settings / Skills · Mobile dark,settings ba089,Skills,line-height,30px,21px|32px,candidate difference: exact text match; inspect per-node context before changing,/home/agent/projects/cezar/.ai/cezar/worktrees/9ae05dcc-cc09-405c-9934-ab364076aa21/.ai/design-reference/iteration-3/runtime-verified/pairs/kyWF8-browser.png,/home/agent/projects/cezar/.ai/cezar/worktrees/9ae05dcc-cc09-405c-9934-ab364076aa21/.ai/design-reference/iteration-3/design/kyWF8.png
kyWF8,S11. Global settings / Skills · Mobile dark,settings ba089,Update Open Mercato skills automatically,font-weight,600,400,candidate difference: exact text match; inspect per-node context before changing,/home/agent/projects/cezar/.ai/cezar/worktrees/9ae05dcc-cc09-405c-9934-ab364076aa21/.ai/design-reference/iteration-3/runtime-verified/pairs/kyWF8-browser.png,/home/agent/projects/cezar/.ai/cezar/worktrees/9ae05dcc-cc09-405c-9934-ab364076aa21/.ai/design-reference/iteration-3/design/kyWF8.png
kyWF8,S11. Global settings / Skills · Mobile dark,settings ba089,Update Open Mercato skills automatically,line-height,20px,21px,candidate difference: exact text match; inspect per-node context before changing,/home/agent/projects/cezar/.ai/cezar/worktrees/9ae05dcc-cc09-405c-9934-ab364076aa21/.ai/design-reference/iteration-3/runtime-verified/pairs/kyWF8-browser.png,/home/agent/projects/cezar/.ai/cezar/worktrees/9ae05dcc-cc09-405c-9934-ab364076aa21/.ai/design-reference/iteration-3/design/kyWF8.png
kyWF8,S11. Global settings / Skills · Mobile dark,settings ba089,Manage installed skills and sources from the Skills catalog.,line-height,19.5px,20px,candidate difference: exact text match; inspect per-node context before changing,/home/agent/projects/cezar/.ai/cezar/worktrees/9ae05dcc-cc09-405c-9934-ab364076aa21/.ai/design-reference/iteration-3/runtime-verified/pairs/kyWF8-browser.png,/home/agent/projects/cezar/.ai/cezar/worktrees/9ae05dcc-cc09-405c-9934-ab364076aa21/.ai/design-reference/iteration-3/design/kyWF8.png
XalAH,S12. Global settings / Agent accounts · Mobile dark,settings ba089,Global settings,font-size,28px,25px,candidate difference: exact text match; inspect per-node context before changing,/home/agent/projects/cezar/.ai/cezar/worktrees/9ae05dcc-cc09-405c-9934-ab364076aa21/.ai/design-reference/iteration-3/runtime-verified/pairs/XalAH-browser.png,/home/agent/projects/cezar/.ai/cezar/worktrees/9ae05dcc-cc09-405c-9934-ab364076aa21/.ai/design-reference/iteration-3/design/XalAH.png
XalAH,S12. Global settings / Agent accounts · Mobile dark,settings ba089,Global settings,font-weight,600,400,candidate difference: exact text match; inspect per-node context before changing,/home/agent/projects/cezar/.ai/cezar/worktrees/9ae05dcc-cc09-405c-9934-ab364076aa21/.ai/design-reference/iteration-3/runtime-verified/pairs/XalAH-browser.png,/home/agent/projects/cezar/.ai/cezar/worktrees/9ae05dcc-cc09-405c-9934-ab364076aa21/.ai/design-reference/iteration-3/design/XalAH.png
XalAH,S12. Global settings / Agent accounts · Mobile dark,settings ba089,Global settings,line-height,42px,38px,candidate difference: exact text match; inspect per-node context before changing,/home/agent/projects/cezar/.ai/cezar/worktrees/9ae05dcc-cc09-405c-9934-ab364076aa21/.ai/design-reference/iteration-3/runtime-verified/pairs/XalAH-browser.png,/home/agent/projects/cezar/.ai/cezar/worktrees/9ae05dcc-cc09-405c-9934-ab364076aa21/.ai/design-reference/iteration-3/design/XalAH.png
XalAH,S12. Global settings / Agent accounts · Mobile dark,settings ba089,Agent accounts,font-size,20px,14px|21px,candidate difference: exact text match; inspect per-node context before changing,/home/agent/projects/cezar/.ai/cezar/worktrees/9ae05dcc-cc09-405c-9934-ab364076aa21/.ai/design-reference/iteration-3/runtime-verified/pairs/XalAH-browser.png,/home/agent/projects/cezar/.ai/cezar/worktrees/9ae05dcc-cc09-405c-9934-ab364076aa21/.ai/design-reference/iteration-3/design/XalAH.png
XalAH,S12. Global settings / Agent accounts · Mobile dark,settings ba089,Agent accounts,line-height,30px,21px|32px,candidate difference: exact text match; inspect per-node context before changing,/home/agent/projects/cezar/.ai/cezar/worktrees/9ae05dcc-cc09-405c-9934-ab364076aa21/.ai/design-reference/iteration-3/runtime-verified/pairs/XalAH-browser.png,/home/agent/projects/cezar/.ai/cezar/worktrees/9ae05dcc-cc09-405c-9934-ab364076aa21/.ai/design-reference/iteration-3/design/XalAH.png
XalAH,S12. Global settings / Agent accounts · Mobile dark,settings ba089,Claude Code,font-size,12.5px,14px,candidate difference: exact text match; inspect per-node context before changing,/home/agent/projects/cezar/.ai/cezar/worktrees/9ae05dcc-cc09-405c-9934-ab364076aa21/.ai/design-reference/iteration-3/runtime-verified/pairs/XalAH-browser.png,/home/agent/projects/cezar/.ai/cezar/worktrees/9ae05dcc-cc09-405c-9934-ab364076aa21/.ai/design-reference/iteration-3/design/XalAH.png
XalAH,S12. Global settings / Agent accounts · Mobile dark,settings ba089,Claude Code,font-weight,600,400,candidate difference: exact text match; inspect per-node context before changing,/home/agent/projects/cezar/.ai/cezar/worktrees/9ae05dcc-cc09-405c-9934-ab364076aa21/.ai/design-reference/iteration-3/runtime-verified/pairs/XalAH-browser.png,/home/agent/projects/cezar/.ai/cezar/worktrees/9ae05dcc-cc09-405c-9934-ab364076aa21/.ai/design-reference/iteration-3/design/XalAH.png
XalAH,S12. Global settings / Agent accounts · Mobile dark,settings ba089,Claude Code,line-height,18.75px,21px,candidate difference: exact text match; inspect per-node context before changing,/home/agent/projects/cezar/.ai/cezar/worktrees/9ae05dcc-cc09-405c-9934-ab364076aa21/.ai/design-reference/iteration-3/runtime-verified/pairs/XalAH-browser.png,/home/agent/projects/cezar/.ai/cezar/worktrees/9ae05dcc-cc09-405c-9934-ab364076aa21/.ai/design-reference/iteration-3/design/XalAH.png
XalAH,S12. Global settings / Agent accounts · Mobile dark,settings ba089,Codex,font-size,12.5px,12px|14px,candidate difference: exact text match; inspect per-node context before changing,/home/agent/projects/cezar/.ai/cezar/worktrees/9ae05dcc-cc09-405c-9934-ab364076aa21/.ai/design-reference/iteration-3/runtime-verified/pairs/XalAH-browser.png,/home/agent/projects/cezar/.ai/cezar/worktrees/9ae05dcc-cc09-405c-9934-ab364076aa21/.ai/design-reference/iteration-3/design/XalAH.png
XalAH,S12. Global settings / Agent accounts · Mobile dark,settings ba089,Codex,font-weight,500,400,candidate difference: exact text match; inspect per-node context before changing,/home/agent/projects/cezar/.ai/cezar/worktrees/9ae05dcc-cc09-405c-9934-ab364076aa21/.ai/design-reference/iteration-3/runtime-verified/pairs/XalAH-browser.png,/home/agent/projects/cezar/.ai/cezar/worktrees/9ae05dcc-cc09-405c-9934-ab364076aa21/.ai/design-reference/iteration-3/design/XalAH.png
XalAH,S12. Global settings / Agent accounts · Mobile dark,settings ba089,Add account,font-size,12.5px,12px,candidate difference: exact text match; inspect per-node context before changing,/home/agent/projects/cezar/.ai/cezar/worktrees/9ae05dcc-cc09-405c-9934-ab364076aa21/.ai/design-reference/iteration-3/runtime-verified/pairs/XalAH-browser.png,/home/agent/projects/cezar/.ai/cezar/worktrees/9ae05dcc-cc09-405c-9934-ab364076aa21/.ai/design-reference/iteration-3/design/XalAH.png
XalAH,S12. Global settings / Agent accounts · Mobile dark,settings ba089,Add account,font-weight,600,400,candidate difference: exact text match; inspect per-node context before changing,/home/agent/projects/cezar/.ai/cezar/worktrees/9ae05dcc-cc09-405c-9934-ab364076aa21/.ai/design-reference/iteration-3/runtime-verified/pairs/XalAH-browser.png,/home/agent/projects/cezar/.ai/cezar/worktrees/9ae05dcc-cc09-405c-9934-ab364076aa21/.ai/design-reference/iteration-3/design/XalAH.png
iWYPL,S13. Global settings / Projects · Mobile dark,settings ba089,Global settings,font-size,28px,25px,candidate difference: exact text match; inspect per-node context before changing,/home/agent/projects/cezar/.ai/cezar/worktrees/9ae05dcc-cc09-405c-9934-ab364076aa21/.ai/design-reference/iteration-3/runtime-verified/pairs/iWYPL-browser.png,/home/agent/projects/cezar/.ai/cezar/worktrees/9ae05dcc-cc09-405c-9934-ab364076aa21/.ai/design-reference/iteration-3/design/iWYPL.png
iWYPL,S13. Global settings / Projects · Mobile dark,settings ba089,Global settings,font-weight,600,400,candidate difference: exact text match; inspect per-node context before changing,/home/agent/projects/cezar/.ai/cezar/worktrees/9ae05dcc-cc09-405c-9934-ab364076aa21/.ai/design-reference/iteration-3/runtime-verified/pairs/iWYPL-browser.png,/home/agent/projects/cezar/.ai/cezar/worktrees/9ae05dcc-cc09-405c-9934-ab364076aa21/.ai/design-reference/iteration-3/design/iWYPL.png
iWYPL,S13. Global settings / Projects · Mobile dark,settings ba089,Global settings,line-height,42px,38px,candidate difference: exact text match; inspect per-node context before changing,/home/agent/projects/cezar/.ai/cezar/worktrees/9ae05dcc-cc09-405c-9934-ab364076aa21/.ai/design-reference/iteration-3/runtime-verified/pairs/iWYPL-browser.png,/home/agent/projects/cezar/.ai/cezar/worktrees/9ae05dcc-cc09-405c-9934-ab364076aa21/.ai/design-reference/iteration-3/design/iWYPL.png
iWYPL,S13. Global settings / Projects · Mobile dark,settings ba089,Projects,font-size,20px,14px|21px,candidate difference: exact text match; inspect per-node context before changing,/home/agent/projects/cezar/.ai/cezar/worktrees/9ae05dcc-cc09-405c-9934-ab364076aa21/.ai/design-reference/iteration-3/runtime-verified/pairs/iWYPL-browser.png,/home/agent/projects/cezar/.ai/cezar/worktrees/9ae05dcc-cc09-405c-9934-ab364076aa21/.ai/design-reference/iteration-3/design/iWYPL.png
iWYPL,S13. Global settings / Projects · Mobile dark,settings ba089,Projects,line-height,30px,21px|32px,candidate difference: exact text match; inspect per-node context before changing,/home/agent/projects/cezar/.ai/cezar/worktrees/9ae05dcc-cc09-405c-9934-ab364076aa21/.ai/design-reference/iteration-3/runtime-verified/pairs/iWYPL-browser.png,/home/agent/projects/cezar/.ai/cezar/worktrees/9ae05dcc-cc09-405c-9934-ab364076aa21/.ai/design-reference/iteration-3/design/iWYPL.png
iWYPL,S13. Global settings / Projects · Mobile dark,settings ba089,Default browse folder,line-height,20px,21px,candidate difference: exact text match; inspect per-node context before changing,/home/agent/projects/cezar/.ai/cezar/worktrees/9ae05dcc-cc09-405c-9934-ab364076aa21/.ai/design-reference/iteration-3/runtime-verified/pairs/iWYPL-browser.png,/home/agent/projects/cezar/.ai/cezar/worktrees/9ae05dcc-cc09-405c-9934-ab364076aa21/.ai/design-reference/iteration-3/design/iWYPL.png
iWYPL,S13. Global settings / Projects · Mobile dark,settings ba089,Default checkout folder,line-height,20px,21px,candidate difference: exact text match; inspect per-node context before changing,/home/agent/projects/cezar/.ai/cezar/worktrees/9ae05dcc-cc09-405c-9934-ab364076aa21/.ai/design-reference/iteration-3/runtime-verified/pairs/iWYPL-browser.png,/home/agent/projects/cezar/.ai/cezar/worktrees/9ae05dcc-cc09-405c-9934-ab364076aa21/.ai/design-reference/iteration-3/design/iWYPL.png
iWYPL,S13. Global settings / Projects · Mobile dark,settings ba089,Registered projects,font-size,14px,18px,candidate difference: exact text match; inspect per-node context before changing,/home/agent/projects/cezar/.ai/cezar/worktrees/9ae05dcc-cc09-405c-9934-ab364076aa21/.ai/design-reference/iteration-3/runtime-verified/pairs/iWYPL-browser.png,/home/agent/projects/cezar/.ai/cezar/worktrees/9ae05dcc-cc09-405c-9934-ab364076aa21/.ai/design-reference/iteration-3/design/iWYPL.png
iWYPL,S13. Global settings / Projects · Mobile dark,settings ba089,Registered projects,line-height,20px,27px,candidate difference: exact text match; inspect per-node context before changing,/home/agent/projects/cezar/.ai/cezar/worktrees/9ae05dcc-cc09-405c-9934-ab364076aa21/.ai/design-reference/iteration-3/runtime-verified/pairs/iWYPL-browser.png,/home/agent/projects/cezar/.ai/cezar/worktrees/9ae05dcc-cc09-405c-9934-ab364076aa21/.ai/design-reference/iteration-3/design/iWYPL.png
wC1Sd,S05. Project settings / Bookmarklets · Desktop dark,settings ba089,Project settings,font-size,28px,13px|30px,candidate difference: exact text match; inspect per-node context before changing,/home/agent/projects/cezar/.ai/cezar/worktrees/9ae05dcc-cc09-405c-9934-ab364076aa21/.ai/design-reference/iteration-3/runtime-verified/pairs/wC1Sd-browser.png,/home/agent/projects/cezar/.ai/cezar/worktrees/9ae05dcc-cc09-405c-9934-ab364076aa21/.ai/design-reference/iteration-3/design/wC1Sd.png
wC1Sd,S05. Project settings / Bookmarklets · Desktop dark,settings ba089,Bookmarklets,font-size,20px,12px|22px,candidate difference: exact text match; inspect per-node context before changing,/home/agent/projects/cezar/.ai/cezar/worktrees/9ae05dcc-cc09-405c-9934-ab364076aa21/.ai/design-reference/iteration-3/runtime-verified/pairs/wC1Sd-browser.png,/home/agent/projects/cezar/.ai/cezar/worktrees/9ae05dcc-cc09-405c-9934-ab364076aa21/.ai/design-reference/iteration-3/design/wC1Sd.png
wC1Sd,S05. Project settings / Bookmarklets · Desktop dark,settings ba089,Run from GitHub,font-size,20px,18px,candidate difference: exact text match; inspect per-node context before changing,/home/agent/projects/cezar/.ai/cezar/worktrees/9ae05dcc-cc09-405c-9934-ab364076aa21/.ai/design-reference/iteration-3/runtime-verified/pairs/wC1Sd-browser.png,/home/agent/projects/cezar/.ai/cezar/worktrees/9ae05dcc-cc09-405c-9934-ab364076aa21/.ai/design-reference/iteration-3/design/wC1Sd.png
wC1Sd,S05. Project settings / Bookmarklets · Desktop dark,settings ba089,Run from GitHub,font-weight,600,400,candidate difference: exact text match; inspect per-node context before changing,/home/agent/projects/cezar/.ai/cezar/worktrees/9ae05dcc-cc09-405c-9934-ab364076aa21/.ai/design-reference/iteration-3/runtime-verified/pairs/wC1Sd-browser.png,/home/agent/projects/cezar/.ai/cezar/worktrees/9ae05dcc-cc09-405c-9934-ab364076aa21/.ai/design-reference/iteration-3/design/wC1Sd.png
wC1Sd,S05. Project settings / Bookmarklets · Desktop dark,settings ba089,Run from GitHub,line-height,28px,27px,candidate difference: exact text match; inspect per-node context before changing,/home/agent/projects/cezar/.ai/cezar/worktrees/9ae05dcc-cc09-405c-9934-ab364076aa21/.ai/design-reference/iteration-3/runtime-verified/pairs/wC1Sd-browser.png,/home/agent/projects/cezar/.ai/cezar/worktrees/9ae05dcc-cc09-405c-9934-ab364076aa21/.ai/design-reference/iteration-3/design/wC1Sd.png
eWOxf,S05. Project settings / Bookmarklets · Mobile dark,settings ba089,Project settings,font-size,28px,25px,candidate difference: exact text match; inspect per-node context before changing,/home/agent/projects/cezar/.ai/cezar/worktrees/9ae05dcc-cc09-405c-9934-ab364076aa21/.ai/design-reference/iteration-3/runtime-verified/pairs/eWOxf-browser.png,/home/agent/projects/cezar/.ai/cezar/worktrees/9ae05dcc-cc09-405c-9934-ab364076aa21/.ai/design-reference/iteration-3/design/eWOxf.png
eWOxf,S05. Project settings / Bookmarklets · Mobile dark,settings ba089,Project settings,font-weight,600,400,candidate difference: exact text match; inspect per-node context before changing,/home/agent/projects/cezar/.ai/cezar/worktrees/9ae05dcc-cc09-405c-9934-ab364076aa21/.ai/design-reference/iteration-3/runtime-verified/pairs/eWOxf-browser.png,/home/agent/projects/cezar/.ai/cezar/worktrees/9ae05dcc-cc09-405c-9934-ab364076aa21/.ai/design-reference/iteration-3/design/eWOxf.png
eWOxf,S05. Project settings / Bookmarklets · Mobile dark,settings ba089,Project settings,line-height,42px,38px,candidate difference: exact text match; inspect per-node context before changing,/home/agent/projects/cezar/.ai/cezar/worktrees/9ae05dcc-cc09-405c-9934-ab364076aa21/.ai/design-reference/iteration-3/runtime-verified/pairs/eWOxf-browser.png,/home/agent/projects/cezar/.ai/cezar/worktrees/9ae05dcc-cc09-405c-9934-ab364076aa21/.ai/design-reference/iteration-3/design/eWOxf.png
eWOxf,S05. Project settings / Bookmarklets · Mobile dark,settings ba089,Bookmarklets,font-size,20px,14px|22px,candidate difference: exact text match; inspect per-node context before changing,/home/agent/projects/cezar/.ai/cezar/worktrees/9ae05dcc-cc09-405c-9934-ab364076aa21/.ai/design-reference/iteration-3/runtime-verified/pairs/eWOxf-browser.png,/home/agent/projects/cezar/.ai/cezar/worktrees/9ae05dcc-cc09-405c-9934-ab364076aa21/.ai/design-reference/iteration-3/design/eWOxf.png
eWOxf,S05. Project settings / Bookmarklets · Mobile dark,settings ba089,Bookmarklets,line-height,30px,21px|33px,candidate difference: exact text match; inspect per-node context before changing,/home/agent/projects/cezar/.ai/cezar/worktrees/9ae05dcc-cc09-405c-9934-ab364076aa21/.ai/design-reference/iteration-3/runtime-verified/pairs/eWOxf-browser.png,/home/agent/projects/cezar/.ai/cezar/worktrees/9ae05dcc-cc09-405c-9934-ab364076aa21/.ai/design-reference/iteration-3/design/eWOxf.png
eWOxf,S05. Project settings / Bookmarklets · Mobile dark,settings ba089,Run from GitHub,font-size,20px,18px,candidate difference: exact text match; inspect per-node context before changing,/home/agent/projects/cezar/.ai/cezar/worktrees/9ae05dcc-cc09-405c-9934-ab364076aa21/.ai/design-reference/iteration-3/runtime-verified/pairs/eWOxf-browser.png,/home/agent/projects/cezar/.ai/cezar/worktrees/9ae05dcc-cc09-405c-9934-ab364076aa21/.ai/design-reference/iteration-3/design/eWOxf.png
eWOxf,S05. Project settings / Bookmarklets · Mobile dark,settings ba089,Run from GitHub,font-weight,600,400,candidate difference: exact text match; inspect per-node context before changing,/home/agent/projects/cezar/.ai/cezar/worktrees/9ae05dcc-cc09-405c-9934-ab364076aa21/.ai/design-reference/iteration-3/runtime-verified/pairs/eWOxf-browser.png,/home/agent/projects/cezar/.ai/cezar/worktrees/9ae05dcc-cc09-405c-9934-ab364076aa21/.ai/design-reference/iteration-3/design/eWOxf.png
eWOxf,S05. Project settings / Bookmarklets · Mobile dark,settings ba089,Run from GitHub,line-height,28px,27px,candidate difference: exact text match; inspect per-node context before changing,/home/agent/projects/cezar/.ai/cezar/worktrees/9ae05dcc-cc09-405c-9934-ab364076aa21/.ai/design-reference/iteration-3/runtime-verified/pairs/eWOxf-browser.png,/home/agent/projects/cezar/.ai/cezar/worktrees/9ae05dcc-cc09-405c-9934-ab364076aa21/.ai/design-reference/iteration-3/design/eWOxf.png
n27mE,S08. Global settings / Appearance · Desktop dark,settings ba089,Global settings,font-size,28px,13px|30px,candidate difference: exact text match; inspect per-node context before changing,/home/agent/projects/cezar/.ai/cezar/worktrees/9ae05dcc-cc09-405c-9934-ab364076aa21/.ai/design-reference/iteration-3/runtime-verified/pairs/n27mE-browser.png,/home/agent/projects/cezar/.ai/cezar/worktrees/9ae05dcc-cc09-405c-9934-ab364076aa21/.ai/design-reference/iteration-3/design/n27mE.png
n27mE,S08. Global settings / Appearance · Desktop dark,settings ba089,"Preferences for you and this machine, shared by every project.",line-height,19.5px,21px,candidate difference: exact text match; inspect per-node context before changing,/home/agent/projects/cezar/.ai/cezar/worktrees/9ae05dcc-cc09-405c-9934-ab364076aa21/.ai/design-reference/iteration-3/runtime-verified/pairs/n27mE-browser.png,/home/agent/projects/cezar/.ai/cezar/worktrees/9ae05dcc-cc09-405c-9934-ab364076aa21/.ai/design-reference/iteration-3/design/n27mE.png
n27mE,S08. Global settings / Appearance · Desktop dark,settings ba089,Appearance,font-size,20px,12px|22px,candidate difference: exact text match; inspect per-node context before changing,/home/agent/projects/cezar/.ai/cezar/worktrees/9ae05dcc-cc09-405c-9934-ab364076aa21/.ai/design-reference/iteration-3/runtime-verified/pairs/n27mE-browser.png,/home/agent/projects/cezar/.ai/cezar/worktrees/9ae05dcc-cc09-405c-9934-ab364076aa21/.ai/design-reference/iteration-3/design/n27mE.png
n27mE,S08. Global settings / Appearance · Desktop dark,settings ba089,Theme,font-size,14px,16px,candidate difference: exact text match; inspect per-node context before changing,/home/agent/projects/cezar/.ai/cezar/worktrees/9ae05dcc-cc09-405c-9934-ab364076aa21/.ai/design-reference/iteration-3/runtime-verified/pairs/n27mE-browser.png,/home/agent/projects/cezar/.ai/cezar/worktrees/9ae05dcc-cc09-405c-9934-ab364076aa21/.ai/design-reference/iteration-3/design/n27mE.png
n27mE,S08. Global settings / Appearance · Desktop dark,settings ba089,Theme,font-weight,600,400,candidate difference: exact text match; inspect per-node context before changing,/home/agent/projects/cezar/.ai/cezar/worktrees/9ae05dcc-cc09-405c-9934-ab364076aa21/.ai/design-reference/iteration-3/runtime-verified/pairs/n27mE-browser.png,/home/agent/projects/cezar/.ai/cezar/worktrees/9ae05dcc-cc09-405c-9934-ab364076aa21/.ai/design-reference/iteration-3/design/n27mE.png
n27mE,S08. Global settings / Appearance · Desktop dark,settings ba089,Theme,line-height,20px,24px,candidate difference: exact text match; inspect per-node context before changing,/home/agent/projects/cezar/.ai/cezar/worktrees/9ae05dcc-cc09-405c-9934-ab364076aa21/.ai/design-reference/iteration-3/runtime-verified/pairs/n27mE-browser.png,/home/agent/projects/cezar/.ai/cezar/worktrees/9ae05dcc-cc09-405c-9934-ab364076aa21/.ai/design-reference/iteration-3/design/n27mE.png
n27mE,S08. Global settings / Appearance · Desktop dark,settings ba089,System,font-size,13px,12px,candidate difference: exact text match; inspect per-node context before changing,/home/agent/projects/cezar/.ai/cezar/worktrees/9ae05dcc-cc09-405c-9934-ab364076aa21/.ai/design-reference/iteration-3/runtime-verified/pairs/n27mE-browser.png,/home/agent/projects/cezar/.ai/cezar/worktrees/9ae05dcc-cc09-405c-9934-ab364076aa21/.ai/design-reference/iteration-3/design/n27mE.png
n27mE,S08. Global settings / Appearance · Desktop dark,settings ba089,Light,font-size,13px,12px,candidate difference: exact text match; inspect per-node context before changing,/home/agent/projects/cezar/.ai/cezar/worktrees/9ae05dcc-cc09-405c-9934-ab364076aa21/.ai/design-reference/iteration-3/runtime-verified/pairs/n27mE-browser.png,/home/agent/projects/cezar/.ai/cezar/worktrees/9ae05dcc-cc09-405c-9934-ab364076aa21/.ai/design-reference/iteration-3/design/n27mE.png
n27mE,S08. Global settings / Appearance · Desktop dark,settings ba089,Dark,font-size,13px,12px,candidate difference: exact text match; inspect per-node context before changing,/home/agent/projects/cezar/.ai/cezar/worktrees/9ae05dcc-cc09-405c-9934-ab364076aa21/.ai/design-reference/iteration-3/runtime-verified/pairs/n27mE-browser.png,/home/agent/projects/cezar/.ai/cezar/worktrees/9ae05dcc-cc09-405c-9934-ab364076aa21/.ai/design-reference/iteration-3/design/n27mE.png
n27mE,S08. Global settings / Appearance · Desktop dark,settings ba089,Density,font-size,14px,16px,candidate difference: exact text match; inspect per-node context before changing,/home/agent/projects/cezar/.ai/cezar/worktrees/9ae05dcc-cc09-405c-9934-ab364076aa21/.ai/design-reference/iteration-3/runtime-verified/pairs/n27mE-browser.png,/home/agent/projects/cezar/.ai/cezar/worktrees/9ae05dcc-cc09-405c-9934-ab364076aa21/.ai/design-reference/iteration-3/design/n27mE.png
n27mE,S08. Global settings / Appearance · Desktop dark,settings ba089,Density,font-weight,600,400,candidate difference: exact text match; inspect per-node context before changing,/home/agent/projects/cezar/.ai/cezar/worktrees/9ae05dcc-cc09-405c-9934-ab364076aa21/.ai/design-reference/iteration-3/runtime-verified/pairs/n27mE-browser.png,/home/agent/projects/cezar/.ai/cezar/worktrees/9ae05dcc-cc09-405c-9934-ab364076aa21/.ai/design-reference/iteration-3/design/n27mE.png
n27mE,S08. Global settings / Appearance · Desktop dark,settings ba089,Density,line-height,20px,24px,candidate difference: exact text match; inspect per-node context before changing,/home/agent/projects/cezar/.ai/cezar/worktrees/9ae05dcc-cc09-405c-9934-ab364076aa21/.ai/design-reference/iteration-3/runtime-verified/pairs/n27mE-browser.png,/home/agent/projects/cezar/.ai/cezar/worktrees/9ae05dcc-cc09-405c-9934-ab364076aa21/.ai/design-reference/iteration-3/design/n27mE.png
n27mE,S08. Global settings / Appearance · Desktop dark,settings ba089,Comfortable,font-size,13px,12px,candidate difference: exact text match; inspect per-node context before changing,/home/agent/projects/cezar/.ai/cezar/worktrees/9ae05dcc-cc09-405c-9934-ab364076aa21/.ai/design-reference/iteration-3/runtime-verified/pairs/n27mE-browser.png,/home/agent/projects/cezar/.ai/cezar/worktrees/9ae05dcc-cc09-405c-9934-ab364076aa21/.ai/design-reference/iteration-3/design/n27mE.png
n27mE,S08. Global settings / Appearance · Desktop dark,settings ba089,Compact,font-size,13px,12px,candidate difference: exact text match; inspect per-node context before changing,/home/agent/projects/cezar/.ai/cezar/worktrees/9ae05dcc-cc09-405c-9934-ab364076aa21/.ai/design-reference/iteration-3/runtime-verified/pairs/n27mE-browser.png,/home/agent/projects/cezar/.ai/cezar/worktrees/9ae05dcc-cc09-405c-9934-ab364076aa21/.ai/design-reference/iteration-3/design/n27mE.png
n27mE,S08. Global settings / Appearance · Desktop dark,settings ba089,Compact for real,font-size,13px,12px,candidate difference: exact text match; inspect per-node context before changing,/home/agent/projects/cezar/.ai/cezar/worktrees/9ae05dcc-cc09-405c-9934-ab364076aa21/.ai/design-reference/iteration-3/runtime-verified/pairs/n27mE-browser.png,/home/agent/projects/cezar/.ai/cezar/worktrees/9ae05dcc-cc09-405c-9934-ab364076aa21/.ai/design-reference/iteration-3/design/n27mE.png
n27mE,S08. Global settings / Appearance · Desktop dark,settings ba089,Reading width,font-size,14px,16px,candidate difference: exact text match; inspect per-node context before changing,/home/agent/projects/cezar/.ai/cezar/worktrees/9ae05dcc-cc09-405c-9934-ab364076aa21/.ai/design-reference/iteration-3/runtime-verified/pairs/n27mE-browser.png,/home/agent/projects/cezar/.ai/cezar/worktrees/9ae05dcc-cc09-405c-9934-ab364076aa21/.ai/design-reference/iteration-3/design/n27mE.png
n27mE,S08. Global settings / Appearance · Desktop dark,settings ba089,Reading width,font-weight,600,400,candidate difference: exact text match; inspect per-node context before changing,/home/agent/projects/cezar/.ai/cezar/worktrees/9ae05dcc-cc09-405c-9934-ab364076aa21/.ai/design-reference/iteration-3/runtime-verified/pairs/n27mE-browser.png,/home/agent/projects/cezar/.ai/cezar/worktrees/9ae05dcc-cc09-405c-9934-ab364076aa21/.ai/design-reference/iteration-3/design/n27mE.png
n27mE,S08. Global settings / Appearance · Desktop dark,settings ba089,Reading width,line-height,20px,24px,candidate difference: exact text match; inspect per-node context before changing,/home/agent/projects/cezar/.ai/cezar/worktrees/9ae05dcc-cc09-405c-9934-ab364076aa21/.ai/design-reference/iteration-3/runtime-verified/pairs/n27mE-browser.png,/home/agent/projects/cezar/.ai/cezar/worktrees/9ae05dcc-cc09-405c-9934-ab364076aa21/.ai/design-reference/iteration-3/design/n27mE.png
n27mE,S08. Global settings / Appearance · Desktop dark,settings ba089,Narrow,font-size,13px,12px,candidate difference: exact text match; inspect per-node context before changing,/home/agent/projects/cezar/.ai/cezar/worktrees/9ae05dcc-cc09-405c-9934-ab364076aa21/.ai/design-reference/iteration-3/runtime-verified/pairs/n27mE-browser.png,/home/agent/projects/cezar/.ai/cezar/worktrees/9ae05dcc-cc09-405c-9934-ab364076aa21/.ai/design-reference/iteration-3/design/n27mE.png
n27mE,S08. Global settings / Appearance · Desktop dark,settings ba089,Wide,font-size,13px,12px,candidate difference: exact text match; inspect per-node context before changing,/home/agent/projects/cezar/.ai/cezar/worktrees/9ae05dcc-cc09-405c-9934-ab364076aa21/.ai/design-reference/iteration-3/runtime-verified/pairs/n27mE-browser.png,/home/agent/projects/cezar/.ai/cezar/worktrees/9ae05dcc-cc09-405c-9934-ab364076aa21/.ai/design-reference/iteration-3/design/n27mE.png
iI7Fo,S08. Global settings / Appearance · Mobile dark,settings ba089,Global settings,font-size,28px,25px,candidate difference: exact text match; inspect per-node context before changing,/home/agent/projects/cezar/.ai/cezar/worktrees/9ae05dcc-cc09-405c-9934-ab364076aa21/.ai/design-reference/iteration-3/runtime-verified/pairs/iI7Fo-browser.png,/home/agent/projects/cezar/.ai/cezar/worktrees/9ae05dcc-cc09-405c-9934-ab364076aa21/.ai/design-reference/iteration-3/design/iI7Fo.png
iI7Fo,S08. Global settings / Appearance · Mobile dark,settings ba089,Global settings,font-weight,600,400,candidate difference: exact text match; inspect per-node context before changing,/home/agent/projects/cezar/.ai/cezar/worktrees/9ae05dcc-cc09-405c-9934-ab364076aa21/.ai/design-reference/iteration-3/runtime-verified/pairs/iI7Fo-browser.png,/home/agent/projects/cezar/.ai/cezar/worktrees/9ae05dcc-cc09-405c-9934-ab364076aa21/.ai/design-reference/iteration-3/design/iI7Fo.png
iI7Fo,S08. Global settings / Appearance · Mobile dark,settings ba089,Global settings,line-height,42px,38px,candidate difference: exact text match; inspect per-node context before changing,/home/agent/projects/cezar/.ai/cezar/worktrees/9ae05dcc-cc09-405c-9934-ab364076aa21/.ai/design-reference/iteration-3/runtime-verified/pairs/iI7Fo-browser.png,/home/agent/projects/cezar/.ai/cezar/worktrees/9ae05dcc-cc09-405c-9934-ab364076aa21/.ai/design-reference/iteration-3/design/iI7Fo.png
iI7Fo,S08. Global settings / Appearance · Mobile dark,settings ba089,Appearance,font-size,20px,14px|22px,candidate difference: exact text match; inspect per-node context before changing,/home/agent/projects/cezar/.ai/cezar/worktrees/9ae05dcc-cc09-405c-9934-ab364076aa21/.ai/design-reference/iteration-3/runtime-verified/pairs/iI7Fo-browser.png,/home/agent/projects/cezar/.ai/cezar/worktrees/9ae05dcc-cc09-405c-9934-ab364076aa21/.ai/design-reference/iteration-3/design/iI7Fo.png
iI7Fo,S08. Global settings / Appearance · Mobile dark,settings ba089,Appearance,line-height,30px,21px|33px,candidate difference: exact text match; inspect per-node context before changing,/home/agent/projects/cezar/.ai/cezar/worktrees/9ae05dcc-cc09-405c-9934-ab364076aa21/.ai/design-reference/iteration-3/runtime-verified/pairs/iI7Fo-browser.png,/home/agent/projects/cezar/.ai/cezar/worktrees/9ae05dcc-cc09-405c-9934-ab364076aa21/.ai/design-reference/iteration-3/design/iI7Fo.png
iI7Fo,S08. Global settings / Appearance · Mobile dark,settings ba089,Theme,font-size,14px,16px,candidate difference: exact text match; inspect per-node context before changing,/home/agent/projects/cezar/.ai/cezar/worktrees/9ae05dcc-cc09-405c-9934-ab364076aa21/.ai/design-reference/iteration-3/runtime-verified/pairs/iI7Fo-browser.png,/home/agent/projects/cezar/.ai/cezar/worktrees/9ae05dcc-cc09-405c-9934-ab364076aa21/.ai/design-reference/iteration-3/design/iI7Fo.png
iI7Fo,S08. Global settings / Appearance · Mobile dark,settings ba089,Theme,font-weight,600,400,candidate difference: exact text match; inspect per-node context before changing,/home/agent/projects/cezar/.ai/cezar/worktrees/9ae05dcc-cc09-405c-9934-ab364076aa21/.ai/design-reference/iteration-3/runtime-verified/pairs/iI7Fo-browser.png,/home/agent/projects/cezar/.ai/cezar/worktrees/9ae05dcc-cc09-405c-9934-ab364076aa21/.ai/design-reference/iteration-3/design/iI7Fo.png
iI7Fo,S08. Global settings / Appearance · Mobile dark,settings ba089,Theme,line-height,20px,24px,candidate difference: exact text match; inspect per-node context before changing,/home/agent/projects/cezar/.ai/cezar/worktrees/9ae05dcc-cc09-405c-9934-ab364076aa21/.ai/design-reference/iteration-3/runtime-verified/pairs/iI7Fo-browser.png,/home/agent/projects/cezar/.ai/cezar/worktrees/9ae05dcc-cc09-405c-9934-ab364076aa21/.ai/design-reference/iteration-3/design/iI7Fo.png
iI7Fo,S08. Global settings / Appearance · Mobile dark,settings ba089,System,font-size,13px,12px,candidate difference: exact text match; inspect per-node context before changing,/home/agent/projects/cezar/.ai/cezar/worktrees/9ae05dcc-cc09-405c-9934-ab364076aa21/.ai/design-reference/iteration-3/runtime-verified/pairs/iI7Fo-browser.png,/home/agent/projects/cezar/.ai/cezar/worktrees/9ae05dcc-cc09-405c-9934-ab364076aa21/.ai/design-reference/iteration-3/design/iI7Fo.png
iI7Fo,S08. Global settings / Appearance · Mobile dark,settings ba089,Light,font-size,13px,12px,candidate difference: exact text match; inspect per-node context before changing,/home/agent/projects/cezar/.ai/cezar/worktrees/9ae05dcc-cc09-405c-9934-ab364076aa21/.ai/design-reference/iteration-3/runtime-verified/pairs/iI7Fo-browser.png,/home/agent/projects/cezar/.ai/cezar/worktrees/9ae05dcc-cc09-405c-9934-ab364076aa21/.ai/design-reference/iteration-3/design/iI7Fo.png
iI7Fo,S08. Global settings / Appearance · Mobile dark,settings ba089,Dark,font-size,13px,12px,candidate difference: exact text match; inspect per-node context before changing,/home/agent/projects/cezar/.ai/cezar/worktrees/9ae05dcc-cc09-405c-9934-ab364076aa21/.ai/design-reference/iteration-3/runtime-verified/pairs/iI7Fo-browser.png,/home/agent/projects/cezar/.ai/cezar/worktrees/9ae05dcc-cc09-405c-9934-ab364076aa21/.ai/design-reference/iteration-3/design/iI7Fo.png
iI7Fo,S08. Global settings / Appearance · Mobile dark,settings ba089,Density,font-size,14px,16px,candidate difference: exact text match; inspect per-node context before changing,/home/agent/projects/cezar/.ai/cezar/worktrees/9ae05dcc-cc09-405c-9934-ab364076aa21/.ai/design-reference/iteration-3/runtime-verified/pairs/iI7Fo-browser.png,/home/agent/projects/cezar/.ai/cezar/worktrees/9ae05dcc-cc09-405c-9934-ab364076aa21/.ai/design-reference/iteration-3/design/iI7Fo.png
iI7Fo,S08. Global settings / Appearance · Mobile dark,settings ba089,Density,font-weight,600,400,candidate difference: exact text match; inspect per-node context before changing,/home/agent/projects/cezar/.ai/cezar/worktrees/9ae05dcc-cc09-405c-9934-ab364076aa21/.ai/design-reference/iteration-3/runtime-verified/pairs/iI7Fo-browser.png,/home/agent/projects/cezar/.ai/cezar/worktrees/9ae05dcc-cc09-405c-9934-ab364076aa21/.ai/design-reference/iteration-3/design/iI7Fo.png
iI7Fo,S08. Global settings / Appearance · Mobile dark,settings ba089,Density,line-height,20px,24px,candidate difference: exact text match; inspect per-node context before changing,/home/agent/projects/cezar/.ai/cezar/worktrees/9ae05dcc-cc09-405c-9934-ab364076aa21/.ai/design-reference/iteration-3/runtime-verified/pairs/iI7Fo-browser.png,/home/agent/projects/cezar/.ai/cezar/worktrees/9ae05dcc-cc09-405c-9934-ab364076aa21/.ai/design-reference/iteration-3/design/iI7Fo.png
iI7Fo,S08. Global settings / Appearance · Mobile dark,settings ba089,Comfortable,font-size,13px,12px,candidate difference: exact text match; inspect per-node context before changing,/home/agent/projects/cezar/.ai/cezar/worktrees/9ae05dcc-cc09-405c-9934-ab364076aa21/.ai/design-reference/iteration-3/runtime-verified/pairs/iI7Fo-browser.png,/home/agent/projects/cezar/.ai/cezar/worktrees/9ae05dcc-cc09-405c-9934-ab364076aa21/.ai/design-reference/iteration-3/design/iI7Fo.png
iI7Fo,S08. Global settings / Appearance · Mobile dark,settings ba089,Compact,font-size,13px,12px,candidate difference: exact text match; inspect per-node context before changing,/home/agent/projects/cezar/.ai/cezar/worktrees/9ae05dcc-cc09-405c-9934-ab364076aa21/.ai/design-reference/iteration-3/runtime-verified/pairs/iI7Fo-browser.png,/home/agent/projects/cezar/.ai/cezar/worktrees/9ae05dcc-cc09-405c-9934-ab364076aa21/.ai/design-reference/iteration-3/design/iI7Fo.png
iI7Fo,S08. Global settings / Appearance · Mobile dark,settings ba089,Compact for real,font-size,13px,12px,candidate difference: exact text match; inspect per-node context before changing,/home/agent/projects/cezar/.ai/cezar/worktrees/9ae05dcc-cc09-405c-9934-ab364076aa21/.ai/design-reference/iteration-3/runtime-verified/pairs/iI7Fo-browser.png,/home/agent/projects/cezar/.ai/cezar/worktrees/9ae05dcc-cc09-405c-9934-ab364076aa21/.ai/design-reference/iteration-3/design/iI7Fo.png
iI7Fo,S08. Global settings / Appearance · Mobile dark,settings ba089,Reading width,font-size,14px,16px,candidate difference: exact text match; inspect per-node context before changing,/home/agent/projects/cezar/.ai/cezar/worktrees/9ae05dcc-cc09-405c-9934-ab364076aa21/.ai/design-reference/iteration-3/runtime-verified/pairs/iI7Fo-browser.png,/home/agent/projects/cezar/.ai/cezar/worktrees/9ae05dcc-cc09-405c-9934-ab364076aa21/.ai/design-reference/iteration-3/design/iI7Fo.png
iI7Fo,S08. Global settings / Appearance · Mobile dark,settings ba089,Reading width,font-weight,600,400,candidate difference: exact text match; inspect per-node context before changing,/home/agent/projects/cezar/.ai/cezar/worktrees/9ae05dcc-cc09-405c-9934-ab364076aa21/.ai/design-reference/iteration-3/runtime-verified/pairs/iI7Fo-browser.png,/home/agent/projects/cezar/.ai/cezar/worktrees/9ae05dcc-cc09-405c-9934-ab364076aa21/.ai/design-reference/iteration-3/design/iI7Fo.png
iI7Fo,S08. Global settings / Appearance · Mobile dark,settings ba089,Reading width,line-height,20px,24px,candidate difference: exact text match; inspect per-node context before changing,/home/agent/projects/cezar/.ai/cezar/worktrees/9ae05dcc-cc09-405c-9934-ab364076aa21/.ai/design-reference/iteration-3/runtime-verified/pairs/iI7Fo-browser.png,/home/agent/projects/cezar/.ai/cezar/worktrees/9ae05dcc-cc09-405c-9934-ab364076aa21/.ai/design-reference/iteration-3/design/iI7Fo.png
iI7Fo,S08. Global settings / Appearance · Mobile dark,settings ba089,Narrow,font-size,13px,12px,candidate difference: exact text match; inspect per-node context before changing,/home/agent/projects/cezar/.ai/cezar/worktrees/9ae05dcc-cc09-405c-9934-ab364076aa21/.ai/design-reference/iteration-3/runtime-verified/pairs/iI7Fo-browser.png,/home/agent/projects/cezar/.ai/cezar/worktrees/9ae05dcc-cc09-405c-9934-ab364076aa21/.ai/design-reference/iteration-3/design/iI7Fo.png
iI7Fo,S08. Global settings / Appearance · Mobile dark,settings ba089,Wide,font-size,13px,12px,candidate difference: exact text match; inspect per-node context before changing,/home/agent/projects/cezar/.ai/cezar/worktrees/9ae05dcc-cc09-405c-9934-ab364076aa21/.ai/design-reference/iteration-3/runtime-verified/pairs/iI7Fo-browser.png,/home/agent/projects/cezar/.ai/cezar/worktrees/9ae05dcc-cc09-405c-9934-ab364076aa21/.ai/design-reference/iteration-3/design/iI7Fo.png
pwW2r,19B. Inbox · Empty · Desktop light,tasks 445,"Follow-ups from your agents. Review the suggestion, then start a new task.",line-height,19.5px,20px,candidate difference: exact text match; inspect per-node context before changing,/home/agent/projects/cezar/.ai/cezar/worktrees/9ae05dcc-cc09-405c-9934-ab364076aa21/.ai/design-reference/iteration-3/runtime-verified/pairs/inbox-empty-light.png,/home/agent/projects/cezar/.ai/cezar/worktrees/9ae05dcc-cc09-405c-9934-ab364076aa21/.ai/design-reference/iteration-3/design/pwW2r.png
DZts9,19B. Inbox · Empty · Desktop dark,tasks 445,"Follow-ups from your agents. Review the suggestion, then start a new task.",line-height,19.5px,20px,candidate difference: exact text match; inspect per-node context before changing,/home/agent/projects/cezar/.ai/cezar/worktrees/9ae05dcc-cc09-405c-9934-ab364076aa21/.ai/design-reference/iteration-3/runtime-verified/pairs/inbox-empty-dark.png,/home/agent/projects/cezar/.ai/cezar/worktrees/9ae05dcc-cc09-405c-9934-ab364076aa21/.ai/design-reference/iteration-3/design/DZts9.png
